user_id,churned,churn_risk_score,risk_tier
R00000,0,0.4173677888064442,Medium
R00001,1,0.3566118702653594,Medium
R00002,1,0.37165724366947595,Medium
R00004,0,0.42522166928271965,Medium
R00005,0,0.459774296259401,Medium
R00006,0,0.499595509516026,Medium
R00007,0,0.35858380635199316,Medium
R00009,0,0.4314098153410638,Medium
R00010,0,0.3806584344392505,Medium
R00012,0,0.43294226762281307,Medium
R00013,0,0.4050194623916857,Medium
R00014,0,0.4449935534116062,Medium
R00015,0,0.3033948149063523,Medium
R00016,0,0.4342309381398929,Medium
R00017,0,0.3914759887687116,Medium
R00020,0,0.35441721131872955,Medium
R00021,0,0.3798398009596646,Medium
R00022,0,0.38022709650582853,Medium
R00023,0,0.3910799704330059,Medium
R00025,0,0.37697697106391337,Medium
R00026,0,0.4243851381513592,Medium
R00027,0,0.38165871337856383,Medium
R00029,0,0.3952531826620989,Medium
R00030,0,0.3977939199138043,Medium
R00031,0,0.44247323850079406,Medium
R00032,0,0.35812855678790045,Medium
R00033,0,0.41779351207551324,Medium
R00034,0,0.4016479313302449,Medium
R00035,0,0.35094436302392784,Medium
R00036,0,0.4177919510352103,Medium
R00037,0,0.4696898774133239,Medium
R00038,0,0.41392197030574585,Medium
R00039,1,0.4522268794782692,Medium
R00040,0,0.41121253769450006,Medium
R00041,0,0.39481857310861174,Medium
R00042,0,0.45094043175970705,Medium
R00043,0,0.38774999532638227,Medium
R00044,0,0.4811760546872985,Medium
R00045,0,0.37588388248366217,Medium
R00046,0,0.427694712926149,Medium
R00047,0,0.3802940168149832,Medium
R00048,1,0.538106506019988,High
R00049,0,0.39714562322764657,Medium
R00050,0,0.33632338847961885,Medium
R00051,0,0.423046982609216,Medium
R00052,1,0.55816392153671,High
R00053,0,0.4514681403312883,Medium
R00054,0,0.4233498698707898,Medium
R00055,1,0.4685929291681542,Medium
R00056,0,0.4390884955365748,Medium
R00058,0,0.39301183740639795,Medium
R00060,0,0.40406418590774507,Medium
R00061,0,0.49577186149344965,Medium
R00062,0,0.44857455866984197,Medium
R00064,0,0.32351394768960334,Medium
R00065,0,0.4529897645102851,Medium
R00066,0,0.4418814882163958,Medium
R00067,0,0.4650370759738837,Medium
R00068,0,0.3157182556020506,Medium
R00069,0,0.401539351457119,Medium
R00070,0,0.38735586741259564,Medium
R00071,0,0.43754769780918834,Medium
R00072,0,0.4431065903862772,Medium
R00073,0,0.3827134385534637,Medium
R00074,0,0.283825642446741,Low
R00075,1,0.458860624475382,Medium
R00077,0,0.41752511333599995,Medium
R00078,0,0.4334560202000326,Medium
R00079,1,0.5449660472331511,High
R00080,0,0.41266066271476537,Medium
R00081,0,0.4252327880853482,Medium
R00082,0,0.45227804181152137,Medium
R00083,0,0.38786703453249693,Medium
R00084,0,0.3318155343194939,Medium
R00085,0,0.41990307156610057,Medium
R00086,0,0.39995169934956964,Medium
R00087,1,0.42982387191150906,Medium
R00088,0,0.4283863700959877,Medium
R00089,0,0.37088037020240505,Medium
R00090,0,0.42253246459827304,Medium
R00091,0,0.5035769674787232,High
R00092,0,0.399795893320486,Medium
R00093,0,0.38429107770084964,Medium
R00094,0,0.3602058453234436,Medium
R00095,0,0.44572875208442925,Medium
R00096,0,0.42693486770325295,Medium
R00097,0,0.509230332552814,High
R00098,0,0.3847289770782176,Medium
R00099,1,0.5365260233720663,High
R00100,0,0.4310727389666026,Medium
R00101,0,0.4209555414518908,Medium
R00102,0,0.42205911320490713,Medium
R00104,0,0.4111737003914639,Medium
R00105,0,0.39813968492136126,Medium
R00106,0,0.43459603358362314,Medium
R00108,0,0.3727034013194054,Medium
R00109,0,0.4189045509393208,Medium
R00110,0,0.40897349727290405,Medium
R00111,0,0.37519157977585665,Medium
R00112,0,0.48185399717320465,Medium
R00113,0,0.390308208228567,Medium
R00114,0,0.3042838600183461,Medium
R00115,0,0.3116508920303278,Medium
R00116,0,0.4500428417327668,Medium
R00117,0,0.4104293227221788,Medium
R00118,0,0.3457368843142693,Medium
R00119,0,0.38373725219492194,Medium
R00120,0,0.33871281191966396,Medium
R00121,0,0.4192891826549973,Medium
R00122,0,0.45674743661463796,Medium
R00123,0,0.45918689917082434,Medium
R00124,0,0.39371899012051687,Medium
R00125,0,0.4146333464880222,Medium
R00126,0,0.44562094531974844,Medium
R00127,0,0.42845303364044246,Medium
R00128,0,0.38377852648697297,Medium
R00129,0,0.3856929124257512,Medium
R00130,0,0.4246356340186126,Medium
R00131,0,0.38650101041388674,Medium
R00132,0,0.459082564793074,Medium
R00133,0,0.4178705534684578,Medium
R00134,1,0.5432896713186498,High
R00135,0,0.39366997423768907,Medium
R00136,0,0.40354683258277796,Medium
R00137,0,0.3981456073245175,Medium
R00138,0,0.44960790187736666,Medium
R00139,0,0.40835283065469385,Medium
R00140,0,0.4129289083988777,Medium
R00141,0,0.44407885043714296,Medium
R00142,0,0.3861680868048248,Medium
R00144,0,0.38346414535007306,Medium
R00145,1,0.34917281473834366,Medium
R00146,0,0.441126871927341,Medium
R00147,1,0.4527504028497657,Medium
R00148,0,0.38675872430845787,Medium
R00149,0,0.4552846138239527,Medium
R00150,0,0.38320626645254613,Medium
R00151,0,0.37517891526795827,Medium
R00152,0,0.4519036632358054,Medium
R00153,0,0.4282626918146629,Medium
R00154,0,0.436876911521901,Medium
R00155,0,0.4259740022865396,Medium
R00157,1,0.48157905158140063,Medium
R00158,0,0.38836033454533486,Medium
R00159,1,0.5029785456138133,High
R00160,0,0.5095560870111282,High
R00162,0,0.3389438301710488,Medium
R00163,0,0.41513763168412054,Medium
R00164,1,0.4618530274644327,Medium
R00165,0,0.4009135524860137,Medium
R00166,0,0.42713375041192675,Medium
R00167,1,0.4680210112845883,Medium
R00168,0,0.4290748126369192,Medium
R00169,0,0.41365040225776684,Medium
R00170,0,0.39448539864441207,Medium
R00171,0,0.3645292928210695,Medium
R00172,0,0.41552871471599495,Medium
R00173,0,0.39312550230613624,Medium
R00174,0,0.40977481639553576,Medium
R00175,1,0.5330306717780423,High
R00176,1,0.5038768671502529,High
R00177,0,0.3586833101694394,Medium
R00178,0,0.4213077930086068,Medium
R00179,0,0.4519783464781474,Medium
R00180,0,0.3985819536457243,Medium
R00182,0,0.39832678139683403,Medium
R00183,0,0.3886586938630615,Medium
R00184,0,0.402391345333525,Medium
R00185,0,0.39476148964838614,Medium
R00186,0,0.33984531030159937,Medium
R00187,0,0.4991721525829454,Medium
R00188,0,0.3464234199975607,Medium
R00190,0,0.4321129513472756,Medium
R00191,0,0.40666354552375816,Medium
R00192,0,0.3409586604370102,Medium
R00193,0,0.29279950201677535,Low
R00195,1,0.546296277926757,High
R00196,0,0.4841962927542189,Medium
R00197,0,0.4217880734484528,Medium
R00198,0,0.533008875711183,High
R00200,0,0.45541260424401747,Medium
R00201,0,0.36122744152843866,Medium
R00202,0,0.44636669335008455,Medium
R00203,0,0.367892642690885,Medium
R00204,0,0.4443487557562876,Medium
R00205,0,0.4345704613656072,Medium
R00206,0,0.4404951694798385,Medium
R00207,0,0.45156454094621035,Medium
R00208,0,0.4497655770052705,Medium
R00209,0,0.3912723775650099,Medium
R00210,0,0.4075291708474774,Medium
R00211,0,0.38269075451709855,Medium
R00212,0,0.4300530494644576,Medium
R00213,1,0.41638520999914547,Medium
R00215,0,0.42845950769062746,Medium
R00216,0,0.4497024975923509,Medium
R00217,0,0.3439825791547762,Medium
R00218,0,0.38150785167975515,Medium
R00219,1,0.5114076554305693,High
R00220,1,0.5083647636432108,High
R00221,0,0.35557269482702253,Medium
R00222,0,0.43288764552392034,Medium
R00223,0,0.46466513785899255,Medium
R00224,0,0.30905641164703984,Medium
R00225,0,0.37459425637267046,Medium
R00227,0,0.37139846670312404,Medium
R00228,0,0.38629298843844917,Medium
R00229,0,0.32417075502082937,Medium
R00230,0,0.4182673465059359,Medium
R00231,0,0.4305378107408659,Medium
R00232,0,0.3558568326968043,Medium
R00233,0,0.4494746627914838,Medium
R00234,0,0.44284434094550545,Medium
R00235,0,0.4224073451869588,Medium
R00236,0,0.4020232154610289,Medium
R00237,0,0.37545369388708866,Medium
R00238,0,0.4405227781193788,Medium
R00239,0,0.3541635182352222,Medium
R00240,0,0.36666701182584527,Medium
R00241,0,0.45602249675127327,Medium
R00242,0,0.44355451207951213,Medium
R00243,0,0.4540371654278782,Medium
R00244,0,0.4552218398831991,Medium
R00245,0,0.36308512549692634,Medium
R00246,0,0.4233976165211619,Medium
R00247,1,0.5211866776752508,High
R00249,0,0.4142604417156901,Medium
R00250,0,0.46406221972974315,Medium
R00251,0,0.3687910691236974,Medium
R00252,0,0.4345540311663414,Medium
R00253,0,0.5140198624223244,High
R00254,0,0.40596698606126497,Medium
R00255,0,0.4463548359304972,Medium
R00256,0,0.3955030032752748,Medium
R00257,0,0.32077986509251877,Medium
R00258,0,0.40824940809549437,Medium
R00259,0,0.4258141004878981,Medium
R00260,0,0.4438051840366651,Medium
R00261,0,0.3414231518314264,Medium
R00262,0,0.36798546536974025,Medium
R00263,0,0.4361288595109899,Medium
R00264,0,0.34047513141278496,Medium
R00265,0,0.39213371647289647,Medium
R00266,0,0.4321298014219734,Medium
R00267,0,0.43965433785166064,Medium
R00268,0,0.4061184374539634,Medium
R00269,0,0.38554086182505043,Medium
R00270,0,0.42996085800065953,Medium
R00271,0,0.28390841123411287,Low
R00272,0,0.37377261742035606,Medium
R00274,0,0.4205680907109955,Medium
R00275,0,0.37759859866947976,Medium
R00276,0,0.40299854452201006,Medium
R00278,0,0.4024611163275895,Medium
R00279,0,0.4228256628645605,Medium
R00280,0,0.480169506196996,Medium
R00281,0,0.4481607147716812,Medium
R00282,0,0.42949866261904474,Medium
R00283,0,0.4343732352540431,Medium
R00284,0,0.3480850129566367,Medium
R00285,0,0.39677950569075543,Medium
R00286,0,0.4522299761443012,Medium
R00287,0,0.42475398971326916,Medium
R00288,0,0.42285792809785305,Medium
R00289,0,0.43076220381543784,Medium
R00290,0,0.3706736375030666,Medium
R00291,0,0.46348646533637156,Medium
R00292,0,0.4148379355858698,Medium
R00293,0,0.40697783845444696,Medium
R00295,0,0.41637547717522433,Medium
R00296,0,0.4408923266604144,Medium
R00298,0,0.4211503970957962,Medium
R00299,0,0.42337076661378026,Medium
R00300,0,0.44391530170109755,Medium
R00301,0,0.42368319603838045,Medium
R00302,0,0.4211621237224227,Medium
R00303,0,0.355011060527532,Medium
R00304,0,0.4229607363960644,Medium
R00305,0,0.4414408484167627,Medium
R00306,0,0.3847298118144253,Medium
R00307,0,0.39776263073596907,Medium
R00308,0,0.2904662751416141,Low
R00309,0,0.39609130595309394,Medium
R00310,0,0.3934591400949526,Medium
R00311,0,0.4448508302323624,Medium
R00312,0,0.3823588090275994,Medium
R00313,1,0.5185896328337386,High
R00315,0,0.32095430103562306,Medium
R00316,0,0.43213115184937634,Medium
R00317,0,0.437038042330639,Medium
R00318,1,0.4798588213728446,Medium
R00319,0,0.4514462109406135,Medium
R00320,0,0.35930777969385885,Medium
R00321,0,0.476011257857857,Medium
R00322,1,0.480810853078856,Medium
R00324,0,0.3134901380895872,Medium
R00325,1,0.330887433020499,Medium
R00327,1,0.3890984028563061,Medium
R00328,0,0.4776123219549444,Medium
R00329,0,0.37733354042908096,Medium
R00331,0,0.36326127455315915,Medium
R00332,1,0.5627573062601506,High
R00333,0,0.414842105173955,Medium
R00334,0,0.4439263145582849,Medium
R00335,0,0.4423150767988254,Medium
R00336,0,0.4004970717393578,Medium
R00337,0,0.38330804832136744,Medium
R00338,0,0.3644449977899012,Medium
R00339,0,0.41349111896649016,Medium
R00340,0,0.5400812820382843,High
R00341,0,0.3829884921743261,Medium
R00342,0,0.3647062772339018,Medium
R00343,0,0.4625672783138136,Medium
R00344,0,0.45167980804608626,Medium
R00345,0,0.38053495053232717,Medium
R00347,0,0.3816088846095477,Medium
R00348,1,0.5141140046620251,High
R00349,0,0.3955515530815204,Medium
R00350,0,0.4576620190991644,Medium
R00351,0,0.43035153390609127,Medium
R00352,0,0.3382008122883308,Medium
R00353,0,0.35576071367363665,Medium
R00354,0,0.3575856657481464,Medium
R00355,0,0.40887665462469686,Medium
R00356,0,0.3444211404715655,Medium
R00357,0,0.37274737981303374,Medium
R00358,0,0.37990266524866767,Medium
R00359,1,0.4758636868163877,Medium
R00360,1,0.5240767214612265,High
R00361,0,0.4131128643198174,Medium
R00362,0,0.36063052031359527,Medium
R00363,0,0.3933989868019042,Medium
R00364,0,0.3996524617689898,Medium
R00365,0,0.3785395033959223,Medium
R00367,0,0.2919611413503129,Low
R00368,0,0.44966503771965605,Medium
R00369,0,0.4430096698177614,Medium
R00370,0,0.4323128330608204,Medium
R00371,0,0.3841852629581652,Medium
R00372,0,0.36899916943046535,Medium
R00373,0,0.38021871705441046,Medium
R00375,0,0.30383181185725916,Medium
R00376,0,0.33355040928575397,Medium
R00377,0,0.42403637084960394,Medium
R00378,0,0.4192472031960747,Medium
R00379,0,0.4218800285973627,Medium
R00380,0,0.41133051174726193,Medium
R00381,0,0.424445160782439,Medium
R00382,0,0.30262988674987945,Medium
R00383,1,0.5538020159465297,High
R00384,0,0.3699205688301335,Medium
R00385,0,0.3986031780792922,Medium
R00386,0,0.37948324873757777,Medium
R00387,0,0.3598318541777513,Medium
R00388,0,0.39441876394358905,Medium
R00389,0,0.42684518321918896,Medium
R00390,0,0.3671228304061057,Medium
R00391,0,0.4331946971372727,Medium
R00392,0,0.266385450848045,Low
R00393,0,0.43963944120045306,Medium
R00394,0,0.3980371878229043,Medium
R00395,0,0.5130052174593516,High
R00396,0,0.35251400864001975,Medium
R00398,0,0.40850595943060186,Medium
R00399,0,0.3424831312139115,Medium
R00400,0,0.411468022245814,Medium
R00401,0,0.5313194373619101,High
R00402,0,0.4447955427521751,Medium
R00403,0,0.4227060422586827,Medium
R00404,0,0.3553616244465874,Medium
R00405,0,0.39669649649451844,Medium
R00406,0,0.5035880045278904,High
R00407,0,0.3974036567969997,Medium
R00408,0,0.42800240865734873,Medium
R00409,0,0.3672714754465139,Medium
R00410,0,0.4215636113178885,Medium
R00411,0,0.3831483613894072,Medium
R00412,0,0.4088640348163427,Medium
R00413,0,0.41070175657981906,Medium
R00414,0,0.4404683058787519,Medium
R00415,0,0.4410298416315752,Medium
R00416,0,0.40369073411909917,Medium
R00418,0,0.36468741371721153,Medium
R00419,0,0.3834785890811844,Medium
R00421,0,0.3729743606412726,Medium
R00422,0,0.3202019075140192,Medium
R00423,0,0.5130784922321091,High
R00424,0,0.42174895534519924,Medium
R00425,0,0.4143494070316405,Medium
R00427,0,0.4090498227104265,Medium
R00429,0,0.39989138513522116,Medium
R00431,0,0.45365599551339586,Medium
R00432,0,0.46133317022817577,Medium
R00433,0,0.4525142681219825,Medium
R00434,1,0.5003563871905153,High
R00436,0,0.37734239108713047,Medium
R00437,0,0.3979663690296138,Medium
R00438,0,0.4467696905421748,Medium
R00439,0,0.44109393909511196,Medium
R00440,1,0.4117679133182222,Medium
R00441,0,0.38436907734824877,Medium
R00442,0,0.3762401487361792,Medium
R00443,0,0.3547162318300272,Medium
R00444,0,0.3571286183350888,Medium
R00445,0,0.43827848291996346,Medium
R00446,0,0.4265324687326921,Medium
R00447,0,0.33023623260529283,Medium
R00448,1,0.4877705267260425,Medium
R00449,0,0.49792085028510485,Medium
R00451,0,0.32405516764184944,Medium
R00452,0,0.42134246279591386,Medium
R00453,0,0.3815344613274742,Medium
R00454,0,0.4324165505974473,Medium
R00455,0,0.3982318388716586,Medium
R00456,1,0.5010867676280575,High
R00457,0,0.3421454040980063,Medium
R00458,0,0.39511566451154456,Medium
R00459,0,0.37484096979104814,Medium
R00460,0,0.3692593263002015,Medium
R00461,0,0.28720363032245144,Low
R00462,1,0.38903663484405476,Medium
R00463,0,0.4163692930431327,Medium
R00464,0,0.38173406244783903,Medium
R00465,0,0.4215003637342616,Medium
R00466,0,0.367207237239909,Medium
R00467,0,0.3509658850222543,Medium
R00468,0,0.39712222019040033,Medium
R00469,0,0.4300286542610939,Medium
R00470,0,0.42137752285816255,Medium
R00471,0,0.39577552362287216,Medium
R00472,0,0.46736025264966286,Medium
R00473,0,0.39774513189187255,Medium
R00475,0,0.37881414450788065,Medium
R00476,1,0.573781424729907,High
R00479,0,0.4092353247102981,Medium
R00480,0,0.39994829582716784,Medium
R00481,1,0.5694275234503102,High
R00482,0,0.41048386050367164,Medium
R00483,0,0.3985112425068932,Medium
R00484,0,0.3855315379278761,Medium
R00487,0,0.4181843494494232,Medium
R00488,0,0.4109330773517662,Medium
R00489,0,0.3888146205131639,Medium
R00490,0,0.43991603709538674,Medium
R00491,0,0.3709354089015537,Medium
R00494,0,0.3898895377655714,Medium
R00495,0,0.353170329356176,Medium
R00496,0,0.42476646555645375,Medium
R00497,0,0.4198845418960375,Medium
R00498,1,0.5472058108489337,High
R00499,0,0.3636838034380123,Medium
R00501,0,0.3616500739899081,Medium
R00503,0,0.3824628707717943,Medium
R00504,1,0.5444702635755785,High
R00505,0,0.5341565404878164,High
R00506,0,0.37479696715080224,Medium
R00507,0,0.3734732566119414,Medium
R00508,0,0.4158314771903675,Medium
R00509,0,0.34774609360563163,Medium
R00510,0,0.4459570393412649,Medium
R00511,0,0.3416766931862526,Medium
R00512,0,0.3368279273704616,Medium
R00513,0,0.3699809591825619,Medium
R00514,0,0.43828790779990046,Medium
R00515,0,0.40837480365059337,Medium
R00518,0,0.44771625679480925,Medium
R00519,0,0.4143090417035536,Medium
R00520,0,0.3264692765552369,Medium
R00521,0,0.2935985553222214,Low
R00522,1,0.518841344585802,High
R00523,1,0.5403052796690958,High
R00524,0,0.3778549877478743,Medium
R00525,0,0.3560053386320739,Medium
R00526,0,0.38791094824526234,Medium
R00528,0,0.39806048295278423,Medium
R00529,0,0.3909616234182328,Medium
R00530,1,0.46909597880143683,Medium
R00531,0,0.4052719799313262,Medium
R00532,0,0.3533987106147819,Medium
R00533,0,0.3999429060538083,Medium
R00534,0,0.3654428312772459,Medium
R00535,0,0.42610643380419155,Medium
R00536,0,0.4284471561602735,Medium
R00537,0,0.40735518148590466,Medium
R00538,0,0.35648736702526884,Medium
R00539,0,0.4384457243026613,Medium
R00541,0,0.4707903157763038,Medium
R00542,0,0.4041029918088336,Medium
R00543,0,0.3832003092040485,Medium
R00544,0,0.4470245107084437,Medium
R00545,0,0.44274125726292984,Medium
R00546,1,0.5199054438469374,High
R00547,0,0.4302316111969329,Medium
R00548,0,0.38512472142610205,Medium
R00549,0,0.42859309679034496,Medium
R00550,0,0.3286385066967849,Medium
R00551,0,0.3036547278210252,Medium
R00552,0,0.4195696355038293,Medium
R00553,0,0.32944446292148954,Medium
R00554,1,0.4922622744961283,Medium
R00555,0,0.3335515505813952,Medium
R00556,1,0.3982962471240175,Medium
R00557,0,0.37816230796640554,Medium
R00558,0,0.3377263394628457,Medium
R00559,1,0.5811976934530431,High
R00560,0,0.44191110618832125,Medium
R00561,0,0.4457902836936424,Medium
R00562,0,0.4309476783688956,Medium
R00563,0,0.47275739410831186,Medium
R00564,0,0.39763862440268594,Medium
R00565,0,0.36921485668188203,Medium
R00566,0,0.3768755173679152,Medium
R00567,0,0.3165788483524923,Medium
R00568,0,0.41324818821492487,Medium
R00570,0,0.39162125061924863,Medium
R00571,0,0.42105582247067225,Medium
R00572,1,0.5633197772105166,High
R00573,0,0.4401661233011758,Medium
R00574,0,0.5378268618602783,High
R00575,0,0.4041937129733163,Medium
R00577,0,0.4021449042324025,Medium
R00578,0,0.41886770188278183,Medium
R00579,0,0.4188911613250441,Medium
R00580,0,0.44859279683193803,Medium
R00582,0,0.3725440718363828,Medium
R00583,0,0.46310853980827593,Medium
R00584,0,0.4071572578838357,Medium
R00585,0,0.39083667356151464,Medium
R00586,0,0.40738484419571014,Medium
R00587,0,0.4195602592187718,Medium
R00588,0,0.3642246322929173,Medium
R00589,1,0.6307804561877776,High
R00590,0,0.44393281769162,Medium
R00591,0,0.40656161199003743,Medium
R00592,0,0.383651440489416,Medium
R00593,0,0.41568569319611437,Medium
R00594,1,0.4886473952515326,Medium
R00595,0,0.3292820155818863,Medium
R00596,0,0.40579679287585035,Medium
R00597,1,0.5174406610788698,High
R00598,0,0.4502952110856975,Medium
R00599,0,0.42294710822736337,Medium
R00600,0,0.4483485607075634,Medium
R00601,0,0.3991359874079532,Medium
R00602,0,0.4024670484299376,Medium
R00604,1,0.5243065477982429,High
R00605,0,0.33220615166024703,Medium
R00606,0,0.390073461141896,Medium
R00607,0,0.3958259292037167,Medium
R00608,0,0.35378331151831993,Medium
R00609,0,0.49100351991077645,Medium
R00610,0,0.33164727432471236,Medium
R00611,0,0.34482477180560317,Medium
R00612,0,0.4168809283452423,Medium
R00613,0,0.39114022615509747,Medium
R00614,0,0.40717390927477987,Medium
R00615,0,0.37073918232613634,Medium
R00616,0,0.45235331218226926,Medium
R00617,0,0.3783625697533106,Medium
R00618,0,0.38238982642311453,Medium
R00620,1,0.48873498832579915,Medium
R00621,0,0.4243577514436202,Medium
R00622,1,0.4916094675191806,Medium
R00623,0,0.4542801784882436,Medium
R00624,0,0.42283350839781036,Medium
R00625,1,0.4967385810775755,Medium
R00626,0,0.40207369545630667,Medium
R00627,0,0.4081628269191675,Medium
R00628,1,0.4166418433343208,Medium
R00629,0,0.4453001766131874,Medium
R00630,1,0.48777958797573767,Medium
R00631,0,0.3965184193695685,Medium
R00632,0,0.42601828112201645,Medium
R00633,0,0.4737968985978085,Medium
R00634,0,0.42734366282039277,Medium
R00636,1,0.5263697820082293,High
R00637,0,0.4144782491584833,Medium
R00638,0,0.4050103427812566,Medium
R00639,0,0.42065172458880407,Medium
R00640,0,0.34308538330242855,Medium
R00641,0,0.3818384578128536,Medium
R00642,0,0.4810222063960516,Medium
R00643,0,0.4373933059295761,Medium
R00644,0,0.32349376658772144,Medium
R00645,0,0.4099818965457511,Medium
R00646,0,0.42824032137418927,Medium
R00647,0,0.476518171996023,Medium
R00648,0,0.4207033004028026,Medium
R00649,0,0.4939424831216342,Medium
R00651,0,0.33291677269855297,Medium
R00652,0,0.3883052442076109,Medium
R00653,0,0.402132034037809,Medium
R00654,0,0.3440977208863365,Medium
R00655,0,0.45532647550884214,Medium
R00656,0,0.42135573510641366,Medium
R00657,0,0.4146705838840154,Medium
R00658,0,0.3564875995037916,Medium
R00659,1,0.4402312002051411,Medium
R00660,0,0.3784203489670647,Medium
R00661,0,0.3712681627825266,Medium
R00662,0,0.35037411968973947,Medium
R00663,0,0.35104249906619245,Medium
R00665,0,0.3677078564466801,Medium
R00666,0,0.414651075535238,Medium
R00667,0,0.41948925279428145,Medium
R00668,0,0.3008508591147871,Medium
R00669,0,0.5312057696681124,High
R00670,0,0.39733424723456556,Medium
R00672,0,0.38450701891626404,Medium
R00673,0,0.3735178812730571,Medium
R00674,0,0.3253381416084606,Medium
R00675,0,0.3630235177203063,Medium
R00676,0,0.4297528706924068,Medium
R00677,0,0.38735751534726154,Medium
R00678,0,0.442301221243133,Medium
R00679,0,0.4509831688107138,Medium
R00680,0,0.3388627973626793,Medium
R00681,0,0.3616994690644772,Medium
R00682,1,0.4683299764458399,Medium
R00683,0,0.3309932771174154,Medium
R00684,0,0.4031172259813671,Medium
R00685,0,0.3762983097822581,Medium
R00686,0,0.36124514635709454,Medium
R00687,0,0.42256403578177854,Medium
R00688,0,0.4394059004150836,Medium
R00689,0,0.41978406101993876,Medium
R00691,0,0.3912257939881714,Medium
R00692,1,0.5576797116210258,High
R00693,0,0.42422484986072184,Medium
R00694,0,0.44060291097580206,Medium
R00695,0,0.3798350931767977,Medium
R00696,0,0.42472106662369724,Medium
R00697,0,0.4184782682240726,Medium
R00698,0,0.45707613820673115,Medium
R00699,0,0.36387927405209347,Medium
R00700,0,0.4749246274658012,Medium
R00701,1,0.5216550272830386,High
R00703,0,0.3356909976846441,Medium
R00704,0,0.34454500561511425,Medium
R00705,0,0.42567027768583765,Medium
R00706,1,0.344265798160287,Medium
R00708,0,0.3241394894553556,Medium
R00709,1,0.5457984692439903,High
R00710,0,0.41019548252253385,Medium
R00711,0,0.356962219800592,Medium
R00712,0,0.4227558689609723,Medium
R00713,0,0.3426065641388212,Medium
R00714,0,0.43781259154000085,Medium
R00715,0,0.44474874614430654,Medium
R00716,0,0.3991620660174521,Medium
R00717,0,0.3792568454726316,Medium
R00718,0,0.4425214445473008,Medium
R00719,0,0.3671972135236078,Medium
R00720,0,0.41813944886328924,Medium
R00721,0,0.44750889413296346,Medium
R00722,0,0.42803047689193924,Medium
R00723,0,0.4080212901467217,Medium
R00724,0,0.41353834775043724,Medium
R00725,0,0.41556680375123034,Medium
R00726,0,0.45313851080979317,Medium
R00727,0,0.3609955023158735,Medium
R00729,1,0.4164366656335673,Medium
R00730,0,0.40555188146540194,Medium
R00731,0,0.4165814250281965,Medium
R00732,0,0.4643247097366264,Medium
R00733,0,0.4040351969483693,Medium
R00734,0,0.2734530972341365,Low
R00735,0,0.5739214865148413,High
R00737,0,0.44790337214434833,Medium
R00739,0,0.4169570965683678,Medium
R00740,0,0.39014817027469795,Medium
R00741,0,0.3045405810812034,Medium
R00742,0,0.34126860278595283,Medium
R00743,0,0.4414751588356575,Medium
R00744,1,0.40286983287885747,Medium
R00745,0,0.3975334940093713,Medium
R00746,0,0.2979522696061275,Low
R00747,0,0.44547032842692624,Medium
R00749,0,0.4701597225830239,Medium
R00750,0,0.4378779878328143,Medium
R00751,0,0.31782742383610246,Medium
R00752,0,0.30094800309659403,Medium
R00753,0,0.4208595380751337,Medium
R00754,0,0.4958821379929932,Medium
R00755,0,0.3799096656574436,Medium
R00756,0,0.3936678717661225,Medium
R00757,1,0.5263178058406887,High
R00758,0,0.38272769780920995,Medium
R00759,0,0.3577273508981938,Medium
R00760,0,0.335106823677908,Medium
R00761,0,0.2588554710780351,Low
R00762,0,0.4534232136397365,Medium
R00764,0,0.3834488361485555,Medium
R00765,0,0.3941373623494193,Medium
R00766,0,0.41961645143629783,Medium
R00767,0,0.35787751740790213,Medium
R00768,0,0.42304144483456113,Medium
R00769,0,0.4208629114894437,Medium
R00770,0,0.39897966893569525,Medium
R00771,0,0.47727621562237593,Medium
R00772,0,0.4623300447352051,Medium
R00773,0,0.4415073067090921,Medium
R00774,1,0.5009814852674738,High
R00775,1,0.5058791471482594,High
R00776,0,0.34848823524102135,Medium
R00777,1,0.34209278550768046,Medium
R00778,0,0.44357413181358163,Medium
R00779,0,0.3800674543485133,Medium
R00780,0,0.3712390418420396,Medium
R00781,0,0.4027608819372383,Medium
R00782,0,0.39949575520679537,Medium
R00783,0,0.47137153848247465,Medium
R00784,1,0.42644831998091554,Medium
R00785,0,0.38822194566454543,Medium
R00786,0,0.3331593565437096,Medium
R00787,0,0.42498465061843615,Medium
R00788,0,0.40262238599229067,Medium
R00790,1,0.3390198466278057,Medium
R00791,0,0.3856675420361475,Medium
R00792,0,0.41068174941561864,Medium
R00793,0,0.4658334541311342,Medium
R00794,0,0.391977574013494,Medium
R00795,0,0.46547333877269187,Medium
R00796,0,0.4261869588092991,Medium
R00797,0,0.4265148181683809,Medium
R00798,0,0.3912470044029794,Medium
R00799,0,0.40622230129658926,Medium
R00800,0,0.3705166392677263,Medium
R00801,1,0.48913519915741965,Medium
R00802,0,0.4419715996044885,Medium
R00803,0,0.4651202462580152,Medium
R00804,0,0.42237486043607647,Medium
R00805,0,0.385264299449792,Medium
R00806,0,0.4187070301078108,Medium
R00807,0,0.42068923839695116,Medium
R00808,0,0.37555906669106276,Medium
R00809,0,0.4053399417125199,Medium
R00810,0,0.39993988661726637,Medium
R00811,0,0.42531993486365416,Medium
R00812,0,0.42739428154019293,Medium
R00813,0,0.3848843208514311,Medium
R00814,0,0.40243371594846605,Medium
R00815,0,0.39015060620481257,Medium
R00816,0,0.46294137353419595,Medium
R00817,0,0.3963636642077606,Medium
R00818,0,0.47161600775427154,Medium
R00819,0,0.437742192007158,Medium
R00820,0,0.41977651060760546,Medium
R00821,0,0.3532826978284114,Medium
R00822,0,0.36942294646419876,Medium
R00824,0,0.38807876424648696,Medium
R00826,0,0.3899460271023942,Medium
R00827,0,0.3445686946681035,Medium
R00829,0,0.36903013079244124,Medium
R00830,0,0.3700102900750787,Medium
R00831,0,0.3790350991481601,Medium
R00832,0,0.40799979020048527,Medium
R00833,0,0.3927973250826938,Medium
R00834,0,0.3215354668182474,Medium
R00835,0,0.388496303442174,Medium
R00836,0,0.40478345694058715,Medium
R00837,1,0.4984790814160595,Medium
R00838,0,0.42257704239931165,Medium
R00839,0,0.4118634794141768,Medium
R00841,0,0.4638032143631706,Medium
R00842,0,0.4216756804383532,Medium
R00843,0,0.3663383431908689,Medium
R00844,0,0.35104832144525533,Medium
R00845,0,0.3514733486278761,Medium
R00846,0,0.41069526291874425,Medium
R00847,0,0.44475607673668216,Medium
R00848,0,0.41911925098900304,Medium
R00849,0,0.38342542308080446,Medium
R00850,0,0.4746283858954223,Medium
R00851,0,0.3801241841429929,Medium
R00852,0,0.3994234824599524,Medium
R00853,0,0.3751959827960286,Medium
R00854,1,0.4940183742994919,Medium
R00855,0,0.34787799209173764,Medium
R00856,0,0.4268015409649717,Medium
R00857,0,0.35349477105590826,Medium
R00858,0,0.3875118999242446,Medium
R00859,0,0.3912082039298954,Medium
R00860,0,0.34709490394775516,Medium
R00861,0,0.35010935922609804,Medium
R00862,0,0.4232527469514464,Medium
R00863,0,0.40858934778658834,Medium
R00864,0,0.41733005751114827,Medium
R00866,1,0.6077563785674844,High
R00867,1,0.5339320702070295,High
R00868,1,0.510456482703188,High
R00869,0,0.3022255151980232,Medium
R00870,0,0.2843093072465934,Low
R00871,0,0.4064280148109854,Medium
R00872,0,0.39246593058469686,Medium
R00873,0,0.4099427430782782,Medium
R00874,0,0.46853511894978206,Medium
R00875,0,0.4587303907803142,Medium
R00876,1,0.49625389714617735,Medium
R00877,0,0.4368148161139448,Medium
R00878,0,0.359396551686519,Medium
R00879,0,0.3260821427866466,Medium
R00880,0,0.48745338245552966,Medium
R00881,0,0.43445299853283875,Medium
R00882,0,0.432138461876202,Medium
R00883,0,0.3439742814633576,Medium
R00884,0,0.43098980573699386,Medium
R00885,0,0.4126682216896097,Medium
R00886,0,0.3980027161084409,Medium
R00887,0,0.3492552831074382,Medium
R00888,0,0.4285090677284654,Medium
R00889,0,0.33001631862953923,Medium
R00890,0,0.41992729060563094,Medium
R00891,0,0.3858502195119373,Medium
R00892,1,0.48745674113690335,Medium
R00895,0,0.4778196114824346,Medium
R00896,0,0.3451476860681726,Medium
R00897,1,0.5508308178459219,High
R00898,0,0.39931936628726694,Medium
R00899,0,0.4603160607777317,Medium
R00900,0,0.40566742064360667,Medium
R00901,1,0.5284772824760359,High
R00902,0,0.41081680349649746,Medium
R00903,0,0.5184026699649259,High
R00904,0,0.3927230926212452,Medium
R00905,1,0.5396628991081925,High
R00906,0,0.3979148340770018,Medium
R00907,0,0.3865351267232216,Medium
R00908,0,0.3887879495596268,Medium
R00909,0,0.41673421534710997,Medium
R00910,0,0.4277937553707661,Medium
R00912,0,0.4380424970831316,Medium
R00913,0,0.5072109625744431,High
R00914,0,0.3458935760906789,Medium
R00915,0,0.4098778964336918,Medium
R00916,0,0.4064857884743081,Medium
R00917,0,0.393495811051923,Medium
R00918,0,0.4521342192246668,Medium
R00919,0,0.4438300898496889,Medium
R00921,0,0.4123822119651531,Medium
R00922,0,0.40949805141110057,Medium
R00923,0,0.4494012110365504,Medium
R00924,0,0.2877554013394864,Low
R00925,0,0.4588688567573351,Medium
R00927,0,0.3774041412615087,Medium
R00929,0,0.4132062892968891,Medium
R00930,0,0.4043843947084625,Medium
R00931,0,0.3764841557742967,Medium
R00932,0,0.43064784335015605,Medium
R00933,0,0.4586440305344005,Medium
R00934,0,0.40225499825517635,Medium
R00935,0,0.40167219355269174,Medium
R00936,1,0.5113054542027619,High
R00937,0,0.4439197681101078,Medium
R00938,0,0.3352508870944263,Medium
R00939,0,0.3384622664613833,Medium
R00940,0,0.4192786768311415,Medium
R00941,0,0.4128362319886918,Medium
R00942,0,0.35013268824830723,Medium
R00943,0,0.4391078713490233,Medium
R00944,0,0.37293264765325057,Medium
R00945,0,0.38242738778702795,Medium
R00946,0,0.46303929296874385,Medium
R00947,0,0.34310998296877643,Medium
R00948,0,0.4474602688833519,Medium
R00949,0,0.433896543171856,Medium
R00950,0,0.37960449493950776,Medium
R00951,0,0.33950705247288326,Medium
R00952,0,0.42627977343109663,Medium
R00953,0,0.3782720640289985,Medium
R00954,0,0.38883593531616695,Medium
R00955,0,0.4330266117791436,Medium
R00956,0,0.40288743170041924,Medium
R00957,0,0.4053738035001358,Medium
R00958,0,0.45381557070842626,Medium
R00959,0,0.3584303647021039,Medium
R00960,0,0.3639295372251287,Medium
R00961,0,0.3855619613192312,Medium
R00962,0,0.43585178960512094,Medium
R00963,0,0.3488884095093516,Medium
R00965,0,0.47821726075431603,Medium
R00966,0,0.38375011053818703,Medium
R00967,0,0.3911595683129475,Medium
R00968,0,0.4033817670272392,Medium
R00970,0,0.48154762661996786,Medium
R00971,0,0.4380229501201069,Medium
R00972,0,0.41037069125291514,Medium
R00973,1,0.5374775653405436,High
R00974,0,0.4248488232827631,Medium
R00976,0,0.4647744944050007,Medium
R00977,0,0.46278013922798533,Medium
R00978,0,0.3577030705175012,Medium
R00979,0,0.45849131610763777,Medium
R00980,0,0.4446367478225098,Medium
R00982,0,0.39129979037620954,Medium
R00984,0,0.39527771212543683,Medium
R00985,0,0.36064865904142984,Medium
R00986,0,0.413705716060452,Medium
R00987,1,0.4722937459102151,Medium
R00988,0,0.4200113957949794,Medium
R00989,0,0.36588359040422447,Medium
R00990,0,0.3862530740502702,Medium
R00991,0,0.4179704781631003,Medium
R00992,0,0.4810789345972304,Medium
R00993,0,0.3952071690202793,Medium
R00994,0,0.3931810567856119,Medium
R00995,0,0.4380402593144336,Medium
R00996,0,0.33426997820834975,Medium
R00997,0,0.3956106224720923,Medium
R00998,0,0.4325836782635301,Medium
R00999,0,0.4052963865087187,Medium
R01000,0,0.3507479303735897,Medium
R01001,0,0.45101640953800726,Medium
R01002,0,0.36343962857623885,Medium
R01003,0,0.40242877126303694,Medium
R01004,0,0.43642279196704925,Medium
R01005,0,0.41089437858170846,Medium
R01006,0,0.34549263520457707,Medium
R01007,0,0.44153131368916354,Medium
R01008,0,0.3626742159893855,Medium
R01009,1,0.5016251291647414,High
R01010,0,0.45954426105469554,Medium
R01011,0,0.396834953224995,Medium
R01012,0,0.4455221680551748,Medium
R01013,0,0.46798994067885535,Medium
R01014,0,0.39140634744230346,Medium
R01015,0,0.3811420390311988,Medium
R01016,0,0.37014906958178656,Medium
R01017,0,0.382458683316095,Medium
R01018,0,0.29101328167900975,Low
R01019,0,0.4262400537712263,Medium
R01020,0,0.3710931499140907,Medium
R01022,0,0.40396513679962537,Medium
R01023,0,0.36746474474557034,Medium
R01024,0,0.4711793806715647,Medium
R01025,0,0.4308010832900089,Medium
R01027,0,0.411067255417028,Medium
R01028,0,0.4568670647098956,Medium
R01030,1,0.5014196868042331,High
R01031,0,0.39811998807833915,Medium
R01032,0,0.4001002561925568,Medium
R01033,0,0.36346766426187477,Medium
R01035,1,0.48460842611259425,Medium
R01036,0,0.3731074153275926,Medium
R01038,0,0.523033392870603,High
R01039,0,0.475758437023645,Medium
R01040,1,0.5382863110118279,High
R01041,0,0.34165381018938434,Medium
R01042,0,0.39820010219186697,Medium
R01043,0,0.39782112750566617,Medium
R01044,1,0.5706081530990929,High
R01045,1,0.5166368879492687,High
R01046,0,0.3692188150797524,Medium
R01047,0,0.414914052757611,Medium
R01048,0,0.3741569428172911,Medium
R01049,0,0.3959617421199992,Medium
R01050,0,0.37740915426796756,Medium
R01051,0,0.3552118640204773,Medium
R01052,0,0.3999174754473686,Medium
R01053,0,0.37861326719658683,Medium
R01054,0,0.44147048675955836,Medium
R01055,0,0.38318250650898095,Medium
R01056,0,0.43041883959163213,Medium
R01057,0,0.3488829507094969,Medium
R01058,0,0.4207850578268966,Medium
R01059,0,0.4652853979202185,Medium
R01060,0,0.4840810235773955,Medium
R01061,0,0.3964484217165461,Medium
R01062,0,0.40736069965039257,Medium
R01063,0,0.37956642757018655,Medium
R01064,0,0.3900702331133302,Medium
R01065,0,0.41164173975313806,Medium
R01066,0,0.3878195732973521,Medium
R01069,0,0.3916990483437965,Medium
R01070,0,0.4034143042453038,Medium
R01071,0,0.49660354079776303,Medium
R01072,0,0.33589584307604686,Medium
R01073,0,0.3734815390861385,Medium
R01075,1,0.5081246515514117,High
R01076,0,0.39327945918754503,Medium
R01077,1,0.5033003917305716,High
R01079,0,0.4358028401107745,Medium
R01080,0,0.385274948659492,Medium
R01082,1,0.5088112404632154,High
R01083,0,0.36113715603148416,Medium
R01084,0,0.4247734896919442,Medium
R01086,0,0.3806688615727243,Medium
R01087,1,0.4275203837561184,Medium
R01088,0,0.4249313439024693,Medium
R01089,0,0.471694495310283,Medium
R01090,0,0.32879769087248983,Medium
R01091,0,0.41031299884222117,Medium
R01092,0,0.41022575648898013,Medium
R01093,0,0.4227163797792646,Medium
R01094,0,0.37055111395022045,Medium
R01095,0,0.37106152459394154,Medium
R01096,0,0.42574542883860467,Medium
R01097,1,0.48116622963103545,Medium
R01098,0,0.3752597444093309,Medium
R01099,0,0.49190055235043934,Medium
R01100,0,0.43099248110586047,Medium
R01101,0,0.3818589463482305,Medium
R01102,0,0.3608940377590893,Medium
R01103,0,0.39753241413827006,Medium
R01104,0,0.4310684411048406,Medium
R01105,0,0.42308944110598545,Medium
R01106,1,0.358565693489926,Medium
R01107,0,0.3929880076231892,Medium
R01108,0,0.3837526837471408,Medium
R01109,1,0.5181379985897475,High
R01110,1,0.3250464533583755,Medium
R01111,0,0.39504732347738913,Medium
R01112,0,0.31639401449389054,Medium
R01113,0,0.43202588168090095,Medium
R01114,1,0.5427208209501628,High
R01115,0,0.35030422792850335,Medium
R01116,0,0.42151477467669063,Medium
R01117,0,0.3829996748101783,Medium
R01118,0,0.4469875902578895,Medium
R01119,0,0.4088046665902997,Medium
R01120,0,0.4912522153926488,Medium
R01121,0,0.4435352893198965,Medium
R01122,0,0.47074190630237306,Medium
R01123,0,0.3942669481017923,Medium
R01124,0,0.41805796431086284,Medium
R01125,0,0.44006427036109097,Medium
R01126,0,0.3721355351883572,Medium
R01127,0,0.42898462884520505,Medium
R01128,0,0.4950358123553342,Medium
R01129,0,0.4300235227901389,Medium
R01130,0,0.28175121266021214,Low
R01131,0,0.3585106755314946,Medium
R01132,0,0.3884263538289306,Medium
R01134,0,0.4321093542229752,Medium
R01135,0,0.48266977363084124,Medium
R01136,0,0.4706240282154452,Medium
R01137,0,0.3365626989944446,Medium
R01138,0,0.36133031567070334,Medium
R01140,0,0.32289758381787265,Medium
R01141,0,0.3758098186626589,Medium
R01142,0,0.45255268514093605,Medium
R01143,0,0.3766337325446766,Medium
R01144,0,0.37262100415531585,Medium
R01145,1,0.45687953751775623,Medium
R01146,0,0.4037532899679803,Medium
R01147,0,0.3940276089103191,Medium
R01148,0,0.34008213497267437,Medium
R01149,0,0.42859001511148115,Medium
R01150,0,0.4232124721384681,Medium
R01151,0,0.4174964466694258,Medium
R01152,0,0.3501785596660141,Medium
R01153,1,0.34455653066217046,Medium
R01155,0,0.3843654134715959,Medium
R01156,1,0.4739145031218148,Medium
R01157,0,0.407952919975709,Medium
R01158,0,0.4055106493432747,Medium
R01159,0,0.4192061172700792,Medium
R01160,0,0.4800697652449355,Medium
R01161,1,0.5214609431417613,High
R01162,0,0.41147419654571543,Medium
R01163,0,0.4160500517504686,Medium
R01164,0,0.41143211748296815,Medium
R01165,0,0.4559214222869056,Medium
R01166,0,0.5424578256972699,High
R01167,0,0.4416056551616739,Medium
R01168,0,0.4178170259118425,Medium
R01169,0,0.37663850987777764,Medium
R01170,0,0.3727006860201037,Medium
R01171,0,0.4702812205766393,Medium
R01172,0,0.39573790608244536,Medium
R01173,0,0.37241849806791877,Medium
R01174,0,0.4043240660933653,Medium
R01177,0,0.4278908442398477,Medium
R01178,0,0.43503469328762584,Medium
R01179,0,0.36334065996112364,Medium
R01180,0,0.5001568131285511,High
R01181,0,0.3522745207303163,Medium
R01182,0,0.4580458872681977,Medium
R01183,0,0.40864303634231675,Medium
R01185,0,0.36701187977652694,Medium
R01186,0,0.4361929823483445,Medium
R01187,0,0.471209772573998,Medium
R01188,0,0.3741861056054319,Medium
R01189,0,0.42858198533439607,Medium
R01190,0,0.3993654584976703,Medium
R01191,0,0.4420972574521681,Medium
R01192,0,0.4385968146833836,Medium
R01193,1,0.39870425382851815,Medium
R01194,1,0.5596497939945675,High
R01195,0,0.45075454974728296,Medium
R01196,1,0.5108434755809094,High
R01197,0,0.40578457072766017,Medium
R01198,1,0.49769803868805434,Medium
R01199,0,0.43018970855153393,Medium
R01201,0,0.4481594397189147,Medium
R01202,0,0.43878835615977685,Medium
R01203,0,0.37698431731285326,Medium
R01204,0,0.389787315216562,Medium
R01205,0,0.3808022397379066,Medium
R01207,0,0.40363886773933216,Medium
R01208,0,0.4105390141391459,Medium
R01210,0,0.4367908666458872,Medium
R01211,0,0.44754409375568444,Medium
R01212,0,0.4110058689950987,Medium
R01213,0,0.39853302544625163,Medium
R01214,0,0.39926944315751145,Medium
R01215,0,0.4429318479795958,Medium
R01216,0,0.36683177059582633,Medium
R01217,0,0.40781702294664796,Medium
R01218,0,0.4395017895827522,Medium
R01220,0,0.4216615134435374,Medium
R01221,0,0.435015144014616,Medium
R01222,0,0.4199263419313607,Medium
R01223,0,0.4090583387827141,Medium
R01224,0,0.4301940864821286,Medium
R01226,0,0.364687398822832,Medium
R01227,0,0.3599805474320526,Medium
R01228,0,0.40083379263557134,Medium
R01229,0,0.41221815539931295,Medium
R01231,0,0.37083383628246724,Medium
R01232,0,0.39143615468272425,Medium
R01233,0,0.3943205790815436,Medium
R01234,0,0.42453361218600094,Medium
R01235,0,0.3800290316949143,Medium
R01236,0,0.39549785415805494,Medium
R01237,0,0.44888109440435836,Medium
R01238,0,0.37470740565309546,Medium
R01239,0,0.3582758860240947,Medium
R01240,0,0.4145285426130772,Medium
R01241,0,0.4102248686509297,Medium
R01242,1,0.5448695639274475,High
R01243,0,0.46149738789944295,Medium
R01244,0,0.4224259422876695,Medium
R01245,0,0.46474020910001834,Medium
R01246,0,0.46388817549808253,Medium
R01247,0,0.3491879677493398,Medium
R01248,0,0.38493089091517874,Medium
R01249,0,0.40640587157559804,Medium
R01250,0,0.39710621217953673,Medium
R01251,0,0.42348664735683683,Medium
R01252,0,0.3808031352430657,Medium
R01253,0,0.3639247412542417,Medium
R01254,0,0.38526237964029586,Medium
R01256,0,0.3644145019168713,Medium
R01257,0,0.44658787326162974,Medium
R01258,0,0.29593122110963366,Low
R01259,0,0.40673064817716936,Medium
R01260,0,0.3586581652978114,Medium
R01261,0,0.3448329003228781,Medium
R01262,0,0.37559996699052084,Medium
R01263,0,0.44595317825259434,Medium
R01264,0,0.34089005869639294,Medium
R01266,0,0.4022458393673432,Medium
R01267,0,0.31706734671598974,Medium
R01268,0,0.3979329786534349,Medium
R01269,0,0.4232248245181374,Medium
R01270,0,0.32230814910024397,Medium
R01271,0,0.419015141004597,Medium
R01272,0,0.34271489328572513,Medium
R01273,0,0.381332848653622,Medium
R01274,0,0.42470740467241724,Medium
R01275,1,0.3617893116448708,Medium
R01276,0,0.4207661042361186,Medium
R01277,0,0.4719947025017128,Medium
R01279,0,0.45074644633886984,Medium
R01280,0,0.44407761923695227,Medium
R01281,0,0.46520192811227795,Medium
R01282,0,0.432474546562211,Medium
R01283,0,0.42629981824719904,Medium
R01284,0,0.3905177051803645,Medium
R01285,0,0.4141458345681384,Medium
R01286,0,0.43621238098078924,Medium
R01287,0,0.3593048827107252,Medium
R01288,1,0.4036216866422266,Medium
R01289,1,0.48872312454919803,Medium
R01290,1,0.45581860366244414,Medium
R01291,0,0.40483524913081603,Medium
R01292,0,0.4690123313166786,Medium
R01293,0,0.41571945570925833,Medium
R01294,0,0.36528651416386687,Medium
R01295,0,0.39791170599374487,Medium
R01296,0,0.40090654352375865,Medium
R01297,0,0.3750070428162158,Medium
R01298,0,0.4617175754425351,Medium
R01299,0,0.36804210155225464,Medium
R01300,0,0.4419201325159984,Medium
R01302,0,0.4595167315142267,Medium
R01303,0,0.38613124376494135,Medium
R01304,0,0.43679092559625027,Medium
R01305,0,0.36512500353211075,Medium
R01306,0,0.43565648378819616,Medium
R01307,0,0.3365630018671651,Medium
R01308,1,0.513108206445129,High
R01309,0,0.42638294981964675,Medium
R01310,0,0.43564601219572546,Medium
R01311,1,0.5561200621568176,High
R01312,0,0.43841666313361377,Medium
R01313,0,0.39769665832856665,Medium
R01314,1,0.48748261726890674,Medium
R01315,0,0.5284945484881145,High
R01316,0,0.3906871725530141,Medium
R01317,0,0.38967881504278395,Medium
R01318,0,0.3624294775191128,Medium
R01319,0,0.4290746279837767,Medium
R01320,0,0.3651801999067825,Medium
R01321,0,0.4052874171864873,Medium
R01322,0,0.4295635344310104,Medium
R01323,0,0.43918560454148603,Medium
R01324,0,0.2963416175419016,Low
R01327,0,0.4332386218524348,Medium
R01328,0,0.38308352708954196,Medium
R01329,0,0.37276779477227406,Medium
R01330,0,0.3734735153234536,Medium
R01331,0,0.43175057042960213,Medium
R01332,1,0.4946498516356213,Medium
R01333,1,0.5101454134128602,High
R01334,0,0.4164537471811343,Medium
R01335,0,0.3259173296126633,Medium
R01336,1,0.4067664279062752,Medium
R01337,1,0.5173746812171384,High
R01339,0,0.4069587276295006,Medium
R01340,0,0.39993629517768153,Medium
R01341,1,0.4486799197145919,Medium
R01342,0,0.3926489446190744,Medium
R01343,0,0.43504841955503004,Medium
R01344,0,0.46341024390271796,Medium
R01345,0,0.38139825997632437,Medium
R01346,0,0.3484038429577134,Medium
R01347,0,0.4422926955349147,Medium
R01348,1,0.501733602862594,High
R01349,0,0.26792212492631573,Low
R01350,0,0.3876981414121537,Medium
R01351,0,0.37115410945971794,Medium
R01352,1,0.5497579072205833,High
R01353,0,0.3759832953515733,Medium
R01354,0,0.4853440279737441,Medium
R01355,0,0.40000190402369135,Medium
R01356,0,0.40498313354711307,Medium
R01357,0,0.387722864371301,Medium
R01358,1,0.5354873969708863,High
R01359,0,0.3840337497882883,Medium
R01360,0,0.35686047913293656,Medium
R01361,0,0.41346138773011626,Medium
R01362,0,0.466133073332662,Medium
R01363,0,0.43876465315558066,Medium
R01364,0,0.37988877459543674,Medium
R01365,0,0.3275012693007632,Medium
R01367,0,0.4046172801102518,Medium
R01368,1,0.5408277881632008,High
R01369,0,0.325703309607934,Medium
R01370,1,0.5061638804705616,High
R01371,0,0.438958970462047,Medium
R01372,0,0.3865342803169478,Medium
R01373,0,0.4469616587939521,Medium
R01374,0,0.3914963582528159,Medium
R01375,1,0.5235162349575847,High
R01376,0,0.4433284257452246,Medium
R01377,0,0.3773372270973024,Medium
R01378,0,0.35462805350336835,Medium
R01379,0,0.37384430006661346,Medium
R01381,0,0.4277931025970986,Medium
R01382,0,0.3337851624770397,Medium
R01383,0,0.36962409124110657,Medium
R01384,0,0.3831321801423493,Medium
R01385,0,0.30214999628050143,Medium
R01386,0,0.34846973699657796,Medium
R01387,0,0.37418428370294904,Medium
R01388,0,0.4528635160872709,Medium
R01389,0,0.45812072229683914,Medium
R01391,0,0.4028249241381951,Medium
R01392,0,0.4195386437684971,Medium
R01393,0,0.3790834149759678,Medium
R01394,0,0.42019251526926005,Medium
R01395,0,0.4106305816592642,Medium
R01396,0,0.3854751284054481,Medium
R01397,0,0.39634991432608635,Medium
R01398,0,0.41055100667143146,Medium
R01399,0,0.45536668082058673,Medium
R01400,0,0.44474486007991837,Medium
R01401,0,0.496564284654365,Medium
R01402,0,0.30348586844167413,Medium
R01403,0,0.4739105325419283,Medium
R01404,0,0.35330428534389796,Medium
R01405,0,0.4428889536868384,Medium
R01406,0,0.47933635187523266,Medium
R01407,0,0.4073232566842044,Medium
R01408,0,0.4632639570454821,Medium
R01409,0,0.4551918727206686,Medium
R01410,0,0.37813762868086415,Medium
R01411,0,0.376459211682986,Medium
R01412,0,0.3375317058487738,Medium
R01414,0,0.4577948445292261,Medium
R01415,0,0.4129919573871,Medium
R01416,1,0.4441360487626105,Medium
R01417,0,0.38308425388255996,Medium
R01418,0,0.4262317951836583,Medium
R01419,0,0.407361579435085,Medium
R01420,0,0.41977338941955006,Medium
R01421,0,0.44177478070107534,Medium
R01423,0,0.40153950722826354,Medium
R01424,0,0.38210097880908356,Medium
R01425,0,0.40843192905532744,Medium
R01426,0,0.3509390993099904,Medium
R01427,0,0.42163942320531417,Medium
R01428,1,0.4949405080010568,Medium
R01429,0,0.36596773220372314,Medium
R01430,0,0.4362378732238819,Medium
R01431,0,0.38271706415570905,Medium
R01432,0,0.4275515596855235,Medium
R01433,0,0.340209004432823,Medium
R01434,0,0.36347742653692267,Medium
R01435,1,0.583126722610963,High
R01436,0,0.38050994558129103,Medium
R01437,0,0.4260407289443959,Medium
R01438,0,0.4080333575988576,Medium
R01439,0,0.4280397212534385,Medium
R01440,0,0.43272059977366056,Medium
R01441,0,0.39263536285990996,Medium
R01442,0,0.4367722068573206,Medium
R01443,0,0.37596658339622857,Medium
R01444,0,0.5387059375580986,High
R01446,0,0.4518819146638256,Medium
R01447,1,0.5768756131126106,High
R01448,0,0.3869719372228561,Medium
R01449,0,0.5014320024773817,High
R01450,0,0.4009816498385684,Medium
R01451,0,0.4796807844705412,Medium
R01452,0,0.37730221843232714,Medium
R01453,1,0.5004214847784972,High
R01454,0,0.36955676440505103,Medium
R01455,0,0.4218907506655768,Medium
R01456,0,0.39332894112167294,Medium
R01457,0,0.37491557484809573,Medium
R01458,0,0.440353348026418,Medium
R01459,0,0.38814856711415013,Medium
R01460,1,0.5059939006788682,High
R01462,1,0.5120442328532416,High
R01463,0,0.39793855283057594,Medium
R01465,1,0.48065035686395097,Medium
R01466,0,0.4704332385289229,Medium
R01467,0,0.3980848212622315,Medium
R01468,0,0.31627534357757364,Medium
R01469,0,0.36672150245303775,Medium
R01470,0,0.33745522224167684,Medium
R01471,0,0.3480244284776825,Medium
R01472,0,0.30096841606556834,Medium
R01473,0,0.37320543015423696,Medium
R01474,0,0.4286760039825226,Medium
R01476,0,0.3838232104139406,Medium
R01477,0,0.40188619782855634,Medium
R01478,0,0.40681853123633516,Medium
R01479,0,0.4809361617762675,Medium
R01480,0,0.45465877890164946,Medium
R01481,1,0.41553494847827116,Medium
R01482,0,0.43063866154236874,Medium
R01484,0,0.41727160828257753,Medium
R01485,0,0.4063910164245258,Medium
R01486,0,0.3606343983632489,Medium
R01487,0,0.34493829824319155,Medium
R01488,0,0.44361761241051245,Medium
R01489,1,0.6660228102713681,High
R01490,0,0.3105786874884128,Medium
R01491,0,0.40467213786522527,Medium
R01492,0,0.4141816884115847,Medium
R01493,0,0.29271980520872626,Low
R01494,0,0.42906969262997413,Medium
R01495,0,0.41087563300683605,Medium
R01496,1,0.4969523756261639,Medium
R01497,0,0.3796209340345804,Medium
R01498,0,0.4336086492407616,Medium
R01499,0,0.44490216880004246,Medium
R01500,0,0.43546301669774484,Medium
R01502,0,0.444092879880549,Medium
R01503,0,0.3800286299190846,Medium
R01504,0,0.39027357655536465,Medium
R01505,0,0.4065636485610245,Medium
R01506,0,0.3877449617808962,Medium
R01507,0,0.3304965100655845,Medium
R01508,0,0.4559842601550061,Medium
R01509,0,0.48817058584605966,Medium
R01510,0,0.42541290277776506,Medium
R01511,1,0.42440510929668585,Medium
R01513,0,0.4189894886222584,Medium
R01514,0,0.3362934993997252,Medium
R01515,0,0.4324412830540464,Medium
R01516,0,0.38674865124418223,Medium
R01517,1,0.5375897290482345,High
R01518,0,0.3800644859148578,Medium
R01519,0,0.39079605355710667,Medium
R01520,1,0.4564400498308174,Medium
R01522,0,0.46956546462027743,Medium
R01523,0,0.38351393144936025,Medium
R01524,0,0.3462742329504469,Medium
R01525,0,0.39464520647722495,Medium
R01526,0,0.43890699051409526,Medium
R01527,0,0.5172302505160857,High
R01528,0,0.40662108643037337,Medium
R01529,0,0.39329190298879557,Medium
R01530,0,0.40008978451605864,Medium
R01531,0,0.38550191017748986,Medium
R01532,0,0.420897596395872,Medium
R01533,0,0.3523623217052117,Medium
R01534,0,0.4316450828017986,Medium
R01535,0,0.4002995878640888,Medium
R01536,0,0.4400203150886151,Medium
R01537,0,0.4215470072862586,Medium
R01539,0,0.3518860517489852,Medium
R01540,0,0.3432307214298469,Medium
R01541,0,0.39961591030208277,Medium
R01542,0,0.41047211623591406,Medium
R01543,0,0.4097425147947454,Medium
R01544,0,0.4046426033118923,Medium
R01545,0,0.4212322771384864,Medium
R01546,0,0.48738630919831144,Medium
R01547,1,0.5830563614192857,High
R01548,0,0.3318469389376474,Medium
R01549,0,0.3072977828515276,Medium
R01551,0,0.420704491954414,Medium
R01552,1,0.5063918114950227,High
R01555,0,0.3743997354164418,Medium
R01556,0,0.37736211690408317,Medium
R01557,0,0.4205346165800639,Medium
R01558,0,0.4056600749539563,Medium
R01559,0,0.4400875652057538,Medium
R01560,0,0.4247168753049664,Medium
R01561,0,0.34108432417266554,Medium
R01562,0,0.4315075982360066,Medium
R01565,0,0.401563175186637,Medium
R01566,0,0.3835480118956163,Medium
R01567,0,0.40810344179635466,Medium
R01568,0,0.4662906627502904,Medium
R01569,0,0.35162413996194547,Medium
R01570,0,0.4016215497031961,Medium
R01571,0,0.4481151457949031,Medium
R01572,0,0.4283941110781091,Medium
R01573,0,0.3925133762760614,Medium
R01574,1,0.49144022283259,Medium
R01575,0,0.38969283650246084,Medium
R01576,1,0.514463323384765,High
R01577,0,0.31932357889676605,Medium
R01578,1,0.5113869995421196,High
R01579,0,0.3953227982427771,Medium
R01580,0,0.3754211426540142,Medium
R01581,0,0.42620960855295537,Medium
R01582,0,0.3917297692269942,Medium
R01583,0,0.410569956590018,Medium
R01584,0,0.4838006317584193,Medium
R01585,0,0.3812007955109638,Medium
R01586,1,0.5170642792015832,High
R01588,0,0.4227202974548059,Medium
R01589,0,0.4051851166695968,Medium
R01590,0,0.45461568530465407,Medium
R01591,0,0.4261464926698942,Medium
R01592,0,0.3539585297097355,Medium
R01593,0,0.3759929327718882,Medium
R01594,0,0.4719788551682025,Medium
R01595,0,0.3499690952944854,Medium
R01596,0,0.4116869481039981,Medium
R01597,0,0.3767001792742222,Medium
R01598,0,0.3626245518732398,Medium
R01599,0,0.42939458369816647,Medium
R01600,1,0.48789612662833615,Medium
R01601,0,0.43693330801127905,Medium
R01602,1,0.4460771963730106,Medium
R01603,0,0.4209764793746962,Medium
R01604,0,0.4752340886220079,Medium
R01605,0,0.379902817949257,Medium
R01606,0,0.3106437051777007,Medium
R01607,0,0.3989096680945716,Medium
R01608,0,0.36235804927588894,Medium
R01609,0,0.3825491283956334,Medium
R01611,0,0.4177011366451894,Medium
R01612,0,0.3961588335771349,Medium
R01613,0,0.35834440751454144,Medium
R01614,1,0.48094754410887547,Medium
R01615,0,0.403855063375573,Medium
R01616,1,0.631238899219411,High
R01617,0,0.4257714389446213,Medium
R01618,0,0.3784596715034399,Medium
R01619,0,0.4430718835079345,Medium
R01620,0,0.3890795256892266,Medium
R01621,0,0.4627936293297033,Medium
R01622,0,0.43784282710858713,Medium
R01623,0,0.36029860806955355,Medium
R01625,0,0.36702279511872554,Medium
R01626,0,0.3678313849240658,Medium
R01627,0,0.4548842481009961,Medium
R01628,0,0.4571184706407566,Medium
R01629,0,0.4120044553937927,Medium
R01630,0,0.3975880019649071,Medium
R01631,0,0.34874301229386945,Medium
R01632,1,0.6097109317085853,High
R01633,0,0.416442505444027,Medium
R01634,1,0.41931570340678787,Medium
R01637,1,0.5529633747633969,High
R01638,0,0.38862395202939565,Medium
R01639,0,0.4044534399815486,Medium
R01640,0,0.4225422512607818,Medium
R01641,0,0.40198807829232963,Medium
R01643,0,0.3722822250315284,Medium
R01644,0,0.37792477880076,Medium
R01645,0,0.3508288558086063,Medium
R01646,0,0.33033377677839576,Medium
R01647,0,0.4132031800832515,Medium
R01648,0,0.400324527503428,Medium
R01649,0,0.3330576491410514,Medium
R01650,0,0.4239710945822661,Medium
R01651,0,0.3206898660912701,Medium
R01653,0,0.3772259403723851,Medium
R01654,0,0.3483376190869445,Medium
R01655,0,0.42873545105412497,Medium
R01656,0,0.4039781496572278,Medium
R01657,0,0.4057174625456868,Medium
R01658,0,0.4125408441172213,Medium
R01659,0,0.40166284761108995,Medium
R01660,0,0.26863242309350255,Low
R01661,0,0.42053262022214255,Medium
R01662,0,0.3936820388638898,Medium
R01663,0,0.3937703527112294,Medium
R01664,0,0.3961598326592153,Medium
R01665,0,0.389814832284427,Medium
R01666,0,0.41654359296320803,Medium
R01667,0,0.4118876679443175,Medium
R01668,0,0.40074161836319555,Medium
R01669,0,0.3268285307835409,Medium
R01670,0,0.414000849938516,Medium
R01671,0,0.3656504928001678,Medium
R01672,0,0.38807760178827944,Medium
R01673,0,0.44130950454938495,Medium
R01674,0,0.4313629217653798,Medium
R01676,0,0.37293010431727713,Medium
R01677,0,0.3722485298167635,Medium
R01678,0,0.36461202781664476,Medium
R01679,0,0.2682391075138668,Low
R01680,0,0.3557652525304214,Medium
R01681,0,0.438519502570989,Medium
R01682,0,0.43492591296693933,Medium
R01683,0,0.4306417510776914,Medium
R01685,0,0.42252418708380163,Medium
R01686,0,0.43476104420936607,Medium
R01687,0,0.45002879194996254,Medium
R01688,0,0.3537524030093791,Medium
R01689,0,0.41637256168490594,Medium
R01690,0,0.42022260560780367,Medium
R01691,0,0.4503228992949331,Medium
R01692,0,0.4087401820328522,Medium
R01693,0,0.4179708601196579,Medium
R01694,0,0.42386750280801316,Medium
R01695,0,0.4155845603388099,Medium
R01698,1,0.5547896860976731,High
R01699,0,0.3013587616804161,Medium
R01700,0,0.42241058414688404,Medium
R01701,0,0.4176137391934576,Medium
R01702,1,0.46207387415946166,Medium
R01703,0,0.47651357901918345,Medium
R01704,0,0.4484359512244482,Medium
R01705,0,0.4086442384798913,Medium
R01706,0,0.42495010778164144,Medium
R01707,0,0.39573584494571307,Medium
R01708,0,0.39238793261833943,Medium
R01709,0,0.4662634417672928,Medium
R01710,0,0.5061841119055203,High
R01711,0,0.42775024701359987,Medium
R01712,1,0.43150147130683947,Medium
R01713,1,0.551141055999177,High
R01714,0,0.32416409361489285,Medium
R01715,0,0.3257720895229065,Medium
R01717,0,0.4103013543998664,Medium
R01718,0,0.3701826396912446,Medium
R01719,1,0.566860808866705,High
R01720,0,0.45561245931423683,Medium
R01721,0,0.3445645420255518,Medium
R01722,0,0.3665330132125751,Medium
R01723,0,0.43019423471534,Medium
R01724,0,0.3707903047554764,Medium
R01725,0,0.4370600344058069,Medium
R01726,0,0.3434175893428091,Medium
R01727,0,0.405105764167123,Medium
R01728,0,0.4082802813931214,Medium
R01729,0,0.43419815975597487,Medium
R01730,0,0.4647091856131321,Medium
R01731,0,0.3821260415069572,Medium
R01732,0,0.3939956484133507,Medium
R01733,0,0.4066852065341458,Medium
R01734,1,0.5671516250981763,High
R01735,0,0.4069486226009318,Medium
R01736,0,0.39936390832053503,Medium
R01737,0,0.4270184410242765,Medium
R01738,0,0.3682714415502955,Medium
R01739,0,0.4654514041696556,Medium
R01740,0,0.3770463607021716,Medium
R01741,0,0.4438431762490249,Medium
R01742,0,0.43408076989248146,Medium
R01743,0,0.31558260637121444,Medium
R01744,0,0.45273392514910127,Medium
R01745,0,0.40269089989863666,Medium
R01746,0,0.4862730821657197,Medium
R01747,1,0.48424794929461284,Medium
R01748,0,0.3404470362900389,Medium
R01749,0,0.387001136066042,Medium
R01750,0,0.4230287094291918,Medium
R01751,0,0.40907837947964637,Medium
R01752,1,0.4796641622344541,Medium
R01753,0,0.3922474531733628,Medium
R01754,0,0.28342215967107376,Low
R01755,1,0.48374832827394876,Medium
R01756,0,0.3917961785242477,Medium
R01757,0,0.47088918475409786,Medium
R01758,0,0.44536512345766577,Medium
R01759,0,0.3543749276772715,Medium
R01760,0,0.31557541128409144,Medium
R01762,0,0.42265273992640395,Medium
R01763,0,0.44643457151287413,Medium
R01764,0,0.3369249219473415,Medium
R01766,0,0.2825522915637811,Low
R01768,0,0.44631998625086317,Medium
R01769,0,0.4268633946293827,Medium
R01770,0,0.4174057989847688,Medium
R01771,0,0.3542276330116731,Medium
R01772,0,0.3247897054135165,Medium
R01773,0,0.41286882301467115,Medium
R01774,0,0.3966968102054246,Medium
R01775,0,0.42503436640719194,Medium
R01776,0,0.44270031286674294,Medium
R01777,0,0.37815110035701116,Medium
R01778,0,0.46421353726746495,Medium
R01779,1,0.5347520647882474,High
R01780,0,0.4284247171962815,Medium
R01781,0,0.4020731304894349,Medium
R01782,0,0.4348636295637521,Medium
R01783,0,0.37302623007842894,Medium
R01784,0,0.3773582097965899,Medium
R01785,0,0.3912070928439638,Medium
R01786,0,0.33490004097331005,Medium
R01787,0,0.360688783178198,Medium
R01788,0,0.37526711778844407,Medium
R01789,0,0.4099990823221323,Medium
R01790,1,0.5401779275927898,High
R01791,0,0.41824454262618604,Medium
R01792,1,0.5880595877398562,High
R01793,0,0.34357798481803437,Medium
R01794,0,0.4471134328371149,Medium
R01796,0,0.38410986138679315,Medium
R01797,0,0.3432027070142222,Medium
R01798,0,0.3598115138816034,Medium
R01799,0,0.35294730374247435,Medium
R01800,0,0.3692027150516738,Medium
R01801,0,0.45718298189303225,Medium
R01802,0,0.4058010850361906,Medium
R01803,0,0.45150292556029703,Medium
R01804,0,0.46981829215925125,Medium
R01805,0,0.3887606839719176,Medium
R01806,0,0.3881884882954482,Medium
R01807,0,0.3744868053264158,Medium
R01808,0,0.46327537885033065,Medium
R01809,0,0.2995133036839842,Low
R01810,0,0.39388664708046356,Medium
R01811,0,0.3687823040407638,Medium
R01812,0,0.4206938803707592,Medium
R01813,0,0.3947784745634497,Medium
R01814,0,0.33014893136832596,Medium
R01815,0,0.380612350694879,Medium
R01816,1,0.47887869634676555,Medium
R01817,0,0.44313956574446745,Medium
R01818,0,0.4414511261632632,Medium
R01819,0,0.29010170676567676,Low
R01820,0,0.4242247897697151,Medium
R01821,0,0.42777374003436913,Medium
R01822,1,0.5593538417028918,High
R01823,0,0.4148178994136024,Medium
R01824,0,0.3994419439069214,Medium
R01825,0,0.47698401683811914,Medium
R01826,0,0.4202173159600237,Medium
R01828,0,0.4246496126941708,Medium
R01829,1,0.5395239914602671,High
R01831,1,0.5233405805485917,High
R01832,0,0.4439464529418071,Medium
R01833,0,0.3958312317726162,Medium
R01834,0,0.3821805772958132,Medium
R01835,0,0.4558402490833726,Medium
R01836,0,0.39035322331099065,Medium
R01837,0,0.4247771804633561,Medium
R01838,0,0.3947945387479803,Medium
R01839,1,0.5322048031449463,High
R01840,0,0.43057503521060203,Medium
R01841,0,0.389837393716003,Medium
R01842,0,0.41607151495752204,Medium
R01843,0,0.28172021575468703,Low
R01844,1,0.4128424199638576,Medium
R01846,0,0.363296141303314,Medium
R01847,0,0.37223861152406634,Medium
R01848,0,0.348510507306773,Medium
R01849,0,0.47162649074607266,Medium
R01850,1,0.4946790121585565,Medium
R01851,0,0.3867540042797249,Medium
R01852,0,0.41769331311650526,Medium
R01853,0,0.40732672060873654,Medium
R01854,1,0.476960661780864,Medium
R01855,0,0.4001542213308873,Medium
R01856,0,0.4576339930682748,Medium
R01857,0,0.4449819718260789,Medium
R01858,1,0.6351415858868961,High
R01859,0,0.4122169637158935,Medium
R01860,0,0.3393263116756745,Medium
R01861,0,0.34563678896538486,Medium
R01862,0,0.24391763566979446,Low
R01863,0,0.45156106837453236,Medium
R01864,0,0.3604035777919556,Medium
R01865,0,0.3434689738803475,Medium
R01866,0,0.428894002067183,Medium
R01867,0,0.45502831145880485,Medium
R01868,0,0.34893702374891705,Medium
R01870,0,0.45492821348330137,Medium
R01871,0,0.4163619188197601,Medium
R01872,0,0.39526605394061803,Medium
R01874,0,0.38836505781527914,Medium
R01875,0,0.4777906543452054,Medium
R01876,0,0.39168975912425685,Medium
R01877,0,0.3713753562688642,Medium
R01878,0,0.42796621984072497,Medium
R01879,0,0.4513910411907754,Medium
R01880,0,0.42266975846090604,Medium
R01881,0,0.37017415713896595,Medium
R01882,0,0.49177211244714547,Medium
R01883,0,0.41813426946930937,Medium
R01884,0,0.392319502442703,Medium
R01885,1,0.5426686848626685,High
R01886,0,0.3092709681056722,Medium
R01887,0,0.44361533263822034,Medium
R01888,1,0.45501502103341956,Medium
R01889,0,0.48537309582031013,Medium
R01891,0,0.4627693572771755,Medium
R01892,0,0.4556143025904311,Medium
R01893,0,0.4135076584774203,Medium
R01895,0,0.339036501113358,Medium
R01896,0,0.3639687137075673,Medium
R01897,0,0.4357230235105456,Medium
R01899,0,0.4050710060126301,Medium
R01900,0,0.43412208387525697,Medium
R01901,0,0.4082769907146791,Medium
R01902,0,0.44805420288471465,Medium
R01903,0,0.3382788910015443,Medium
R01904,0,0.3784304449757474,Medium
R01905,1,0.5345683751676504,High
R01906,0,0.39027969776602445,Medium
R01907,0,0.4431795458720258,Medium
R01908,0,0.3845600644933598,Medium
R01909,0,0.3951153979407026,Medium
R01910,0,0.43857044478529744,Medium
R01911,0,0.43060919917215573,Medium
R01912,0,0.42053494781676365,Medium
R01913,0,0.5034816877482813,High
R01914,0,0.34795353497771225,Medium
R01915,0,0.4700857646060211,Medium
R01916,0,0.4077918389753117,Medium
R01917,0,0.41238409888561867,Medium
R01918,0,0.41040262178960674,Medium
R01919,0,0.46568815958815357,Medium
R01920,0,0.32073056310002096,Medium
R01921,0,0.3614096663119463,Medium
R01922,0,0.3235853418003248,Medium
R01923,0,0.4571951606005944,Medium
R01924,0,0.41783086738775105,Medium
R01925,0,0.4678322926981609,Medium
R01926,1,0.5353937783632255,High
R01927,1,0.4990853166924464,Medium
R01929,0,0.38339102009187687,Medium
R01930,0,0.39605173130038873,Medium
R01932,0,0.42087724934453674,Medium
R01933,0,0.43354575699952685,Medium
R01934,0,0.44128652009191505,Medium
R01935,0,0.4521454021838886,Medium
R01936,0,0.4191150435794904,Medium
R01937,0,0.4010835719285955,Medium
R01938,0,0.4892908742873606,Medium
R01939,0,0.38006142034027585,Medium
R01940,0,0.3524645373717442,Medium
R01941,0,0.348138410472868,Medium
R01942,0,0.29242857284483753,Low
R01943,1,0.5139336494110296,High
R01944,0,0.3445805709671243,Medium
R01945,0,0.35661334775934217,Medium
R01946,0,0.3933182851821717,Medium
R01947,0,0.47403666850441745,Medium
R01948,0,0.4261466182653354,Medium
R01949,0,0.4431818500542999,Medium
R01950,0,0.38485981597355023,Medium
R01951,0,0.4470714087128132,Medium
R01952,0,0.453964358574748,Medium
R01953,0,0.4238215999671862,Medium
R01954,0,0.39688225796513843,Medium
R01955,0,0.33699903562574307,Medium
R01956,0,0.45480407104232,Medium
R01957,0,0.40837843757536624,Medium
R01958,0,0.33464220858869853,Medium
R01959,0,0.36778458485696175,Medium
R01960,0,0.46410593872655737,Medium
R01961,1,0.5911292162821521,High
R01962,0,0.39262389291623934,Medium
R01963,0,0.40201402397222147,Medium
R01964,0,0.31298107882308135,Medium
R01965,0,0.4170727617765694,Medium
R01966,1,0.6286807236169587,High
R01967,0,0.4011796776523311,Medium
R01968,1,0.4055639428469333,Medium
R01970,0,0.42573225652047614,Medium
R01971,0,0.45464717840300245,Medium
R01973,0,0.4761347306362833,Medium
R01974,0,0.37852264904163313,Medium
R01975,0,0.4661321757936103,Medium
R01976,0,0.32193989685070384,Medium
R01977,0,0.34548296062115424,Medium
R01978,0,0.3959451460310497,Medium
R01979,0,0.48928021069656125,Medium
R01980,0,0.4182923399874134,Medium
R01981,0,0.36764608722394315,Medium
R01982,0,0.3853276630382407,Medium
R01983,0,0.37238922300722377,Medium
R01984,0,0.38895809895517863,Medium
R01985,1,0.502312130385268,High
R01986,0,0.39307188734165016,Medium
R01987,0,0.3665240350736144,Medium
R01988,0,0.3971275480709434,Medium
R01989,0,0.41870722635036195,Medium
R01990,0,0.5425705943076139,High
R01991,0,0.4094349623418559,Medium
R01992,1,0.48881199524643776,Medium
R01993,0,0.4886367688426568,Medium
R01994,0,0.43215358347042865,Medium
R01995,0,0.4409446857997461,Medium
R01996,0,0.42945178407941725,Medium
R01997,1,0.5282034517824346,High
R01998,0,0.47285744029371857,Medium
R01999,1,0.48608138579731724,Medium
R02000,1,0.46968035090088983,Medium
R02001,0,0.47330085021919904,Medium
R02002,0,0.3810810279929517,Medium
R02004,0,0.41317472805392574,Medium
R02005,1,0.5114730285251219,High
R02006,0,0.3190915025213496,Medium
R02007,0,0.4958829429025051,Medium
R02008,0,0.35917398716986115,Medium
R02009,0,0.4868654175732541,Medium
R02010,0,0.34041313215876073,Medium
R02011,0,0.43575459354571416,Medium
R02012,0,0.4107168206746314,Medium
R02013,1,0.545809941597478,High
R02014,1,0.5466498367137843,High
R02015,0,0.3372861505128828,Medium
R02016,0,0.4112585795353204,Medium
R02017,0,0.3793803418985582,Medium
R02018,1,0.5067112171062854,High
R02019,0,0.4524417290598614,Medium
R02020,0,0.4405387250801109,Medium
R02021,0,0.4097792855649901,Medium
R02022,1,0.47957356093763837,Medium
R02023,0,0.4388674141806076,Medium
R02024,0,0.5484430620127438,High
R02025,0,0.39670988928607254,Medium
R02027,0,0.3753891720165376,Medium
R02028,1,0.4556935618141843,Medium
R02029,0,0.38203717390537134,Medium
R02031,0,0.408476433324867,Medium
R02032,0,0.40424977450844735,Medium
R02033,0,0.34936604641166225,Medium
R02034,0,0.35691660398134295,Medium
R02035,0,0.4014860881392399,Medium
R02036,0,0.4797679711491773,Medium
R02037,0,0.48872449990861333,Medium
R02038,0,0.3689308304256969,Medium
R02039,0,0.4255976521395838,Medium
R02040,0,0.3942104540703837,Medium
R02041,0,0.3897600089936816,Medium
R02042,1,0.5168541471889028,High
R02043,1,0.49024363184463093,Medium
R02044,0,0.35950253098020263,Medium
R02045,0,0.4238122268032793,Medium
R02046,0,0.42353164674540766,Medium
R02048,0,0.4080098708686123,Medium
R02049,0,0.4255696696598859,Medium
R02050,0,0.35316711224326824,Medium
R02051,0,0.37652050271177073,Medium
R02052,0,0.37700727386966576,Medium
R02053,0,0.40242929217565354,Medium
R02054,0,0.4418040725268122,Medium
R02055,0,0.43909553989836697,Medium
R02056,0,0.43631897274347914,Medium
R02057,0,0.3807064639617566,Medium
R02058,0,0.43611839593667645,Medium
R02059,1,0.5551230002697247,High
R02060,0,0.450144185116653,Medium
R02061,0,0.3982089570158008,Medium
R02062,0,0.39746130229636,Medium
R02063,0,0.36520735266286947,Medium
R02064,0,0.37966173561380695,Medium
R02065,0,0.48878941860529124,Medium
R02066,0,0.3934535670990684,Medium
R02067,1,0.5061330260537623,High
R02069,0,0.4517670132957797,Medium
R02070,0,0.44725018478224704,Medium
R02071,0,0.4193836880334012,Medium
R02072,0,0.4769195078553318,Medium
R02073,0,0.35664867430751257,Medium
R02074,0,0.4114944343290212,Medium
R02075,0,0.30305881306526244,Medium
R02076,0,0.41431236979108094,Medium
R02077,0,0.46221352281847095,Medium
R02079,0,0.41570313184876284,Medium
R02080,0,0.46233953434587,Medium
R02081,0,0.3402436669028032,Medium
R02082,0,0.43212739704215297,Medium
R02083,0,0.4213054514040444,Medium
R02084,1,0.4824750719846076,Medium
R02085,0,0.33377561009194073,Medium
R02086,0,0.4740700132894283,Medium
R02087,0,0.4002853598019624,Medium
R02088,0,0.331696903148643,Medium
R02089,0,0.3910351246834843,Medium
R02090,1,0.5608259272914081,High
R02092,0,0.36867660754847614,Medium
R02093,0,0.4493798488298546,Medium
R02094,1,0.49779700126936055,Medium
R02095,0,0.3852487930022678,Medium
R02096,0,0.44747240325281723,Medium
R02097,0,0.3665258075296658,Medium
R02098,0,0.43978058803176084,Medium
R02099,0,0.3056003915316583,Medium
R02100,0,0.34782804716051563,Medium
R02101,0,0.4057630814746615,Medium
R02102,0,0.4028140704863797,Medium
R02103,0,0.38147326584302804,Medium
R02104,0,0.3723235284326251,Medium
R02105,0,0.37202887640111293,Medium
R02106,0,0.5058067473321654,High
R02107,0,0.4155990790714914,Medium
R02108,0,0.4317203683782258,Medium
R02109,0,0.39124171972165556,Medium
R02110,0,0.492875419302438,Medium
R02111,0,0.44036524685241446,Medium
R02112,0,0.49043690565101933,Medium
R02113,0,0.47211443274246356,Medium
R02114,1,0.35453721177405734,Medium
R02115,0,0.36744462301283726,Medium
R02116,0,0.4221061099524504,Medium
R02117,0,0.4070366735852125,Medium
R02118,1,0.5754149169767743,High
R02119,0,0.39191936376595266,Medium
R02120,0,0.44047601260398883,Medium
R02121,1,0.35717397363971154,Medium
R02122,0,0.3847719452808878,Medium
R02123,0,0.35392768179149603,Medium
R02124,0,0.4160215672552614,Medium
R02125,1,0.5209781637202862,High
R02126,0,0.32263387343946176,Medium
R02127,0,0.47585501584980067,Medium
R02128,0,0.33942002622216777,Medium
R02129,0,0.4248595401769099,Medium
R02130,0,0.3234615916291389,Medium
R02131,0,0.39496287195975355,Medium
R02132,0,0.39508720236005146,Medium
R02133,0,0.4421705036888911,Medium
R02135,0,0.37368880256076303,Medium
R02136,0,0.44300412648870074,Medium
R02137,0,0.449043337102791,Medium
R02138,1,0.43606662357008125,Medium
R02139,0,0.4601371234837996,Medium
R02140,0,0.4071157164496011,Medium
R02141,0,0.40707147732907417,Medium
R02142,0,0.38948064354711326,Medium
R02143,0,0.3708158113549719,Medium
R02144,0,0.41492837077651307,Medium
R02145,0,0.40212339875345454,Medium
R02146,0,0.39294688319519755,Medium
R02147,0,0.3393838005359278,Medium
R02148,0,0.3432417835224556,Medium
R02149,0,0.46475745945437474,Medium
R02150,0,0.3852838539313821,Medium
R02151,0,0.3835143302211293,Medium
R02152,0,0.29840419466453366,Low
R02153,0,0.42932135931980725,Medium
R02154,0,0.43489403123207315,Medium
R02155,0,0.4166716037787226,Medium
R02156,0,0.4493617300761056,Medium
R02157,0,0.3572401895731101,Medium
R02158,0,0.42534561654553793,Medium
R02159,0,0.41357855468990407,Medium
R02160,1,0.41409670803309084,Medium
R02161,0,0.4334649233270598,Medium
R02162,0,0.401610948658157,Medium
R02163,0,0.4075063648672205,Medium
R02164,0,0.4725848485914468,Medium
R02165,0,0.3777938166315286,Medium
R02166,0,0.45376560066139177,Medium
R02167,0,0.4057615064139765,Medium
R02168,0,0.41473757266449046,Medium
R02169,1,0.5498402948662058,High
R02171,0,0.3792976281497322,Medium
R02172,0,0.4507888014994441,Medium
R02173,0,0.4475689176677284,Medium
R02174,0,0.3843810310496938,Medium
R02175,0,0.4062014262813685,Medium
R02176,0,0.4183694486677899,Medium
R02179,0,0.4603303654992697,Medium
R02180,0,0.3425871753564597,Medium
R02181,0,0.41162021248167185,Medium
R02182,1,0.5391466954528688,High
R02183,0,0.45695715384477864,Medium
R02184,0,0.3563304162009675,Medium
R02185,0,0.4214023034339027,Medium
R02186,0,0.3484690818168062,Medium
R02187,0,0.3486466855566266,Medium
R02188,0,0.3971830072270152,Medium
R02189,0,0.3897530729198126,Medium
R02190,0,0.42838554565591946,Medium
R02191,0,0.400082555865964,Medium
R02192,0,0.4275275148228987,Medium
R02193,0,0.42379582693534656,Medium
R02194,0,0.4450060098643063,Medium
R02195,0,0.3579891756290267,Medium
R02196,0,0.37424074722265077,Medium
R02197,0,0.5102903618158041,High
R02198,0,0.4323024563724158,Medium
R02199,0,0.3609787364469366,Medium
R02200,0,0.39328044006548263,Medium
R02201,0,0.43669692312594194,Medium
R02202,0,0.3660468554714054,Medium
R02203,0,0.41738492997029747,Medium
R02204,0,0.5214313087099697,High
R02205,0,0.37267356088524023,Medium
R02206,0,0.37691961841413213,Medium
R02207,0,0.47084118567625344,Medium
R02208,0,0.40697153553294535,Medium
R02209,0,0.4221976877570191,Medium
R02210,1,0.3131285561018662,Medium
R02211,0,0.3524395267888576,Medium
R02212,0,0.4313845615981524,Medium
R02213,0,0.3334876861691029,Medium
R02214,0,0.45073193381836085,Medium
R02215,0,0.463061815382525,Medium
R02216,0,0.5214126893493204,High
R02217,1,0.40835533821536335,Medium
R02218,0,0.3836603692347447,Medium
R02219,0,0.3873890748556078,Medium
R02220,0,0.48135717716115317,Medium
R02221,0,0.3887026682601455,Medium
R02222,0,0.36729725427847804,Medium
R02223,0,0.32757906259076913,Medium
R02224,0,0.46273777085621126,Medium
R02225,0,0.3832083555277346,Medium
R02226,0,0.42644049369444753,Medium
R02227,0,0.40794316465564684,Medium
R02228,0,0.4323280653079798,Medium
R02229,1,0.5394134526722731,High
R02230,0,0.3697393285127907,Medium
R02231,0,0.3882606918548962,Medium
R02233,0,0.44769955570697784,Medium
R02234,0,0.38129767200018116,Medium
R02235,1,0.5386576708400717,High
R02236,0,0.43633845905781826,Medium
R02237,0,0.3525429673323398,Medium
R02238,1,0.5649228208753759,High
R02239,0,0.40088323181269386,Medium
R02240,0,0.38336618675987866,Medium
R02241,0,0.3530090830129001,Medium
R02242,0,0.3876337288059352,Medium
R02243,0,0.4471221416769048,Medium
R02244,0,0.3730453183216621,Medium
R02245,0,0.44340959281529324,Medium
R02246,0,0.3142238851753262,Medium
R02247,0,0.4379313199498634,Medium
R02248,0,0.3470784349417561,Medium
R02249,0,0.41024623707283003,Medium
R02250,0,0.4330639172787918,Medium
R02251,0,0.44025492936748295,Medium
R02252,0,0.2850295300973066,Low
R02253,0,0.4086830728932674,Medium
R02254,0,0.4323044389496453,Medium
R02255,0,0.3839276940260219,Medium
R02257,0,0.41925668499097646,Medium
R02258,0,0.3397645369846894,Medium
R02260,0,0.5213554099248069,High
R02261,0,0.4094068375445376,Medium
R02262,1,0.4813230645447116,Medium
R02263,1,0.5276550024897994,High
R02264,0,0.41936713780113327,Medium
R02265,0,0.38038343192750346,Medium
R02266,0,0.3820056312914117,Medium
R02267,0,0.40593241177907635,Medium
R02268,0,0.4181325384508071,Medium
R02269,0,0.4190401353080538,Medium
R02270,0,0.42560989109916725,Medium
R02271,0,0.3883636106353746,Medium
R02272,0,0.48487204329545236,Medium
R02273,0,0.47446954052967366,Medium
R02275,0,0.36865278589322115,Medium
R02276,0,0.30419904196888137,Medium
R02277,0,0.32862841090051526,Medium
R02278,0,0.4494308992346845,Medium
R02279,0,0.3801475350303003,Medium
R02280,0,0.4289215988918722,Medium
R02281,0,0.4038459811906279,Medium
R02282,0,0.3881128357786385,Medium
R02283,1,0.5670379425130956,High
R02284,0,0.3763112103299113,Medium
R02285,0,0.5018973791155215,High
R02287,0,0.4460208966972649,Medium
R02289,0,0.37965325762960667,Medium
R02290,0,0.4483050402793478,Medium
R02291,0,0.41881933515784836,Medium
R02292,0,0.4210270502072172,Medium
R02293,1,0.45464062866711524,Medium
R02294,0,0.4195511563847258,Medium
R02295,1,0.5721093405836797,High
R02296,1,0.49734661128189456,Medium
R02297,0,0.4428076940576539,Medium
R02298,0,0.4800205709478481,Medium
R02299,0,0.42818584512610464,Medium
R02300,0,0.390749437753409,Medium
R02301,0,0.4555617858389149,Medium
R02302,0,0.37201542923454867,Medium
R02303,0,0.4348966462469438,Medium
R02304,0,0.4344818929859187,Medium
R02305,0,0.38142489764196746,Medium
R02307,0,0.394568028825617,Medium
R02308,1,0.4872133045048694,Medium
R02309,0,0.4105424546599194,Medium
R02310,0,0.4399380917982863,Medium
R02311,0,0.3707162122185491,Medium
R02312,0,0.34921863898253414,Medium
R02314,0,0.3586413339538661,Medium
R02315,0,0.38041307844802014,Medium
R02316,0,0.45085870624790586,Medium
R02317,0,0.48962034871633703,Medium
R02318,0,0.4063592128859177,Medium
R02319,0,0.47754139272634005,Medium
R02320,0,0.308047286309078,Medium
R02321,1,0.4806240210658765,Medium
R02322,0,0.3674804579331742,Medium
R02323,0,0.3427120262816877,Medium
R02324,0,0.2938840958586075,Low
R02325,0,0.356028102396056,Medium
R02326,0,0.44764190211107263,Medium
R02327,0,0.37625031066692827,Medium
R02328,0,0.38438720127296777,Medium
R02329,1,0.48199376732194155,Medium
R02330,0,0.4655316844425588,Medium
R02331,0,0.4040334566486171,Medium
R02332,0,0.32995561514344623,Medium
R02334,0,0.4351814805299977,Medium
R02335,0,0.3438660902355628,Medium
R02336,0,0.4145532848688753,Medium
R02337,0,0.3956998259344225,Medium
R02338,1,0.3800027109622484,Medium
R02339,0,0.3579419031626514,Medium
R02340,0,0.4351115695524031,Medium
R02342,1,0.48632546427095397,Medium
R02343,0,0.429096556058878,Medium
R02344,0,0.3623964359785712,Medium
R02345,0,0.4083351124357413,Medium
R02347,0,0.42050722113408345,Medium
R02348,0,0.382724101686847,Medium
R02349,0,0.4536694397186162,Medium
R02350,1,0.5737317344763259,High
R02351,0,0.3777884107639736,Medium
R02352,0,0.39431731673359144,Medium
R02353,0,0.4836507908775866,Medium
R02354,0,0.42391634925875865,Medium
R02355,0,0.37117267480284516,Medium
R02356,0,0.43164779952249915,Medium
R02357,0,0.326531120023115,Medium
R02358,1,0.5222514622693998,High
R02361,0,0.4349233270809972,Medium
R02363,0,0.39506080593299275,Medium
R02364,0,0.37486767744776567,Medium
R02365,0,0.3726585029268153,Medium
R02366,1,0.5983096280353483,High
R02367,0,0.36587252583075575,Medium
R02369,0,0.37645008685807757,Medium
R02370,0,0.4121940238086046,Medium
R02371,0,0.47490448394831986,Medium
R02372,0,0.3826025391979136,Medium
R02373,0,0.43117859074622317,Medium
R02374,1,0.5890000222002557,High
R02375,0,0.4277802497963883,Medium
R02377,0,0.4922728579240568,Medium
R02378,0,0.4220042640268092,Medium
R02379,0,0.4236520461340179,Medium
R02382,0,0.3499213585410614,Medium
R02383,0,0.38771394796468095,Medium
R02384,0,0.3871268814375856,Medium
R02385,0,0.44164673861880405,Medium
R02386,1,0.5242903710877307,High
R02387,0,0.3880585568541632,Medium
R02388,0,0.3808479081138457,Medium
R02390,0,0.4194751572637129,Medium
R02391,0,0.39835110750442965,Medium
R02392,0,0.40373209049145586,Medium
R02393,0,0.4342969625161843,Medium
R02394,0,0.3823954303054054,Medium
R02395,0,0.3955534267006177,Medium
R02396,0,0.43685143704708596,Medium
R02397,0,0.4243339963683171,Medium
R02398,0,0.34036981257966287,Medium
R02399,0,0.4310972086181325,Medium
R02400,1,0.4753146042477055,Medium
R02401,0,0.4299444546941961,Medium
R02403,0,0.40853238497108635,Medium
R02404,0,0.4128746555922843,Medium
R02405,0,0.41697010059721085,Medium
R02407,0,0.40458447158179994,Medium
R02408,0,0.3509730085303581,Medium
R02409,0,0.3971737176960301,Medium
R02411,0,0.4091431588356789,Medium
R02412,0,0.4426529869159655,Medium
R02413,0,0.314041482850519,Medium
R02414,1,0.5161741251763882,High
R02415,0,0.3686818305360919,Medium
R02416,0,0.43947295152795135,Medium
R02417,0,0.4111903193997615,Medium
R02418,0,0.405195328081237,Medium
R02419,0,0.45073618065611276,Medium
R02420,0,0.3724066426719931,Medium
R02421,1,0.4335412331347988,Medium
R02422,0,0.4458737404557176,Medium
R02423,0,0.41635949109900133,Medium
R02424,1,0.5468894303989656,High
R02425,0,0.333562919903768,Medium
R02426,0,0.3994392719515191,Medium
R02427,0,0.36389436450215595,Medium
R02428,0,0.4304047304892369,Medium
R02429,0,0.42376108221471326,Medium
R02430,0,0.4370313878189973,Medium
R02431,0,0.4569210099974926,Medium
R02432,0,0.39576484475294604,Medium
R02434,0,0.40882286450026234,Medium
R02435,0,0.345610402918717,Medium
R02436,0,0.42872396183098904,Medium
R02437,0,0.4591473286586347,Medium
R02438,0,0.4138768702615499,Medium
R02439,0,0.40056212996602425,Medium
R02440,0,0.3051018147147091,Medium
R02441,1,0.5108174331072725,High
R02442,0,0.33811987225153245,Medium
R02443,0,0.3819590380509812,Medium
R02444,0,0.4101481935731803,Medium
R02445,0,0.4502165729277669,Medium
R02446,0,0.373068969719101,Medium
R02447,0,0.26084524868088727,Low
R02448,0,0.4616198519083447,Medium
R02449,0,0.4331353072849115,Medium
R02450,0,0.4044333669970262,Medium
R02451,0,0.35772821535930305,Medium
R02452,1,0.6126806814413642,High
R02453,0,0.4495571948215912,Medium
R02454,0,0.4643818569165545,Medium
R02455,0,0.39213699126309914,Medium
R02456,0,0.34838885856326435,Medium
R02457,0,0.4028572785430271,Medium
R02458,0,0.36422109616534015,Medium
R02459,1,0.48435313397954505,Medium
R02460,0,0.5124870891574832,High
R02461,0,0.44910254760918616,Medium
R02462,1,0.4550179510428201,Medium
R02463,0,0.3254488531710426,Medium
R02464,1,0.5328192879189062,High
R02465,0,0.4311457989219064,Medium
R02466,0,0.32519782954791976,Medium
R02467,0,0.41561606848302207,Medium
R02468,0,0.44034551116112053,Medium
R02469,0,0.4446766012930252,Medium
R02470,0,0.4292217938811403,Medium
R02471,0,0.4632718841818185,Medium
R02472,0,0.4490508022295108,Medium
R02473,0,0.4026842849222675,Medium
R02474,0,0.44596649193318166,Medium
R02475,0,0.34820449033850115,Medium
R02476,0,0.45441905222813317,Medium
R02477,0,0.40855831690984545,Medium
R02479,0,0.3836150058126364,Medium
R02482,0,0.43625706661228103,Medium
R02483,0,0.39960157435698757,Medium
R02484,1,0.5035609206036349,High
R02485,0,0.4124048599569383,Medium
R02486,0,0.408174562430765,Medium
R02487,0,0.4265362151158138,Medium
R02489,0,0.45454133790403634,Medium
R02490,0,0.3860804471857579,Medium
R02492,0,0.3531400136063369,Medium
R02495,1,0.5422880613733586,High
R02496,0,0.37358562830885617,Medium
R02497,0,0.3665683547839458,Medium
R02498,0,0.3651645291003579,Medium
R02499,0,0.41863354795922286,Medium
R02500,0,0.43825444697745647,Medium
R02502,0,0.4182477275936526,Medium
R02503,0,0.3960628901030229,Medium
R02504,0,0.41799207066384947,Medium
R02505,0,0.47777577023441337,Medium
R02506,0,0.4459679072929326,Medium
R02507,0,0.43131038034329783,Medium
R02508,0,0.4067370651951615,Medium
R02509,1,0.5093918270337285,High
R02510,0,0.42747543792801396,Medium
R02511,0,0.31735424330810497,Medium
R02512,0,0.42832565920066556,Medium
R02513,0,0.3234700490329854,Medium
R02515,0,0.39997338568378216,Medium
R02516,0,0.3728821023836513,Medium
R02517,1,0.49113728317980354,Medium
R02518,0,0.35645930240805673,Medium
R02519,0,0.29959284949398945,Low
R02520,0,0.3794810962442623,Medium
R02521,0,0.45363779336055055,Medium
R02522,1,0.528251404966158,High
R02523,0,0.3678683966942118,Medium
R02525,0,0.38987805502558887,Medium
R02526,0,0.3593023427717721,Medium
R02527,0,0.3616104934297836,Medium
R02529,0,0.4453042991864546,Medium
R02530,0,0.4374366380062797,Medium
R02531,0,0.3984189642205096,Medium
R02532,0,0.3720775307247981,Medium
R02533,0,0.35588740596491525,Medium
R02534,0,0.3984433168347286,Medium
R02535,0,0.3370142022406786,Medium
R02536,0,0.434171094921848,Medium
R02537,0,0.3248231919105096,Medium
R02539,1,0.5369082055297436,High
R02540,0,0.4212300906963627,Medium
R02541,0,0.4584766254228551,Medium
R02542,0,0.42100238015894276,Medium
R02543,1,0.5085911813780697,High
R02544,0,0.38631297032861284,Medium
R02545,0,0.4140080494459417,Medium
R02546,0,0.40075464594793225,Medium
R02547,0,0.43312572532051485,Medium
R02548,0,0.4227170140704446,Medium
R02549,0,0.47186154291830257,Medium
R02550,0,0.4210346206052516,Medium
R02551,0,0.42099662480899835,Medium
R02552,0,0.38683231911932225,Medium
R02553,0,0.41304505331465696,Medium
R02554,0,0.3846075529710247,Medium
R02555,0,0.39623095533926816,Medium
R02557,0,0.43501618232284484,Medium
R02558,0,0.3721327256483956,Medium
R02559,0,0.43656146586658445,Medium
R02560,0,0.4533012542766118,Medium
R02561,0,0.4261519961615657,Medium
R02562,1,0.5464267563481036,High
R02563,0,0.4695013817323537,Medium
R02564,0,0.40145077381720057,Medium
R02566,0,0.39301569392401087,Medium
R02567,0,0.40793040410262343,Medium
R02569,1,0.49236296861062817,Medium
R02570,0,0.44847468237189053,Medium
R02571,0,0.37998398105348985,Medium
R02572,0,0.36450916660867855,Medium
R02573,1,0.49702002966560216,Medium
R02574,1,0.5342711704108802,High
R02575,0,0.3410810054365115,Medium
R02576,1,0.514464133894584,High
R02577,1,0.4857300195921531,Medium
R02578,0,0.430787705675481,Medium
R02580,0,0.3982990284191215,Medium
R02581,1,0.4989763927414363,Medium
R02583,0,0.367377913141777,Medium
R02584,1,0.2515221164909336,Low
R02585,1,0.43086597084082506,Medium
R02586,0,0.3935856780211406,Medium
R02587,0,0.4897726067975243,Medium
R02588,0,0.3229536821599389,Medium
R02589,0,0.33922619540369453,Medium
R02590,0,0.4598903759398951,Medium
R02591,0,0.3705851313246234,Medium
R02592,0,0.4352850349108468,Medium
R02593,0,0.401769030452475,Medium
R02594,0,0.41567815378808304,Medium
R02595,0,0.3894001152630123,Medium
R02596,0,0.38214907414088045,Medium
R02597,0,0.4173458268130332,Medium
R02598,0,0.41561593443079353,Medium
R02599,0,0.39593359361347324,Medium
R02600,1,0.4950550871918237,Medium
R02601,0,0.47961155337600564,Medium
R02602,0,0.42775661143010624,Medium
R02603,0,0.4042754108893729,Medium
R02604,0,0.3935423122502356,Medium
R02605,0,0.47072576792267035,Medium
R02606,0,0.3737577490046484,Medium
R02607,0,0.511375842666241,High
R02608,0,0.3618141123359066,Medium
R02609,0,0.42238406152452357,Medium
R02610,0,0.45900027105141833,Medium
R02611,0,0.4474777310915264,Medium
R02612,0,0.43334145281207836,Medium
R02613,0,0.39836612609234345,Medium
R02614,0,0.38620190439618596,Medium
R02615,0,0.418954839634993,Medium
R02616,1,0.4849850514648091,Medium
R02617,0,0.33468729351949306,Medium
R02618,0,0.3548207989113258,Medium
R02619,0,0.37110481698459485,Medium
R02620,0,0.4123246846797254,Medium
R02621,0,0.3310418705923358,Medium
R02622,0,0.3612986414380994,Medium
R02623,0,0.3418254361534609,Medium
R02624,0,0.4690243651128829,Medium
R02625,0,0.4619508695493713,Medium
R02626,0,0.41626865861470025,Medium
R02627,0,0.4208446301104878,Medium
R02629,0,0.4120513451145593,Medium
R02630,1,0.48660045676652947,Medium
R02631,0,0.36616697818353683,Medium
R02632,0,0.40984521436768356,Medium
R02633,0,0.3856842768978738,Medium
R02634,0,0.41511091874416495,Medium
R02635,0,0.4027219716237373,Medium
R02636,0,0.4535777987014217,Medium
R02637,0,0.4164122269477285,Medium
R02638,0,0.4544984178769231,Medium
R02639,0,0.3988093468379676,Medium
R02640,0,0.39725459075478076,Medium
R02642,0,0.4315740871828565,Medium
R02643,0,0.4013755537933633,Medium
R02644,0,0.36105009447420455,Medium
R02645,1,0.5263482001342186,High
R02646,0,0.44132708791870856,Medium
R02647,0,0.3989045353749054,Medium
R02648,1,0.5258824568569418,High
R02649,0,0.4171718386053294,Medium
R02650,0,0.4002157869469437,Medium
R02652,0,0.4645236203131569,Medium
R02653,0,0.4424445362715474,Medium
R02654,0,0.40972044783417944,Medium
R02655,0,0.3499265356777431,Medium
R02657,0,0.3440887938442667,Medium
R02658,0,0.34689508179042017,Medium
R02659,0,0.4171137690072353,Medium
R02660,0,0.3806566770055488,Medium
R02661,0,0.4668724866555122,Medium
R02662,0,0.3863030640820949,Medium
R02663,0,0.3852947088226941,Medium
R02664,0,0.3895635644476185,Medium
R02666,1,0.5202873525936383,High
R02667,0,0.48428999672663076,Medium
R02668,1,0.4829634605862318,Medium
R02669,0,0.3582285778184546,Medium
R02670,0,0.4112734468900608,Medium
R02671,0,0.3185703833208452,Medium
R02672,0,0.3348300860026507,Medium
R02673,0,0.42755049094067255,Medium
R02674,0,0.2829221211674902,Low
R02676,0,0.42563831309149225,Medium
R02677,1,0.5218182966061624,High
R02678,0,0.3114510075987276,Medium
R02679,0,0.4158117908426969,Medium
R02680,0,0.38209884889395135,Medium
R02681,1,0.496108064553595,Medium
R02682,0,0.43569264614638975,Medium
R02683,0,0.44059095903013257,Medium
R02684,0,0.4204903791269539,Medium
R02685,0,0.4060964533200111,Medium
R02686,0,0.44259947089509616,Medium
R02687,0,0.41077328135891955,Medium
R02688,0,0.33512971610706493,Medium
R02689,1,0.45115032271575173,Medium
R02690,0,0.334239319534156,Medium
R02691,0,0.3020149618815679,Medium
R02692,0,0.45192238239214555,Medium
R02693,0,0.4521737345134056,Medium
R02694,0,0.4231174893762659,Medium
R02695,1,0.5188990695552961,High
R02696,0,0.40920255974328595,Medium
R02697,0,0.43453488585230304,Medium
R02698,0,0.39151116745127823,Medium
R02700,0,0.36220051302789086,Medium
R02701,0,0.3952786840603217,Medium
R02702,0,0.48554029999656545,Medium
R02703,0,0.37941296762475996,Medium
R02704,0,0.37768050726995783,Medium
R02705,0,0.43935595460672977,Medium
R02706,0,0.399129602109709,Medium
R02707,0,0.3749109347062231,Medium
R02708,0,0.4327452072155309,Medium
R02709,0,0.4670619394353146,Medium
R02710,0,0.41327312208032696,Medium
R02711,0,0.30973597251420915,Medium
R02712,0,0.3985514925561663,Medium
R02713,0,0.3872902785418945,Medium
R02714,0,0.4044615143921931,Medium
R02715,0,0.3960958014786612,Medium
R02716,1,0.558358568475157,High
R02717,0,0.39621180903543135,Medium
R02719,0,0.453508665777007,Medium
R02720,0,0.34558557864988027,Medium
R02721,0,0.46178843983030665,Medium
R02722,0,0.36320202111238886,Medium
R02723,0,0.42895922089350824,Medium
R02724,0,0.4493305626705938,Medium
R02725,0,0.4663574724357025,Medium
R02726,0,0.41990645454053727,Medium
R02727,0,0.42289535195688105,Medium
R02728,0,0.35701713378216887,Medium
R02729,0,0.3792315913506778,Medium
R02730,0,0.4181232019104988,Medium
R02731,0,0.40388059891656264,Medium
R02732,0,0.4174586754341918,Medium
R02733,0,0.4717646541037712,Medium
R02734,0,0.3172598199255727,Medium
R02735,0,0.37004238630232245,Medium
R02736,0,0.372264236006758,Medium
R02737,0,0.43586327545287307,Medium
R02738,0,0.409445000253506,Medium
R02739,0,0.34547349471496935,Medium
R02740,0,0.39238285920756866,Medium
R02741,0,0.44848072722293175,Medium
R02742,1,0.5195843244733416,High
R02743,0,0.39610308769586217,Medium
R02744,0,0.36072566156854874,Medium
R02745,0,0.3945493992931269,Medium
R02746,0,0.3931715488137034,Medium
R02747,0,0.3314982199353727,Medium
R02748,0,0.29450183539128966,Low
R02749,0,0.4041891755955778,Medium
R02750,0,0.43408470566668894,Medium
R02751,0,0.45410361657655385,Medium
R02752,0,0.3362625558153329,Medium
R02753,0,0.4468629649939858,Medium
R02754,0,0.33029002980531347,Medium
R02755,0,0.37665209362826607,Medium
R02756,0,0.428603288159364,Medium
R02757,0,0.33656660667836114,Medium
R02758,1,0.5327760923374817,High
R02759,1,0.5175808970245117,High
R02761,0,0.4840514946576856,Medium
R02762,0,0.3917654260000492,Medium
R02763,0,0.45016721673380117,Medium
R02764,0,0.313522628839701,Medium
R02765,0,0.3735728188621198,Medium
R02766,0,0.4538207598317323,Medium
R02767,0,0.4495567974328118,Medium
R02768,0,0.33669372981332474,Medium
R02769,0,0.4305783754244949,Medium
R02770,0,0.36687584757584474,Medium
R02771,0,0.43183501502258104,Medium
R02772,0,0.3778332560750126,Medium
R02773,0,0.5176519545155623,High
R02774,0,0.32367722143755295,Medium
R02775,0,0.42347713458644043,Medium
R02776,0,0.4515418399955322,Medium
R02777,0,0.45554952599946946,Medium
R02778,0,0.416496618585603,Medium
R02779,0,0.4455109018212478,Medium
R02780,0,0.4096713867436091,Medium
R02781,0,0.3530005563703066,Medium
R02782,0,0.43844873946629825,Medium
R02783,0,0.31599775120830026,Medium
R02784,0,0.348165302121188,Medium
R02785,0,0.39278237691504175,Medium
R02786,1,0.3737688064357287,Medium
R02787,0,0.39833311866452875,Medium
R02788,0,0.39745472878252186,Medium
R02789,0,0.45896291481100454,Medium
R02790,0,0.3564652200137997,Medium
R02791,0,0.311863516957567,Medium
R02792,0,0.43111227991466655,Medium
R02793,0,0.36232114588975056,Medium
R02794,1,0.49529980952371006,Medium
R02795,1,0.5130984960047664,High
R02796,0,0.3767299132052703,Medium
R02797,0,0.41533919378126494,Medium
R02798,0,0.4196689128317438,Medium
R02799,0,0.403320446551864,Medium
R02800,0,0.3877448619301957,Medium
R02801,0,0.37463864463758567,Medium
R02802,0,0.415956386140154,Medium
R02803,0,0.4022516248749646,Medium
R02804,0,0.4648235057099936,Medium
R02805,0,0.4426514996306468,Medium
R02806,0,0.37267597903540556,Medium
R02807,0,0.37552302190289927,Medium
R02808,0,0.3832105492193368,Medium
R02809,0,0.32821299233008566,Medium
R02810,0,0.3761800622491121,Medium
R02811,0,0.31365007260883876,Medium
R02812,0,0.4347253378624915,Medium
R02813,0,0.3413355149126921,Medium
R02814,0,0.3522849569599653,Medium
R02815,0,0.39153026185128653,Medium
R02816,0,0.33580866671992843,Medium
R02817,0,0.3783576185396398,Medium
R02818,0,0.4304317820804781,Medium
R02819,0,0.39784291672065886,Medium
R02820,0,0.4376229738381346,Medium
R02821,0,0.4731789796856354,Medium
R02822,1,0.6010121360280362,High
R02823,0,0.37136156371145346,Medium
R02824,0,0.41898621220023524,Medium
R02825,0,0.34307645402184633,Medium
R02826,0,0.38682146021578406,Medium
R02827,0,0.41364850386435875,Medium
R02828,0,0.493033612692421,Medium
R02829,0,0.4337358411793771,Medium
R02830,0,0.45335707018874805,Medium
R02831,0,0.44498367220694873,Medium
R02832,0,0.4564532902621343,Medium
R02833,0,0.425555148453774,Medium
R02834,0,0.37558889523610434,Medium
R02835,0,0.32203728174749147,Medium
R02836,0,0.42428448612645975,Medium
R02837,1,0.5411774860485187,High
R02838,0,0.42021851456829684,Medium
R02839,0,0.30977027652165906,Medium
R02840,0,0.3852519037982705,Medium
R02841,0,0.4006262843023161,Medium
R02842,0,0.34573505694420026,Medium
R02843,0,0.4168504126302874,Medium
R02844,0,0.37054260369649117,Medium
R02845,0,0.4239552887179226,Medium
R02846,1,0.5593467822217668,High
R02847,0,0.4703476358549286,Medium
R02848,0,0.4229536082690948,Medium
R02849,0,0.39729667373940986,Medium
R02850,0,0.5204087263166557,High
R02852,0,0.4248716624025776,Medium
R02853,0,0.3679063708168643,Medium
R02854,0,0.3852147876718382,Medium
R02855,0,0.479270158231895,Medium
R02857,0,0.36665086263958996,Medium
R02858,1,0.5585559223100295,High
R02859,0,0.383765333339875,Medium
R02860,0,0.4153399923409117,Medium
R02861,0,0.4476081892752078,Medium
R02862,0,0.4233526058375526,Medium
R02863,0,0.3731165630946051,Medium
R02864,0,0.291026827771036,Low
R02865,0,0.45129452974636336,Medium
R02866,0,0.397271261040089,Medium
R02867,0,0.3994360036906637,Medium
R02868,1,0.5758335704991357,High
R02869,0,0.3880408842934866,Medium
R02870,0,0.43680225340200196,Medium
R02871,0,0.4678152678168065,Medium
R02872,0,0.348041059603113,Medium
R02873,0,0.41758286639326686,Medium
R02874,0,0.4137129531684691,Medium
R02875,0,0.4359435394682986,Medium
R02876,0,0.4621048177835931,Medium
R02877,0,0.3078757973562387,Medium
R02879,0,0.3339106610809744,Medium
R02882,0,0.46269930684107274,Medium
R02883,0,0.42201601533314814,Medium
R02884,0,0.4252208476448066,Medium
R02886,0,0.39315159439667857,Medium
R02887,0,0.3551351672751798,Medium
R02888,0,0.38036952600382634,Medium
R02889,0,0.42407870397497704,Medium
R02890,0,0.4005077330923205,Medium
R02891,0,0.4420980173712449,Medium
R02892,0,0.43878523062525304,Medium
R02893,0,0.4377956145786389,Medium
R02894,0,0.4018745798823505,Medium
R02895,0,0.489704459236591,Medium
R02896,0,0.4131962134032662,Medium
R02897,0,0.3697943390633525,Medium
R02898,0,0.343321786595878,Medium
R02900,0,0.3991475623582473,Medium
R02901,0,0.32187978036545173,Medium
R02902,1,0.5488455046215654,High
R02903,0,0.439828165040875,Medium
R02904,0,0.3751174452405919,Medium
R02905,0,0.433385262444655,Medium
R02906,1,0.3859785923438524,Medium
R02907,0,0.31336080900324836,Medium
R02908,0,0.3911485025455322,Medium
R02909,0,0.33850565327860155,Medium
R02911,1,0.5066045795169383,High
R02912,1,0.46177815123949495,Medium
R02913,1,0.4696355947170715,Medium
R02914,0,0.4148024896658974,Medium
R02915,0,0.3676645823371936,Medium
R02916,0,0.3447366662059519,Medium
R02917,0,0.2837381188680991,Low
R02918,0,0.4134469013767907,Medium
R02919,0,0.4502398008021648,Medium
R02920,0,0.3136682483537042,Medium
R02921,0,0.4549622088935789,Medium
R02923,0,0.31385287560838365,Medium
R02925,0,0.4907676379435098,Medium
R02926,0,0.44873326074787756,Medium
R02928,0,0.4336129449573074,Medium
R02929,0,0.3205348507153421,Medium
R02930,0,0.42485767950876785,Medium
R02931,0,0.34577711217470175,Medium
R02932,0,0.35291760593694294,Medium
R02933,1,0.559007194434707,High
R02935,0,0.40230357474585515,Medium
R02936,0,0.38577832027642645,Medium
R02937,1,0.5403165722271226,High
R02938,0,0.34232748187177764,Medium
R02939,0,0.3837309548279865,Medium
R02940,0,0.3980574871025782,Medium
R02941,0,0.4143033623191844,Medium
R02942,0,0.38607928589139456,Medium
R02943,0,0.38869291945178974,Medium
R02944,0,0.4311529139016054,Medium
R02945,0,0.36023232993791493,Medium
R02946,1,0.5380916955021378,High
R02948,0,0.3801308731107621,Medium
R02949,0,0.43651695774590316,Medium
R02950,0,0.3798377413048752,Medium
R02951,0,0.30789278096649075,Medium
R02952,0,0.43542275609629705,Medium
R02953,0,0.43630479017347185,Medium
R02954,0,0.4321241724547268,Medium
R02955,0,0.354106690367458,Medium
R02956,0,0.41958396646543383,Medium
R02957,0,0.37738611461288024,Medium
R02958,0,0.389366839619634,Medium
R02959,0,0.38934850116488096,Medium
R02960,0,0.3979368829200792,Medium
R02961,0,0.3972805809976602,Medium
R02962,0,0.44251744947776395,Medium
R02963,0,0.41357323154721487,Medium
R02964,0,0.40078352515013504,Medium
R02965,0,0.4238329998279407,Medium
R02966,0,0.44233913881896286,Medium
R02967,0,0.42808084967341814,Medium
R02968,0,0.4653386032342238,Medium
R02969,0,0.4115374668392509,Medium
R02970,0,0.37807125085656673,Medium
R02971,0,0.44859591074219224,Medium
R02972,0,0.38684500648889375,Medium
R02973,0,0.4501730741836322,Medium
R02974,0,0.39191578675457966,Medium
R02975,0,0.4555610010106617,Medium
R02976,1,0.43958261512653285,Medium
R02977,0,0.36612779353784264,Medium
R02978,0,0.29627012607928654,Low
R02979,0,0.3296700540844074,Medium
R02980,0,0.482484016508201,Medium
R02981,0,0.39776659509981266,Medium
R02982,0,0.49974172582348786,Medium
R02983,0,0.3532061175763637,Medium
R02984,1,0.5497872160574435,High
R02985,0,0.4417961565283003,Medium
R02986,0,0.4634544158597382,Medium
R02987,0,0.4106658216939566,Medium
R02988,0,0.38069385230031844,Medium
R02989,0,0.3609638739219429,Medium
R02991,0,0.3888059076505583,Medium
R02992,0,0.33854293016659676,Medium
R02993,0,0.36073233907124014,Medium
R02996,0,0.3216530621458306,Medium
R02997,0,0.3784513385816875,Medium
R02998,0,0.38302653672537673,Medium
R02999,0,0.4269737665670639,Medium
R03000,0,0.4647531061098493,Medium
R03001,1,0.5117365966310772,High
R03002,0,0.3653986154071508,Medium
R03003,0,0.3808871170544028,Medium
R03004,0,0.4073294684010037,Medium
R03005,0,0.429306352157886,Medium
R03006,0,0.42939923384222256,Medium
R03007,0,0.397121556775232,Medium
R03008,0,0.45073172483713064,Medium
R03009,0,0.3650953888706991,Medium
R03011,0,0.4392807532280296,Medium
R03012,0,0.4095929664790006,Medium
R03013,0,0.46731971562442853,Medium
R03014,0,0.37722131193896474,Medium
R03015,0,0.3981614861540448,Medium
R03016,0,0.3667571019405635,Medium
R03017,0,0.4478713519824815,Medium
R03018,0,0.311232335650678,Medium
R03020,0,0.4444640660969342,Medium
R03021,0,0.368808225168873,Medium
R03023,0,0.3542439873574937,Medium
R03024,0,0.3466657560611596,Medium
R03025,0,0.45178488213094753,Medium
R03026,0,0.4987868587978702,Medium
R03027,0,0.4349909607069043,Medium
R03028,1,0.5812337693251669,High
R03029,0,0.3792826332447652,Medium
R03030,0,0.5047266161604359,High
R03031,0,0.3827376425759978,Medium
R03032,0,0.4470327721302765,Medium
R03033,0,0.4461404895414355,Medium
R03034,0,0.40580513117532696,Medium
R03035,0,0.4184905829587602,Medium
R03036,0,0.42488039978482284,Medium
R03037,0,0.4410624835071134,Medium
R03038,0,0.3697755587232968,Medium
R03039,0,0.5226889848695424,High
R03040,0,0.4280163795413248,Medium
R03041,0,0.3687883632946587,Medium
R03042,0,0.39380527439840357,Medium
R03043,1,0.4978950673131007,Medium
R03044,0,0.3862662210221137,Medium
R03045,1,0.40157037589665845,Medium
R03046,0,0.4576192856127714,Medium
R03047,1,0.5332965607337955,High
R03048,0,0.38305054306102176,Medium
R03049,0,0.3196994073770693,Medium
R03050,0,0.4268335897794186,Medium
R03052,0,0.38649867651705105,Medium
R03053,0,0.3839116520625542,Medium
R03054,0,0.3518081790534342,Medium
R03055,0,0.4254141374191515,Medium
R03056,0,0.3016265102123902,Medium
R03057,0,0.3403003004685302,Medium
R03058,0,0.4050328096082946,Medium
R03059,0,0.47498668501343744,Medium
R03060,0,0.3332417831656228,Medium
R03061,0,0.42778575692607496,Medium
R03062,0,0.4432212036167486,Medium
R03063,0,0.41036213017769896,Medium
R03064,0,0.3706439328094862,Medium
R03065,0,0.29961715517051174,Low
R03066,0,0.4035752994919792,Medium
R03067,1,0.4307773691246404,Medium
R03068,0,0.4313330199019149,Medium
R03069,0,0.4693095145204933,Medium
R03070,1,0.474417118775964,Medium
R03071,0,0.4124857842430346,Medium
R03072,1,0.5232781663736386,High
R03073,0,0.4161233371798527,Medium
R03074,0,0.35137397533393533,Medium
R03076,0,0.4706673841482921,Medium
R03077,0,0.39988281019728267,Medium
R03078,1,0.5492768737368827,High
R03079,0,0.3906684845322921,Medium
R03080,0,0.28306319178214595,Low
R03081,0,0.3553965649369781,Medium
R03082,0,0.4289044273410995,Medium
R03083,0,0.35209244149747776,Medium
R03084,1,0.4939317348454301,Medium
R03085,0,0.4094899846059106,Medium
R03086,0,0.4177784649155612,Medium
R03087,0,0.4044381563096388,Medium
R03088,0,0.4545904701206656,Medium
R03089,0,0.3280785536853717,Medium
R03090,0,0.462712763980236,Medium
R03091,0,0.3864173829201013,Medium
R03092,0,0.3781876624044564,Medium
R03093,0,0.418050142759252,Medium
R03095,0,0.48895308961874656,Medium
R03096,0,0.3852023749732241,Medium
R03097,0,0.47254600736048324,Medium
R03099,0,0.3742975076551342,Medium
R03100,0,0.3748600035614219,Medium
R03101,0,0.35665150733775064,Medium
R03102,0,0.37037331836958826,Medium
R03103,0,0.456509820871718,Medium
R03104,0,0.3949919428820602,Medium
R03105,0,0.402319476939091,Medium
R03106,0,0.3884147902996651,Medium
R03107,0,0.4447391523737061,Medium
R03108,0,0.4351302422523694,Medium
R03109,0,0.4555881990364084,Medium
R03110,1,0.4906104710149309,Medium
R03111,0,0.3974284515408894,Medium
R03112,0,0.40521617826071904,Medium
R03113,0,0.33560824819609325,Medium
R03114,0,0.36809137393077385,Medium
R03115,0,0.3318621569441995,Medium
R03116,0,0.437049363200958,Medium
R03117,0,0.4148736641520791,Medium
R03118,1,0.5141659009206698,High
R03119,0,0.46108919935404474,Medium
R03120,0,0.37146607687693006,Medium
R03121,0,0.42818464045607213,Medium
R03122,0,0.3956708589871195,Medium
R03123,0,0.4011564775002448,Medium
R03124,0,0.47135144195127104,Medium
R03125,0,0.4716541940714007,Medium
R03126,1,0.5332658794848915,High
R03127,0,0.4501859445426901,Medium
R03128,0,0.4320963027592563,Medium
R03129,0,0.38855178741959656,Medium
R03130,0,0.43845004488520545,Medium
R03131,1,0.42820730002665847,Medium
R03132,0,0.3810378247145252,Medium
R03133,1,0.5181841708038908,High
R03134,0,0.4098119460530593,Medium
R03135,0,0.46371952864934207,Medium
R03136,1,0.5327102866180541,High
R03137,0,0.4766944918831659,Medium
R03138,0,0.37028555209974795,Medium
R03139,0,0.4835186797799534,Medium
R03140,0,0.39498876989432935,Medium
R03141,0,0.4289211586280293,Medium
R03142,1,0.48202078653009134,Medium
R03143,0,0.3229603989437648,Medium
R03144,0,0.4034325318884113,Medium
R03145,0,0.32869891163098847,Medium
R03146,0,0.4398060308988421,Medium
R03147,0,0.48172786265607004,Medium
R03148,0,0.3725750312350741,Medium
R03149,0,0.3425081881842437,Medium
R03150,0,0.39286918885798505,Medium
R03152,1,0.5095380228889352,High
R03153,0,0.4657620708059963,Medium
R03154,0,0.46127147293682436,Medium
R03155,0,0.42241647921803427,Medium
R03156,0,0.4316709952452625,Medium
R03157,0,0.4730298659201804,Medium
R03158,0,0.3597565267869088,Medium
R03159,0,0.44268724615414173,Medium
R03160,0,0.39600732754369483,Medium
R03161,0,0.3499110885524606,Medium
R03162,0,0.3742351160068872,Medium
R03163,0,0.40884576701269276,Medium
R03164,0,0.3406621866069724,Medium
R03165,0,0.3122174095696149,Medium
R03166,0,0.4122884418506163,Medium
R03167,0,0.4068558823131361,Medium
R03169,0,0.46014660911780436,Medium
R03170,0,0.3717883757922862,Medium
R03172,0,0.2880905164470139,Low
R03173,0,0.4371457400783719,Medium
R03174,0,0.34097299657134494,Medium
R03175,1,0.5037350085183713,High
R03176,0,0.384403918745086,Medium
R03177,0,0.38439624307306147,Medium
R03178,0,0.37873296015093105,Medium
R03179,0,0.432809654926938,Medium
R03180,0,0.4429155810726377,Medium
R03181,0,0.3413212199118024,Medium
R03182,0,0.5110617396962795,High
R03183,0,0.4090346367652433,Medium
R03184,1,0.48253020250080914,Medium
R03185,0,0.41645399879182804,Medium
R03186,0,0.39013765660931726,Medium
R03187,0,0.29974874289364994,Low
R03188,0,0.4585889423681634,Medium
R03189,0,0.4242992655223047,Medium
R03190,0,0.3431364269297264,Medium
R03191,0,0.5271461991296645,High
R03192,0,0.44987549667108717,Medium
R03193,1,0.5098324905020247,High
R03194,0,0.43232610785004427,Medium
R03195,0,0.4193351242238586,Medium
R03197,0,0.4182999155406674,Medium
R03199,0,0.390487542672717,Medium
R03200,1,0.4653629247231491,Medium
R03201,0,0.32528193366467856,Medium
R03202,0,0.4669087219000732,Medium
R03203,0,0.38164674286423955,Medium
R03206,0,0.4210192305777226,Medium
R03207,0,0.45183041563084797,Medium
R03208,0,0.3787694151699676,Medium
R03209,0,0.39460509278156874,Medium
R03210,0,0.27368446080058534,Low
R03211,0,0.3633552152607532,Medium
R03212,0,0.41750278317863876,Medium
R03213,0,0.451077947226728,Medium
R03214,0,0.39885506222567535,Medium
R03215,0,0.40320059259500546,Medium
R03216,0,0.4804923962389989,Medium
R03217,0,0.378820941506997,Medium
R03218,0,0.4147426609063218,Medium
R03219,0,0.4142469882955729,Medium
R03221,0,0.3362189735669532,Medium
R03222,0,0.4552165060546594,Medium
R03223,0,0.377440013479147,Medium
R03224,0,0.4605375594567528,Medium
R03225,0,0.34318264202999726,Medium
R03226,0,0.3908594484588678,Medium
R03227,0,0.33529938062377307,Medium
R03228,0,0.3364813961051555,Medium
R03229,0,0.43719829622803297,Medium
R03230,0,0.4430612013781603,Medium
R03231,0,0.37195283861952705,Medium
R03233,0,0.410721603483853,Medium
R03234,0,0.47263138374010744,Medium
R03235,0,0.3464547559853441,Medium
R03236,0,0.3370360821203078,Medium
R03237,0,0.26561362852592596,Low
R03238,0,0.4190015166009145,Medium
R03239,0,0.39771594027933005,Medium
R03240,0,0.35300487011835946,Medium
R03241,0,0.3941818346925195,Medium
R03242,0,0.4297344593291137,Medium
R03243,0,0.3600617832860824,Medium
R03244,0,0.39650181726916517,Medium
R03245,0,0.38175191409334985,Medium
R03246,0,0.40442711096301587,Medium
R03247,1,0.5528333749386511,High
R03248,0,0.47401125669802335,Medium
R03249,0,0.38590516368641564,Medium
R03250,0,0.46068999996532267,Medium
R03251,0,0.41781358994341056,Medium
R03252,0,0.38966484898884574,Medium
R03254,0,0.3700496094658223,Medium
R03255,1,0.5612609659431171,High
R03256,1,0.49474899211501616,Medium
R03257,0,0.34708711946955634,Medium
R03258,0,0.36542930878722496,Medium
R03259,0,0.4354319409683322,Medium
R03260,0,0.3452403785287251,Medium
R03261,0,0.43567348900341263,Medium
R03262,0,0.4381751665099757,Medium
R03263,0,0.45518972301241895,Medium
R03264,0,0.3849922348578501,Medium
R03265,0,0.31720131960096587,Medium
R03266,0,0.3974614978058426,Medium
R03267,0,0.34392561503164454,Medium
R03268,0,0.43818343916756086,Medium
R03269,0,0.3236679792604796,Medium
R03270,0,0.4892727755684444,Medium
R03272,0,0.39961807124215887,Medium
R03273,0,0.4199124460796784,Medium
R03274,1,0.5468652205696468,High
R03275,0,0.3732298297398246,Medium
R03276,0,0.3888380750867617,Medium
R03277,0,0.4718498962195048,Medium
R03278,0,0.31683147978401066,Medium
R03279,1,0.49028384904827166,Medium
R03280,0,0.422286403587737,Medium
R03281,0,0.46897028044455946,Medium
R03282,0,0.4291354502689657,Medium
R03283,0,0.481113001303699,Medium
R03284,0,0.46180823238296137,Medium
R03285,0,0.3358954133854425,Medium
R03286,1,0.5505863664655372,High
R03287,0,0.46003294860961474,Medium
R03288,0,0.45759170823680406,Medium
R03289,0,0.4264415592157832,Medium
R03290,0,0.41849424465524365,Medium
R03291,0,0.40108564156278553,Medium
R03292,0,0.35445337262870746,Medium
R03293,0,0.43795019922414313,Medium
R03294,0,0.4151304664261787,Medium
R03295,0,0.44546420822057725,Medium
R03296,0,0.3641627491054345,Medium
R03297,0,0.3377815235578769,Medium
R03298,0,0.4609730690031308,Medium
R03299,0,0.39806219278643,Medium
R03300,0,0.4054567482619386,Medium
R03301,0,0.44004406664651924,Medium
R03303,0,0.41193016794625364,Medium
R03304,0,0.42726725104200436,Medium
R03306,0,0.43089914205890956,Medium
R03307,0,0.4686361218498354,Medium
R03308,0,0.40226366853472517,Medium
R03309,0,0.40620299292271267,Medium
R03310,0,0.41615885326335217,Medium
R03311,0,0.4421673563167676,Medium
R03312,0,0.4119975556854827,Medium
R03314,0,0.38622294672180346,Medium
R03315,0,0.3859274936870327,Medium
R03316,0,0.4167949348483391,Medium
R03318,0,0.4307871186636713,Medium
R03319,0,0.37716436211958565,Medium
R03320,0,0.41884645138200804,Medium
R03321,0,0.4328201445581182,Medium
R03322,0,0.48131685696247933,Medium
R03323,0,0.3921184463807979,Medium
R03324,0,0.39470179602958416,Medium
R03325,0,0.3585405789207449,Medium
R03326,0,0.3681591867479723,Medium
R03327,0,0.41958239093319866,Medium
R03328,0,0.45436210923677556,Medium
R03329,0,0.36153763652863596,Medium
R03331,0,0.4452388377183623,Medium
R03332,0,0.4259594263811543,Medium
R03333,0,0.429125038293075,Medium
R03335,0,0.37515848356230264,Medium
R03336,0,0.35734515773107617,Medium
R03337,0,0.39312259201587196,Medium
R03339,0,0.43493865179542274,Medium
R03340,0,0.4423639171277738,Medium
R03341,0,0.3527205225965478,Medium
R03342,1,0.5289694574443574,High
R03343,0,0.392114160013971,Medium
R03344,0,0.3694533868004909,Medium
R03345,0,0.43667557739656565,Medium
R03346,0,0.4146887970356387,Medium
R03347,0,0.3584078853152508,Medium
R03348,1,0.47322464716381274,Medium
R03349,0,0.4171948946935102,Medium
R03350,0,0.44648637095582466,Medium
R03351,0,0.4070252175095746,Medium
R03352,0,0.42609461075954636,Medium
R03353,0,0.4437651053159117,Medium
R03354,0,0.4150205595721574,Medium
R03355,0,0.4056583924124923,Medium
R03356,0,0.3925377189989801,Medium
R03357,0,0.4543642504888538,Medium
R03359,1,0.5253690700875033,High
R03360,0,0.37095826927433484,Medium
R03361,0,0.42802141779763714,Medium
R03362,0,0.39625376751276664,Medium
R03363,0,0.3867304546991418,Medium
R03364,0,0.3527376347721264,Medium
R03365,0,0.44126389041471425,Medium
R03366,0,0.4386941663294531,Medium
R03367,0,0.32561946352266913,Medium
R03368,0,0.3033749568415953,Medium
R03369,0,0.37461013928704295,Medium
R03370,0,0.4147942439215992,Medium
R03371,0,0.3840145053294676,Medium
R03372,0,0.3986608600231105,Medium
R03373,0,0.4089744085726322,Medium
R03374,0,0.4645076939643745,Medium
R03375,0,0.3568050561140378,Medium
R03377,0,0.3371977029742832,Medium
R03378,0,0.34197598318792066,Medium
R03380,0,0.48535140100312857,Medium
R03381,0,0.3660485333916839,Medium
R03382,0,0.3350228866825497,Medium
R03383,0,0.5146642294647098,High
R03384,0,0.4503354116128815,Medium
R03385,0,0.3672482346313678,Medium
R03386,1,0.3748006925281268,Medium
R03387,0,0.3414230179630011,Medium
R03388,0,0.44090014103504294,Medium
R03389,1,0.4326176123310833,Medium
R03390,0,0.33724206582560334,Medium
R03391,0,0.44061777867612134,Medium
R03392,0,0.3799434662411205,Medium
R03393,0,0.4150270044671995,Medium
R03394,0,0.32336681252635197,Medium
R03395,0,0.33526533272900993,Medium
R03396,0,0.40971924391893016,Medium
R03397,0,0.4342737451673838,Medium
R03398,1,0.5301258772316926,High
R03399,1,0.5218807812480393,High
R03400,0,0.40171157444319433,Medium
R03401,0,0.28138047420253876,Low
R03402,0,0.31701982306832244,Medium
R03403,0,0.39348710643136653,Medium
R03404,0,0.3721977138177111,Medium
R03405,0,0.44467963628918467,Medium
R03407,0,0.4405453264042354,Medium
R03408,0,0.36208209350579124,Medium
R03409,0,0.3652393372646889,Medium
R03410,0,0.3775239792930913,Medium
R03411,0,0.3875531126142143,Medium
R03412,0,0.3654769702935409,Medium
R03413,0,0.34255916081056875,Medium
R03414,0,0.3440852472039812,Medium
R03416,1,0.5169887786772367,High
R03417,1,0.5420788722126563,High
R03418,0,0.47905265599357494,Medium
R03419,0,0.43762217663091396,Medium
R03421,0,0.4189311162398501,Medium
R03422,1,0.42934986197642955,Medium
R03423,0,0.34205371497632425,Medium
R03424,1,0.5200167256360488,High
R03425,0,0.42724820643293654,Medium
R03426,0,0.35703539013788116,Medium
R03427,0,0.40043487072509926,Medium
R03428,0,0.4381219065843691,Medium
R03429,0,0.44987375505292143,Medium
R03430,0,0.37894968596019873,Medium
R03431,0,0.3314358096657152,Medium
R03433,1,0.40540470740948864,Medium
R03434,0,0.3960365174721933,Medium
R03435,0,0.35774032883801477,Medium
R03436,0,0.3906797765849882,Medium
R03437,0,0.3918240613168399,Medium
R03438,0,0.43844842405297124,Medium
R03439,1,0.4905853304790495,Medium
R03440,0,0.3259971928124893,Medium
R03441,0,0.4296659873222216,Medium
R03442,0,0.4440504462734154,Medium
R03444,1,0.4067926357764699,Medium
R03445,0,0.44002323372481483,Medium
R03446,1,0.3856710219486048,Medium
R03447,0,0.352640874626238,Medium
R03448,0,0.42939165708155463,Medium
R03449,1,0.3357217093758097,Medium
R03450,1,0.49249933884807945,Medium
R03451,1,0.5370462937245511,High
R03452,0,0.30211134913798515,Medium
R03453,0,0.35408719408070566,Medium
R03454,0,0.35346841437074067,Medium
R03455,0,0.4125265196697201,Medium
R03456,0,0.43531635308677685,Medium
R03457,0,0.46986688894212114,Medium
R03458,0,0.4156615713541156,Medium
R03459,0,0.4486072377968796,Medium
R03460,0,0.36603551609352697,Medium
R03461,0,0.4277451848553078,Medium
R03462,0,0.3939194494957114,Medium
R03463,0,0.42498286116237155,Medium
R03464,0,0.44103650997402205,Medium
R03465,1,0.5378065280370036,High
R03466,0,0.3933704669533148,Medium
R03467,0,0.40203233743842837,Medium
R03468,0,0.3888178530313809,Medium
R03469,0,0.3668117059198922,Medium
R03470,0,0.4021820022707988,Medium
R03471,0,0.38877959936064116,Medium
R03472,0,0.32041741547697805,Medium
R03473,1,0.5056792887492219,High
R03474,0,0.4641890124709812,Medium
R03475,0,0.37968611871277147,Medium
R03476,1,0.4877708236214751,Medium
R03477,0,0.4347473019683615,Medium
R03478,0,0.44358023620791637,Medium
R03479,0,0.36722581766963286,Medium
R03480,0,0.4151383473626434,Medium
R03481,1,0.5319866442646722,High
R03482,0,0.3370234326396007,Medium
R03483,0,0.3846397316350342,Medium
R03484,0,0.48065504957262517,Medium
R03485,0,0.34516702750070827,Medium
R03486,0,0.4275035577787291,Medium
R03487,0,0.3383313999996507,Medium
R03488,0,0.4680928433656677,Medium
R03489,0,0.4051287999822107,Medium
R03490,0,0.3244391025147795,Medium
R03491,0,0.34563767543599305,Medium
R03492,0,0.4374585649219948,Medium
R03493,0,0.43530336210840576,Medium
R03494,0,0.39767281153528705,Medium
R03495,0,0.3820847290437151,Medium
R03496,1,0.5229643911626147,High
R03497,1,0.5056109469420725,High
R03498,0,0.44694898405257105,Medium
R03499,0,0.31295452120573924,Medium
R03500,0,0.45442806661132457,Medium
R03501,1,0.5289822535624485,High
R03502,0,0.3815870217486219,Medium
R03503,0,0.3619837911821691,Medium
R03505,1,0.5122453991565007,High
R03506,1,0.5651958620739819,High
R03509,0,0.3757642109324837,Medium
R03510,0,0.4437843300033411,Medium
R03511,0,0.3904546070361457,Medium
R03512,0,0.4502913986294426,Medium
R03513,1,0.5159408498680691,High
R03514,0,0.4077902544681434,Medium
R03515,0,0.42815932882475677,Medium
R03516,0,0.3719260206396381,Medium
R03517,0,0.36455997322887657,Medium
R03518,0,0.40307179932660087,Medium
R03519,0,0.4309652745384201,Medium
R03521,0,0.40677666708521215,Medium
R03522,0,0.41286604990610065,Medium
R03523,0,0.41777218486724216,Medium
R03524,1,0.5141801666507875,High
R03525,0,0.4154168355931652,Medium
R03526,0,0.39657682522019416,Medium
R03527,0,0.5416284856852599,High
R03528,0,0.3752361481273522,Medium
R03529,0,0.335337799815637,Medium
R03530,0,0.47507522719443024,Medium
R03531,0,0.4418088447368998,Medium
R03532,0,0.4662162701762099,Medium
R03533,0,0.3316186913597574,Medium
R03534,0,0.3647683891175872,Medium
R03535,0,0.3737685621354491,Medium
R03536,0,0.39125586598141576,Medium
R03537,1,0.5234755143656017,High
R03538,0,0.3909278404391938,Medium
R03540,1,0.5178902135285304,High
R03541,0,0.4113595871180534,Medium
R03542,0,0.36573640108349686,Medium
R03543,0,0.4084670284553254,Medium
R03544,0,0.38555633012539614,Medium
R03545,0,0.3922243021210732,Medium
R03547,1,0.4838287710399867,Medium
R03548,0,0.3505255724850728,Medium
R03549,0,0.3698488165202071,Medium
R03550,0,0.390670658377703,Medium
R03551,0,0.3611538209131087,Medium
R03552,0,0.3072774521198885,Medium
R03553,1,0.5313357749107085,High
R03554,0,0.42447543849552366,Medium
R03555,0,0.4076181887032236,Medium
R03556,0,0.41628610373192687,Medium
R03557,0,0.42166561701327915,Medium
R03558,0,0.4590023360959688,Medium
R03560,0,0.40198853338057916,Medium
R03561,0,0.4301099267253752,Medium
R03562,0,0.4331583573055975,Medium
R03563,0,0.44213170064594626,Medium
R03564,0,0.39324243041691226,Medium
R03565,0,0.3790597921881678,Medium
R03566,0,0.4132115933632854,Medium
R03567,0,0.48236823947055574,Medium
R03569,0,0.46044964991571496,Medium
R03570,0,0.4070595248361854,Medium
R03571,0,0.4585589859019021,Medium
R03572,0,0.3349536706182684,Medium
R03574,0,0.41083992166006,Medium
R03575,0,0.4121938422901409,Medium
R03576,0,0.39827603127756517,Medium
R03577,0,0.42296149020646623,Medium
R03578,0,0.401216306960389,Medium
R03580,0,0.38412876391498957,Medium
R03581,0,0.4099812582990382,Medium
R03582,0,0.3614372794181973,Medium
R03583,0,0.38252470235285413,Medium
R03584,0,0.35389305882612965,Medium
R03585,0,0.38633088568198537,Medium
R03586,0,0.39072554679360477,Medium
R03588,0,0.41785619051375794,Medium
R03589,0,0.4397805623094776,Medium
R03590,0,0.3457457854933952,Medium
R03591,0,0.3666289411582541,Medium
R03592,0,0.3827224918220499,Medium
R03593,0,0.4255488391060161,Medium
R03594,0,0.4287622985341442,Medium
R03595,1,0.46924105128951044,Medium
R03596,0,0.38243215919286383,Medium
R03597,0,0.4522187006076186,Medium
R03598,0,0.47402924731197105,Medium
R03599,1,0.378554626566115,Medium
R03600,0,0.43148418128813354,Medium
R03601,0,0.45123110694001606,Medium
R03602,0,0.36793077504835525,Medium
R03603,0,0.3577677873233393,Medium
R03604,0,0.3780348818842308,Medium
R03605,0,0.33617699439488596,Medium
R03606,0,0.45603552250123663,Medium
R03607,0,0.4173089886795966,Medium
R03608,0,0.3977203564497799,Medium
R03609,1,0.39740797544727796,Medium
R03610,0,0.3899161366201224,Medium
R03611,0,0.39135890542996243,Medium
R03612,0,0.46410980925972234,Medium
R03613,0,0.3680404174562228,Medium
R03614,0,0.45165233857303433,Medium
R03615,0,0.37979179280520553,Medium
R03616,0,0.3702956053595116,Medium
R03617,0,0.36946116979125115,Medium
R03618,0,0.47127890138069645,Medium
R03619,0,0.4590874683805412,Medium
R03620,0,0.35350410752862776,Medium
R03621,0,0.374115116245113,Medium
R03622,0,0.3243613859236725,Medium
R03624,0,0.3251182679450183,Medium
R03625,0,0.3948202080805981,Medium
R03626,0,0.49444492712003596,Medium
R03627,0,0.41089100779464666,Medium
R03628,0,0.4187588373088718,Medium
R03629,0,0.3900225337530502,Medium
R03630,0,0.4937847165764109,Medium
R03631,0,0.37122360909194635,Medium
R03632,1,0.5032557095114502,High
R03633,0,0.35624780083382973,Medium
R03634,0,0.3124703700187861,Medium
R03635,0,0.457381305579556,Medium
R03636,1,0.5041201479976842,High
R03637,0,0.369579069755884,Medium
R03638,0,0.38735423814936576,Medium
R03639,0,0.39262604686735536,Medium
R03640,0,0.3936689868329391,Medium
R03641,1,0.556751306894296,High
R03642,0,0.29372990201129956,Low
R03643,0,0.4190229085692255,Medium
R03644,0,0.35906545959191694,Medium
R03645,1,0.4424099008085859,Medium
R03646,0,0.41698072309151685,Medium
R03647,0,0.4017572667475082,Medium
R03648,0,0.39858614717377205,Medium
R03649,0,0.43109660790510984,Medium
R03651,0,0.2930323389137302,Low
R03652,1,0.45289187335512243,Medium
R03653,1,0.514440828876585,High
R03654,0,0.3506318326356589,Medium
R03655,0,0.38178304357266213,Medium
R03657,0,0.47630817999762554,Medium
R03658,0,0.35030468475494764,Medium
R03659,1,0.5390068532077814,High
R03660,1,0.4758581738199939,Medium
R03661,0,0.46844307197263546,Medium
R03662,0,0.3033468116972899,Medium
R03664,0,0.45165935621994535,Medium
R03665,0,0.3963848443071988,Medium
R03666,0,0.4710804674868749,Medium
R03667,0,0.4664699313678887,Medium
R03668,0,0.42651043418635637,Medium
R03669,1,0.5226090950865223,High
R03670,1,0.5945162272582416,High
R03671,0,0.3641647368613834,Medium
R03672,0,0.2989196878294615,Low
R03674,0,0.4072495929679599,Medium
R03675,0,0.4201939662636178,Medium
R03676,0,0.37155050345005963,Medium
R03677,0,0.4412411752862358,Medium
R03678,0,0.3932967756592099,Medium
R03679,1,0.39926699566013274,Medium
R03680,1,0.5079359558309752,High
R03681,1,0.5082840571593127,High
R03682,0,0.3622336682486811,Medium
R03683,0,0.37787195297212783,Medium
R03685,0,0.3916189555700795,Medium
R03686,1,0.5556335315204693,High
R03688,0,0.3700679664476407,Medium
R03689,1,0.4240326275931572,Medium
R03690,0,0.44472887247090903,Medium
R03691,1,0.5172477052441533,High
R03692,0,0.40622922704862224,Medium
R03693,0,0.39693926787258194,Medium
R03694,0,0.3984459541413625,Medium
R03695,0,0.374021573702914,Medium
R03696,0,0.4131739046443711,Medium
R03697,0,0.36984237578039,Medium
R03698,0,0.37184789779620225,Medium
R03699,0,0.37568707562679643,Medium
R03700,0,0.44123311398598813,Medium
R03701,0,0.41196735631389,Medium
R03702,0,0.4146417535155809,Medium
R03703,0,0.42269571739583567,Medium
R03704,0,0.46913116356719947,Medium
R03705,0,0.4243090840757899,Medium
R03706,0,0.36792024894463415,Medium
R03707,0,0.4103807612151572,Medium
R03708,0,0.39911707168824784,Medium
R03709,0,0.44192107246445334,Medium
R03710,0,0.37595449537664605,Medium
R03711,0,0.3792713275451169,Medium
R03712,0,0.45647220035993014,Medium
R03714,0,0.45960847331406357,Medium
R03715,0,0.43524978247516977,Medium
R03716,1,0.5182638855042235,High
R03717,0,0.39868685272680005,Medium
R03718,0,0.4293030674185374,Medium
R03719,0,0.4387109564398111,Medium
R03720,0,0.3729561344377579,Medium
R03722,0,0.42014248841909546,Medium
R03723,1,0.5549051531268325,High
R03724,0,0.3768819242818717,Medium
R03725,0,0.4051638649566627,Medium
R03726,0,0.4183754665123783,Medium
R03727,0,0.45919214161877503,Medium
R03728,0,0.39714668960683286,Medium
R03729,0,0.4667207725590423,Medium
R03730,1,0.4749882803199281,Medium
R03731,0,0.33244643682823033,Medium
R03732,0,0.28580148213907175,Low
R03734,0,0.3908110554736883,Medium
R03735,0,0.298096810340358,Low
R03736,0,0.4087047297633209,Medium
R03738,0,0.4167414943200914,Medium
R03740,0,0.4191186787195305,Medium
R03741,1,0.4892579891897928,Medium
R03742,1,0.576379719666556,High
R03743,0,0.4615071954219225,Medium
R03745,0,0.4112106787221087,Medium
R03746,0,0.3500664932949117,Medium
R03747,0,0.4307387687339479,Medium
R03748,0,0.4276766815517306,Medium
R03749,0,0.38717706342452274,Medium
R03750,0,0.42762674422463454,Medium
R03751,0,0.4603272014643111,Medium
R03752,1,0.4936892682397944,Medium
R03753,1,0.50533138109832,High
R03754,0,0.4796343480893095,Medium
R03755,0,0.3726944805674268,Medium
R03756,0,0.4113414610063701,Medium
R03757,0,0.4222540962792198,Medium
R03758,0,0.4571556108064963,Medium
R03759,0,0.43768101776404245,Medium
R03760,0,0.5282003934013475,High
R03761,0,0.39140761303669014,Medium
R03762,1,0.5268794167403059,High
R03763,1,0.5729787284980329,High
R03764,0,0.37913256606794915,Medium
R03765,0,0.39186744298072157,Medium
R03766,0,0.4286884280154084,Medium
R03767,1,0.5227543243503805,High
R03768,0,0.4184750128047693,Medium
R03769,0,0.4164176156459447,Medium
R03770,0,0.4416742380792709,Medium
R03771,0,0.45271329860925674,Medium
R03772,0,0.3963057535988954,Medium
R03773,1,0.3882214284356545,Medium
R03774,0,0.37476837954975667,Medium
R03775,0,0.39146547097599305,Medium
R03776,0,0.308594304260724,Medium
R03777,0,0.46345352397610123,Medium
R03778,0,0.41810532951484175,Medium
R03779,0,0.429133871282114,Medium
R03781,0,0.40602367006120443,Medium
R03782,0,0.35443993629898074,Medium
R03783,0,0.3189862598866755,Medium
R03784,0,0.3431731132587765,Medium
R03785,0,0.4615880767979093,Medium
R03786,0,0.48305342689113506,Medium
R03787,0,0.40709854324987527,Medium
R03788,0,0.41578479908073424,Medium
R03789,0,0.4881188280758134,Medium
R03790,1,0.5185158068633432,High
R03791,0,0.3622081533060256,Medium
R03792,0,0.38767895245311956,Medium
R03793,0,0.44435068327325367,Medium
R03794,0,0.39849921015074097,Medium
R03795,0,0.42813463291250886,Medium
R03796,0,0.3918436535558114,Medium
R03797,1,0.5697508598909039,High
R03798,0,0.4202003950240419,Medium
R03799,0,0.4588965322713126,Medium
R03800,0,0.3670126084830884,Medium
R03801,0,0.38299924977250993,Medium
R03803,0,0.33955198488254146,Medium
R03804,1,0.5102086153153058,High
R03805,0,0.4132986060271093,Medium
R03806,0,0.44266878445113506,Medium
R03807,0,0.40586149343960903,Medium
R03808,0,0.48528976373681026,Medium
R03809,0,0.3253966451905568,Medium
R03810,1,0.36856284814603507,Medium
R03811,0,0.4771590663677569,Medium
R03812,0,0.3603616412901925,Medium
R03813,0,0.4543746496516697,Medium
R03814,0,0.36075315761021387,Medium
R03816,0,0.41743119382647664,Medium
R03817,0,0.41125696910760373,Medium
R03818,0,0.44398905004436356,Medium
R03820,0,0.4480316053026581,Medium
R03821,0,0.46563366561090147,Medium
R03822,0,0.3994555661941874,Medium
R03823,0,0.43486170471044194,Medium
R03825,0,0.4775572857993686,Medium
R03826,0,0.31525985605182805,Medium
R03827,0,0.40387467248870307,Medium
R03828,0,0.39966383805393835,Medium
R03829,0,0.44652016347415446,Medium
R03830,0,0.36581246177544613,Medium
R03831,0,0.3667121130548054,Medium
R03832,0,0.4028574267827191,Medium
R03833,0,0.44516387314763384,Medium
R03834,1,0.3390642405260359,Medium
R03835,0,0.3724230778246539,Medium
R03836,0,0.4475057391694013,Medium
R03837,0,0.447679604571201,Medium
R03838,0,0.3602322926054046,Medium
R03839,0,0.36230962008321704,Medium
R03840,0,0.4243835838597436,Medium
R03841,0,0.4020487616399668,Medium
R03842,0,0.5332028354963231,High
R03843,0,0.4464554871577555,Medium
R03844,0,0.35614923694155165,Medium
R03845,1,0.4344107320631197,Medium
R03846,0,0.3974142481614112,Medium
R03847,0,0.3576067667800356,Medium
R03848,0,0.38692412492801753,Medium
R03849,0,0.2756211989636568,Low
R03850,0,0.43017339259303716,Medium
R03851,1,0.3977857896173975,Medium
R03852,0,0.47812371791986297,Medium
R03853,0,0.3784422595600245,Medium
R03854,0,0.3440915984394605,Medium
R03855,0,0.448759722364828,Medium
R03856,0,0.42366039882981815,Medium
R03857,0,0.3745853814245358,Medium
R03859,0,0.43921571476080523,Medium
R03861,0,0.3589128833260654,Medium
R03862,0,0.3842115406971988,Medium
R03863,0,0.45540897829299065,Medium
R03864,0,0.4320667741960339,Medium
R03865,0,0.3218744298653864,Medium
R03866,0,0.44430859778365794,Medium
R03867,0,0.3512743783609421,Medium
R03868,0,0.3624577531630952,Medium
R03869,0,0.3388724781860605,Medium
R03870,0,0.3921094802506493,Medium
R03872,1,0.5185477724249326,High
R03874,0,0.45608963080178844,Medium
R03875,0,0.3280941022150281,Medium
R03876,0,0.38857376472005567,Medium
R03877,0,0.35736021163137877,Medium
R03878,0,0.3493432045851538,Medium
R03879,1,0.5432250693847834,High
R03880,0,0.44611977130487857,Medium
R03881,1,0.3909018276524454,Medium
R03882,0,0.393712652695411,Medium
R03883,0,0.4564901539910226,Medium
R03884,0,0.44690248780554326,Medium
R03885,0,0.403163947701125,Medium
R03886,0,0.3038428378335347,Medium
R03887,0,0.42001408833836407,Medium
R03888,1,0.5245500759785144,High
R03889,0,0.38088124756065755,Medium
R03890,0,0.5046168291900355,High
R03891,0,0.40524341294230753,Medium
R03892,0,0.3856967138759916,Medium
R03893,0,0.389348099906193,Medium
R03894,0,0.4029090441064616,Medium
R03895,0,0.4343225166462993,Medium
R03896,0,0.33070964110224144,Medium
R03897,0,0.4436052910340911,Medium
R03898,0,0.37596673396781727,Medium
R03899,0,0.4468861727847113,Medium
R03900,0,0.4028233783370907,Medium
R03901,0,0.432951054990024,Medium
R03902,0,0.41867994896807004,Medium
R03903,0,0.4119000143858005,Medium
R03904,0,0.4094144323705012,Medium
R03905,0,0.42695297255743414,Medium
R03906,0,0.3902402930032634,Medium
R03907,0,0.34051040872668925,Medium
R03908,0,0.39554622306372705,Medium
R03909,0,0.34041483475294854,Medium
R03910,0,0.3759209588249084,Medium
R03911,1,0.4804347105895846,Medium
R03912,0,0.38934187693667643,Medium
R03913,0,0.3580838332340205,Medium
R03914,0,0.35792142213379385,Medium
R03915,0,0.4219504664751168,Medium
R03916,0,0.41095694095606583,Medium
R03917,0,0.36007515324644473,Medium
R03918,0,0.45179841922143593,Medium
R03919,0,0.4529904488032163,Medium
R03920,0,0.33742397454236694,Medium
R03921,0,0.34245907982002216,Medium
R03922,0,0.43168287564351215,Medium
R03923,0,0.4591148288982734,Medium
R03924,0,0.41524646016536254,Medium
R03925,0,0.4035122297132411,Medium
R03926,0,0.5039018068540206,High
R03927,0,0.3625800614596046,Medium
R03928,0,0.36733536970162445,Medium
R03929,0,0.3979729827357791,Medium
R03930,0,0.2849609768322625,Low
R03931,1,0.4584887324673714,Medium
R03932,0,0.4240101760112123,Medium
R03933,0,0.43588321676661773,Medium
R03934,0,0.37537862765936053,Medium
R03936,1,0.5286357150877931,High
R03937,0,0.40656938917689656,Medium
R03938,0,0.34239872109542907,Medium
R03939,0,0.3790641477589977,Medium
R03940,0,0.3827352053863489,Medium
R03941,0,0.49419018378385204,Medium
R03942,0,0.3452620110265855,Medium
R03943,1,0.4996382000206531,Medium
R03944,0,0.4189395793581452,Medium
R03945,0,0.4106132784552682,Medium
R03948,0,0.32884410407427617,Medium
R03949,0,0.4036047288501162,Medium
R03950,1,0.5342489579981187,High
R03952,0,0.42931234751629554,Medium
R03953,0,0.3487731010949343,Medium
R03954,0,0.3573452622923877,Medium
R03955,0,0.3310278202403542,Medium
R03956,0,0.4338495026119147,Medium
R03957,0,0.39372315660105706,Medium
R03958,0,0.4435927984254054,Medium
R03959,0,0.3671867342096718,Medium
R03960,1,0.5201909957620189,High
R03961,1,0.47210046097982655,Medium
R03962,0,0.3502368561019806,Medium
R03963,0,0.3332031886614116,Medium
R03964,0,0.46597275500215685,Medium
R03965,0,0.43996243531179124,Medium
R03966,0,0.49214067892143687,Medium
R03967,0,0.3785249612128498,Medium
R03968,0,0.41644256231214194,Medium
R03969,0,0.44121382466538783,Medium
R03970,0,0.4561487987373905,Medium
R03971,0,0.39576436389979464,Medium
R03972,0,0.46427197050071256,Medium
R03973,0,0.38133601384116,Medium
R03974,1,0.5116418951790462,High
R03975,1,0.5245579675210847,High
R03976,0,0.39699261036647526,Medium
R03977,0,0.4488868072068745,Medium
R03978,0,0.3507121321431896,Medium
R03979,0,0.4441102031087987,Medium
R03980,0,0.3634558038560337,Medium
R03981,0,0.4323562887392907,Medium
R03982,0,0.3691660282631197,Medium
R03983,0,0.38049268656837804,Medium
R03984,0,0.40565755001492854,Medium
R03985,0,0.40118383847735134,Medium
R03986,1,0.5516014488796276,High
R03987,0,0.39701252654846414,Medium
R03988,0,0.32799651357611204,Medium
R03989,0,0.40879168972012037,Medium
R03990,0,0.4590850613319355,Medium
R03991,0,0.3775538100545887,Medium
R03992,0,0.39332882954829496,Medium
R03993,0,0.3658844363257828,Medium
R03994,0,0.4389930879363673,Medium
R03995,0,0.46671804930089666,Medium
R03996,0,0.3366672166328996,Medium
R03997,0,0.44200254324937144,Medium
R03998,1,0.5720063858908595,High
R03999,0,0.4037062307014911,Medium
R04000,1,0.4659113375867035,Medium
R04001,0,0.46607214033383565,Medium
R04002,1,0.5203059934235016,High
R04003,0,0.3735221009346245,Medium
R04004,0,0.40607274850807423,Medium
R04005,0,0.411696896133728,Medium
R04006,0,0.4338431109380778,Medium
R04007,0,0.43075517323476475,Medium
R04008,0,0.43779106761327624,Medium
R04009,0,0.4135144906374038,Medium
R04010,0,0.4141379161319808,Medium
R04011,0,0.30418204813409294,Medium
R04012,0,0.38988573884791705,Medium
R04013,0,0.36944635662016445,Medium
R04014,1,0.491864999636773,Medium
R04015,0,0.49330256628158686,Medium
R04016,0,0.3240274919548826,Medium
R04017,0,0.39802510825448933,Medium
R04018,0,0.3515645401383745,Medium
R04019,0,0.44289039170682437,Medium
R04020,0,0.39547853462663396,Medium
R04022,0,0.2658866075711908,Low
R04023,0,0.3427705956975315,Medium
R04024,0,0.417724481304693,Medium
R04025,0,0.3816509553982242,Medium
R04026,0,0.48875953294544966,Medium
R04027,0,0.42494245690268573,Medium
R04028,0,0.40875379964996383,Medium
R04029,0,0.4365010261359247,Medium
R04030,0,0.474803628069952,Medium
R04033,0,0.3967811870595815,Medium
R04035,0,0.35793811816253446,Medium
R04036,0,0.3481888644731106,Medium
R04037,0,0.37247775838441977,Medium
R04038,0,0.40418629199256273,Medium
R04039,0,0.36562041014339436,Medium
R04040,1,0.49619389618182264,Medium
R04041,0,0.37792286932395913,Medium
R04042,0,0.4468689107640235,Medium
R04043,0,0.36886278507447456,Medium
R04044,0,0.36389913459675305,Medium
R04045,1,0.46448679010852667,Medium
R04046,0,0.4099410772868669,Medium
R04048,0,0.3894231366623893,Medium
R04049,0,0.4167552236005211,Medium
R04050,0,0.334055572577724,Medium
R04051,0,0.38029966517679276,Medium
R04052,0,0.3637677377801255,Medium
R04053,0,0.4875086193250662,Medium
R04054,0,0.4175001062820968,Medium
R04055,0,0.4215360980179159,Medium
R04056,0,0.40434169637962064,Medium
R04057,1,0.5348074508160444,High
R04058,0,0.4027074751907877,Medium
R04059,0,0.5154947065019914,High
R04060,0,0.35138126993777485,Medium
R04061,1,0.5217188824252876,High
R04063,0,0.4212496118560067,Medium
R04064,0,0.2861254878595629,Low
R04065,0,0.37233345229741405,Medium
R04066,0,0.38717042035797744,Medium
R04067,0,0.40294777949310806,Medium
R04068,0,0.29029812474426536,Low
R04069,0,0.36636547390296464,Medium
R04070,0,0.41950330972971905,Medium
R04071,0,0.3475826496949923,Medium
R04072,0,0.4650966374480827,Medium
R04073,1,0.5153591909875381,High
R04074,1,0.5307599740799267,High
R04075,0,0.4439320950070553,Medium
R04076,0,0.3855081091868549,Medium
R04077,0,0.4157366522614182,Medium
R04079,0,0.41140655481872146,Medium
R04080,0,0.30111541463616937,Medium
R04082,1,0.5091171034800294,High
R04083,0,0.4736888752065721,Medium
R04085,0,0.4445356626870187,Medium
R04086,0,0.3453486695933734,Medium
R04087,1,0.5890065910828324,High
R04088,1,0.5033878427755736,High
R04089,0,0.39287403387624104,Medium
R04090,0,0.37310847158371757,Medium
R04091,0,0.4109137246273215,Medium
R04092,0,0.399886682614364,Medium
R04093,0,0.4331467962516118,Medium
R04094,0,0.3836515938205715,Medium
R04095,0,0.4859224668054297,Medium
R04096,0,0.33756639948651845,Medium
R04097,1,0.491041855567278,Medium
R04098,0,0.31491510868766265,Medium
R04099,0,0.3823666882166219,Medium
R04100,0,0.4132269941346533,Medium
R04102,0,0.4651597135434391,Medium
R04103,1,0.5092212772453895,High
R04104,1,0.4510587637524396,Medium
R04105,0,0.4002723926793682,Medium
R04106,0,0.421695806717453,Medium
R04107,0,0.42759549928428797,Medium
R04108,0,0.3988243823872048,Medium
R04109,0,0.3757693729107375,Medium
R04110,0,0.39383538188220285,Medium
R04111,0,0.4317627269030864,Medium
R04112,1,0.5025545334676079,High
R04113,0,0.4868079787980244,Medium
R04114,0,0.39922482683688804,Medium
R04115,0,0.4129862119533789,Medium
R04116,0,0.3934825119324813,Medium
R04117,0,0.38989025891599416,Medium
R04118,0,0.3794040323417009,Medium
R04119,0,0.4023406917598013,Medium
R04120,0,0.36792998473202077,Medium
R04121,0,0.4087245364461948,Medium
R04123,0,0.39817872191492176,Medium
R04124,0,0.34117198488768447,Medium
R04125,0,0.3439533162994576,Medium
R04126,0,0.4605787133615691,Medium
R04127,0,0.3192709430966472,Medium
R04128,1,0.5406951803486069,High
R04129,0,0.42564221174815153,Medium
R04130,0,0.433922848001163,Medium
R04131,0,0.3797652510880557,Medium
R04132,0,0.34788913354500395,Medium
R04133,0,0.36967103152035624,Medium
R04134,0,0.3611227198828122,Medium
R04135,0,0.36956497660329285,Medium
R04136,0,0.39251420279283517,Medium
R04137,0,0.3930762993306488,Medium
R04138,0,0.4335988358919757,Medium
R04139,0,0.3644885324880464,Medium
R04140,0,0.4472198769117713,Medium
R04141,0,0.3836065561409242,Medium
R04143,0,0.3184449069872293,Medium
R04144,0,0.42151692980598326,Medium
R04146,0,0.29065709025896674,Low
R04147,0,0.45715922717735524,Medium
R04148,0,0.36230235796233645,Medium
R04149,0,0.4069111891763342,Medium
R04151,0,0.357062187446924,Medium
R04152,0,0.4902975933189808,Medium
R04153,0,0.4173426000223621,Medium
R04154,0,0.3091627003850579,Medium
R04155,0,0.41532518072901153,Medium
R04156,0,0.30715488755125425,Medium
R04158,0,0.40750992289862287,Medium
R04159,1,0.5168376432714874,High
R04160,0,0.39253740008114363,Medium
R04161,0,0.3778671514614502,Medium
R04162,0,0.3418838075696793,Medium
R04163,0,0.41781883311378215,Medium
R04164,0,0.37272244659058457,Medium
R04165,0,0.44178785145654453,Medium
R04167,0,0.40681699112214553,Medium
R04168,1,0.5515736460413964,High
R04169,0,0.36937925441190345,Medium
R04170,0,0.33598208840758237,Medium
R04171,0,0.3496454375941546,Medium
R04172,0,0.3961337629841918,Medium
R04173,0,0.44067376337753905,Medium
R04175,1,0.6400095747440381,High
R04176,0,0.4458257624494983,Medium
R04179,0,0.3967767025421625,Medium
R04181,0,0.42046754540497333,Medium
R04182,0,0.47908616456372505,Medium
R04183,0,0.38453403922681495,Medium
R04184,0,0.3612568654835006,Medium
R04185,1,0.5385441998009185,High
R04186,0,0.3366357020646693,Medium
R04187,0,0.33103726491343527,Medium
R04188,0,0.46123114250413794,Medium
R04189,0,0.39451714132568055,Medium
R04190,0,0.4583073772750839,Medium
R04191,0,0.38448038700159165,Medium
R04192,0,0.386547160928883,Medium
R04194,0,0.3639607619767196,Medium
R04195,0,0.3351687536906933,Medium
R04196,0,0.46587763808015153,Medium
R04198,0,0.4614200795940759,Medium
R04199,0,0.3450253264198379,Medium
R04200,0,0.5120272729681944,High
R04201,0,0.4403567452983217,Medium
R04202,0,0.3624182969443559,Medium
R04203,0,0.33765295477137053,Medium
R04204,0,0.4032096890890594,Medium
R04206,0,0.4203678129223686,Medium
R04207,0,0.47466325436573875,Medium
R04208,0,0.3893979628264592,Medium
R04209,0,0.38129505710279255,Medium
R04210,0,0.43308071407932963,Medium
R04211,0,0.39149060913972616,Medium
R04212,0,0.3961172084738307,Medium
R04213,0,0.4044895607262987,Medium
R04214,0,0.4266205634313844,Medium
R04215,0,0.37152463033652666,Medium
R04216,0,0.43368846980419934,Medium
R04217,0,0.3564216491480773,Medium
R04218,0,0.36101049125766055,Medium
R04219,0,0.37184658642931767,Medium
R04220,0,0.4538720531620941,Medium
R04222,0,0.37000376457925477,Medium
R04223,0,0.42620254904890637,Medium
R04224,0,0.4837861114708906,Medium
R04225,0,0.3901049008947987,Medium
R04226,0,0.3544239299574401,Medium
R04227,0,0.3469115555983729,Medium
R04228,0,0.4777885645764549,Medium
R04229,0,0.41252469327920693,Medium
R04230,0,0.3999207826234094,Medium
R04231,0,0.47181316921279703,Medium
R04232,0,0.42711729035834123,Medium
R04233,1,0.5307159827658646,High
R04234,0,0.4325653377256791,Medium
R04235,0,0.41598229804691145,Medium
R04236,0,0.365158297357045,Medium
R04237,0,0.4525794312944178,Medium
R04238,0,0.34286543861964214,Medium
R04239,0,0.3796522560761908,Medium
R04240,0,0.30889900917441443,Medium
R04241,0,0.3108063756670291,Medium
R04242,0,0.34365136412466124,Medium
R04243,0,0.39644145245109763,Medium
R04244,0,0.3888713389033601,Medium
R04245,0,0.37127535841187886,Medium
R04246,0,0.35408540232421515,Medium
R04247,0,0.3898455199200225,Medium
R04248,0,0.43118050033897,Medium
R04249,1,0.5369728589486195,High
R04250,0,0.3901568365437263,Medium
R04251,0,0.34179136544868405,Medium
R04252,0,0.4262496554141312,Medium
R04253,1,0.42219312449552526,Medium
R04254,0,0.39678272305923235,Medium
R04255,0,0.34488893642790813,Medium
R04256,0,0.44267843380471666,Medium
R04257,0,0.32138776582029904,Medium
R04258,0,0.3025116716811487,Medium
R04259,0,0.4044421098716493,Medium
R04260,0,0.4319084567258251,Medium
R04261,0,0.3618749573270786,Medium
R04262,1,0.5281973182776374,High
R04263,0,0.46985959685906076,Medium
R04264,0,0.39280527103793034,Medium
R04265,0,0.4271793961733049,Medium
R04266,0,0.3515377052269982,Medium
R04267,0,0.42714961860274714,Medium
R04268,1,0.5566274744230543,High
R04269,0,0.44446322775763164,Medium
R04270,0,0.3588086504309892,Medium
R04271,0,0.40715157889109865,Medium
R04272,0,0.4184554709731927,Medium
R04273,0,0.3651339724134614,Medium
R04274,0,0.3809930750315049,Medium
R04275,0,0.4031105319849001,Medium
R04276,0,0.42369167576076583,Medium
R04277,0,0.40758892306540917,Medium
R04278,0,0.4778883941552406,Medium
R04279,0,0.39370076645699575,Medium
R04281,0,0.3697470570760806,Medium
R04282,0,0.4170028202743299,Medium
R04283,0,0.43841540282529323,Medium
R04285,0,0.39390551444961547,Medium
R04286,0,0.41388064851729334,Medium
R04288,0,0.4428978925100114,Medium
R04289,0,0.2808455743142063,Low
R04290,0,0.3496001241189807,Medium
R04291,0,0.4253304224545187,Medium
R04292,0,0.3375318946662738,Medium
R04293,0,0.42779251397337736,Medium
R04294,1,0.4386477706760345,Medium
R04295,0,0.5256033548660437,High
R04296,0,0.3657212416161456,Medium
R04297,0,0.3879673954191459,Medium
R04300,0,0.38074395698067776,Medium
R04301,0,0.3663115549000983,Medium
R04302,0,0.36968339970363717,Medium
R04303,0,0.35990339803586857,Medium
R04304,0,0.4288258045033121,Medium
R04305,0,0.49360590044240754,Medium
R04306,0,0.407108024396791,Medium
R04307,0,0.39134926511757107,Medium
R04308,0,0.36535358578718474,Medium
R04309,0,0.3984575118537376,Medium
R04310,0,0.43309361230753346,Medium
R04311,0,0.4199101386881116,Medium
R04313,0,0.3269071555410137,Medium
R04315,0,0.4226164391903618,Medium
R04316,0,0.41262256825138727,Medium
R04317,0,0.4667605385250315,Medium
R04318,0,0.5350157387317407,High
R04319,0,0.42500930572487405,Medium
R04320,0,0.456412800511541,Medium
R04321,0,0.4113287641590977,Medium
R04322,0,0.46223422782130996,Medium
R04323,0,0.37718690151939943,Medium
R04324,0,0.4768873398683306,Medium
R04325,0,0.38430934398656186,Medium
R04326,0,0.4036820456151788,Medium
R04327,0,0.38972184406383015,Medium
R04328,0,0.45619905333144545,Medium
R04329,0,0.4143675532572874,Medium
R04330,0,0.32488847038566426,Medium
R04331,0,0.4254403311871353,Medium
R04332,0,0.40098228034630945,Medium
R04333,0,0.41140859992406925,Medium
R04334,0,0.34608848042142254,Medium
R04335,0,0.39478498767436926,Medium
R04336,0,0.3882452930041896,Medium
R04338,0,0.5116569384013572,High
R04339,1,0.35701484300040526,Medium
R04340,0,0.4557001399226552,Medium
R04341,0,0.3721717645492186,Medium
R04342,0,0.3580159109128552,Medium
R04343,0,0.4246804080050458,Medium
R04344,0,0.48394135653494885,Medium
R04345,0,0.4940311671935595,Medium
R04346,0,0.3566366372387829,Medium
R04347,0,0.37761177751639624,Medium
R04348,0,0.3581910542280037,Medium
R04349,0,0.43416013469508014,Medium
R04350,0,0.41362397097042647,Medium
R04351,0,0.3675962702556672,Medium
R04352,0,0.38279552620546303,Medium
R04353,0,0.45928929145441133,Medium
R04355,0,0.4045057055585626,Medium
R04356,1,0.4651933124242526,Medium
R04357,0,0.36574774074563576,Medium
R04358,0,0.3609613143907195,Medium
R04359,0,0.4069364361792402,Medium
R04360,0,0.4745081813168269,Medium
R04361,0,0.4502691997657295,Medium
R04362,0,0.3706773702012726,Medium
R04363,0,0.36829916237883426,Medium
R04364,0,0.4563503040720572,Medium
R04365,0,0.44398535646425363,Medium
R04366,0,0.36938966024080666,Medium
R04367,0,0.3664521697004428,Medium
R04368,0,0.4502097223054669,Medium
R04369,0,0.4116561058979618,Medium
R04370,0,0.46108583961544963,Medium
R04371,0,0.35768040987465355,Medium
R04372,1,0.4960533906206896,Medium
R04373,0,0.34683911161956305,Medium
R04374,0,0.4194511191626272,Medium
R04376,0,0.46797003108516927,Medium
R04378,0,0.3367675514698134,Medium
R04379,1,0.5641893613922236,High
R04380,0,0.38677351775844343,Medium
R04381,0,0.43566376713300864,Medium
R04382,0,0.3663589704329578,Medium
R04383,0,0.406860077003997,Medium
R04384,0,0.34868117227275214,Medium
R04385,0,0.45456655212064395,Medium
R04386,0,0.4437587677076562,Medium
R04387,0,0.4102996386864244,Medium
R04388,0,0.3772856609555457,Medium
R04389,0,0.4467990476100818,Medium
R04390,1,0.4821798680867693,Medium
R04391,0,0.32423795703289826,Medium
R04392,0,0.4113139414261598,Medium
R04393,0,0.39370717753171924,Medium
R04394,0,0.4196773531834485,Medium
R04395,0,0.4691098872592719,Medium
R04396,0,0.4413129456697017,Medium
R04399,1,0.36407236726890274,Medium
R04400,0,0.4198228157988559,Medium
R04401,1,0.493514813630261,Medium
R04402,0,0.23650686123505998,Low
R04403,0,0.32481370616768457,Medium
R04404,0,0.3536762484671982,Medium
R04405,0,0.4150891838636189,Medium
R04406,1,0.45514085303433144,Medium
R04407,1,0.5537534716165977,High
R04408,0,0.38268454988374645,Medium
R04409,0,0.4513471956692704,Medium
R04411,0,0.435170109365269,Medium
R04412,0,0.38077071079756036,Medium
R04413,0,0.41604959291310356,Medium
R04414,0,0.38368544547450206,Medium
R04415,1,0.545390983350727,High
R04416,0,0.36200807223871356,Medium
R04417,0,0.3272384802775561,Medium
R04418,0,0.3515263150437357,Medium
R04419,0,0.4333875050156305,Medium
R04420,0,0.4020907755235823,Medium
R04421,0,0.38459023586608837,Medium
R04422,0,0.3634768079571707,Medium
R04423,0,0.3571402755687694,Medium
R04424,0,0.3935298885289044,Medium
R04426,0,0.4264555091592953,Medium
R04427,0,0.3857543175620215,Medium
R04428,0,0.425520538651325,Medium
R04429,0,0.41435630680552604,Medium
R04430,0,0.3450846768318458,Medium
R04431,0,0.4196552893743373,Medium
R04432,1,0.504964384548204,High
R04433,1,0.5432118202738017,High
R04434,0,0.3515388981176512,Medium
R04435,0,0.34604923368177304,Medium
R04436,0,0.3471576912032876,Medium
R04437,0,0.41136496767606756,Medium
R04438,0,0.384834872483431,Medium
R04439,0,0.4502068984057932,Medium
R04440,0,0.40377489142294287,Medium
R04441,0,0.43925306140864806,Medium
R04443,0,0.42648330014886787,Medium
R04444,0,0.4295588183913898,Medium
R04445,0,0.3883531927672512,Medium
R04446,0,0.4015377215904379,Medium
R04447,0,0.41662295274336214,Medium
R04448,0,0.37740229991850816,Medium
R04449,0,0.3871749476968402,Medium
R04450,0,0.3599228958359316,Medium
R04451,0,0.4441849018822179,Medium
R04452,0,0.4001990747840278,Medium
R04453,0,0.35193863661833463,Medium
R04454,0,0.46398085666318095,Medium
R04455,0,0.41864605763552964,Medium
R04456,0,0.4726159215931696,Medium
R04457,0,0.40877130419689034,Medium
R04458,0,0.43727551637807066,Medium
R04460,0,0.2848333464532246,Low
R04461,0,0.46310738676703606,Medium
R04462,0,0.44146059263128373,Medium
R04463,0,0.4451819927848686,Medium
R04464,0,0.42230194216978995,Medium
R04465,0,0.4650390037270898,Medium
R04467,0,0.3425008398738169,Medium
R04468,0,0.3477700076291523,Medium
R04469,0,0.4022538788756226,Medium
R04470,1,0.5091512642505439,High
R04471,0,0.41341653225850067,Medium
R04472,0,0.43393193566918464,Medium
R04473,0,0.38840133900060986,Medium
R04474,0,0.35410711709392956,Medium
R04475,0,0.42187652209765036,Medium
R04476,0,0.4234485348490224,Medium
R04477,0,0.3945775234199892,Medium
R04478,0,0.37030451131875153,Medium
R04479,0,0.41676868570977116,Medium
R04480,1,0.576982519674249,High
R04481,0,0.4041759079696821,Medium
R04482,1,0.4646917863300549,Medium
R04483,0,0.3856139816310937,Medium
R04484,0,0.4291510172550369,Medium
R04485,0,0.3464179506583717,Medium
R04486,0,0.41792552738987254,Medium
R04487,0,0.40620644782286325,Medium
R04488,0,0.3860048959216945,Medium
R04489,0,0.42985242338825763,Medium
R04490,1,0.35110780696271066,Medium
R04491,0,0.3834511469510058,Medium
R04492,0,0.455523846898858,Medium
R04493,0,0.40471284411269937,Medium
R04494,0,0.4364654212589544,Medium
R04495,1,0.5274698234760661,High
R04496,0,0.39670222516268405,Medium
R04497,0,0.3615532534334144,Medium
R04498,0,0.4612472024583443,Medium
R04499,0,0.42551790652273724,Medium
R04500,0,0.3502165308852947,Medium
R04501,0,0.3948751988378272,Medium
R04502,0,0.3607067591233881,Medium
R04503,0,0.40227039419305527,Medium
R04504,0,0.42555227634936593,Medium
R04505,0,0.44210927676035533,Medium
R04506,0,0.35277909103401833,Medium
R04507,1,0.542424703696115,High
R04508,0,0.3922508266279824,Medium
R04509,0,0.4258083833037638,Medium
R04510,0,0.4412255241785643,Medium
R04511,0,0.38136794498519455,Medium
R04512,0,0.4521667356798258,Medium
R04513,0,0.34600021690017313,Medium
R04514,0,0.3774430109281097,Medium
R04515,0,0.38671538286345886,Medium
R04516,0,0.3884272466632624,Medium
R04517,0,0.44206955541358534,Medium
R04518,0,0.4563452821429383,Medium
R04519,0,0.4051405866807113,Medium
R04520,0,0.3926041764038167,Medium
R04522,0,0.38851575735725496,Medium
R04523,0,0.35112213636235945,Medium
R04524,0,0.460614271729132,Medium
R04525,0,0.43966462791241684,Medium
R04526,0,0.4595045112900462,Medium
R04527,0,0.4571619574471963,Medium
R04528,0,0.3793700300361045,Medium
R04529,0,0.44120898471222014,Medium
R04530,0,0.4444401746443141,Medium
R04532,0,0.38615622905519403,Medium
R04533,1,0.5170439093768754,High
R04534,0,0.5051486670007479,High
R04535,0,0.3501711567487961,Medium
R04537,0,0.4016188692891175,Medium
R04538,1,0.4813211625242382,Medium
R04539,0,0.3915201342860717,Medium
R04540,0,0.4251118132177887,Medium
R04541,0,0.4160000970330546,Medium
R04542,0,0.46654098166801766,Medium
R04543,1,0.4640206499181046,Medium
R04544,0,0.41730829673284686,Medium
R04545,0,0.3377295290062186,Medium
R04546,0,0.368673576591414,Medium
R04547,0,0.3635886450514,Medium
R04548,0,0.4375807584359655,Medium
R04549,0,0.3571721404652151,Medium
R04550,0,0.3990001241102805,Medium
R04551,0,0.4494945045456482,Medium
R04552,0,0.4451991934464693,Medium
R04553,0,0.4172431954202368,Medium
R04554,0,0.4144944061250289,Medium
R04555,0,0.32224252091578187,Medium
R04557,0,0.39759611120117405,Medium
R04558,0,0.4565511634689204,Medium
R04559,0,0.374065310207617,Medium
R04560,0,0.3898881676067037,Medium
R04561,0,0.4291480736964958,Medium
R04562,1,0.3967152609270071,Medium
R04563,0,0.3972265117799719,Medium
R04564,0,0.4132713765998477,Medium
R04565,0,0.35906019961741026,Medium
R04566,0,0.29919499814453804,Low
R04567,0,0.36556295191271204,Medium
R04568,0,0.44620983983716994,Medium
R04569,0,0.5358308237761105,High
R04570,0,0.4272474061687172,Medium
R04571,0,0.4767574025218314,Medium
R04572,0,0.4126814509306725,Medium
R04573,1,0.49239148084227685,Medium
R04574,0,0.3262359365996847,Medium
R04575,0,0.3592210428522221,Medium
R04576,0,0.42488838210523966,Medium
R04577,0,0.4459131523862294,Medium
R04578,1,0.507362539738496,High
R04579,1,0.3997260026157579,Medium
R04580,1,0.594716389204695,High
R04581,0,0.4216064393353165,Medium
R04582,0,0.37376661168180514,Medium
R04583,0,0.37291947500078315,Medium
R04584,0,0.359492055907044,Medium
R04585,0,0.39101750760410914,Medium
R04586,0,0.45431640581275906,Medium
R04587,0,0.44178952566080204,Medium
R04588,0,0.39752426314445577,Medium
R04589,0,0.4626591422296228,Medium
R04590,0,0.4166068939228261,Medium
R04591,0,0.480072554855861,Medium
R04592,0,0.38444733443746704,Medium
R04593,0,0.3858172982663307,Medium
R04594,1,0.5410702933011851,High
R04595,0,0.43082358006540905,Medium
R04596,0,0.3889791489019245,Medium
R04597,0,0.41607515078361,Medium
R04598,1,0.5486470650410886,High
R04599,0,0.4302039239741882,Medium
R04600,0,0.34223179589915714,Medium
R04601,0,0.3990829778402549,Medium
R04602,0,0.4282617259299669,Medium
R04603,1,0.3899660118138406,Medium
R04604,1,0.5910484953446378,High
R04605,0,0.43198882253845233,Medium
R04606,0,0.39781063852291615,Medium
R04607,0,0.45227513369377303,Medium
R04608,0,0.3812547507336747,Medium
R04609,0,0.39475448166591165,Medium
R04610,0,0.42002837453540304,Medium
R04611,0,0.34055525798074976,Medium
R04612,0,0.47625818838271383,Medium
R04613,0,0.39529366126097204,Medium
R04614,0,0.42202371615963385,Medium
R04615,0,0.351695789264541,Medium
R04616,0,0.4028107841854663,Medium
R04617,0,0.42269137887485597,Medium
R04618,0,0.46711007935088544,Medium
R04619,0,0.45920846038172003,Medium
R04620,0,0.44459393569724753,Medium
R04621,0,0.3063702163148836,Medium
R04622,0,0.4357873910616607,Medium
R04623,1,0.3737259377717777,Medium
R04624,1,0.5453437724392503,High
R04625,0,0.44046455702589304,Medium
R04626,0,0.3772014779515255,Medium
R04627,1,0.41319893903527377,Medium
R04628,0,0.38949115754125735,Medium
R04629,0,0.411310903987905,Medium
R04630,0,0.4656473673148565,Medium
R04631,0,0.3859887758781458,Medium
R04632,0,0.38842476970749173,Medium
R04633,0,0.3914268277052855,Medium
R04634,0,0.42560378925534037,Medium
R04635,0,0.3532049588618391,Medium
R04636,0,0.3894327902077108,Medium
R04637,0,0.380663493801498,Medium
R04638,0,0.2904418107877024,Low
R04639,1,0.6371935371127077,High
R04640,0,0.34377635543141005,Medium
R04641,0,0.4119779458587924,Medium
R04642,1,0.4758910535418132,Medium
R04643,0,0.37935553552227885,Medium
R04644,1,0.5536622502363701,High
R04645,0,0.3731900371852101,Medium
R04646,0,0.3815728067114435,Medium
R04647,0,0.33262347397209824,Medium
R04648,0,0.3097383697649936,Medium
R04649,0,0.3633136215650584,Medium
R04650,0,0.4467965882028963,Medium
R04651,0,0.3645434861961018,Medium
R04652,0,0.3255968335736309,Medium
R04653,0,0.42472998582876953,Medium
R04654,0,0.4344961833962301,Medium
R04655,0,0.406289048278153,Medium
R04656,0,0.3663244794799834,Medium
R04657,0,0.4193964433907801,Medium
R04658,0,0.3857846360268221,Medium
R04659,1,0.5461235352226168,High
R04660,0,0.361910851837178,Medium
R04661,0,0.397805188204397,Medium
R04662,0,0.36979599400818336,Medium
R04663,0,0.3988571032408938,Medium
R04664,0,0.4158915332481729,Medium
R04665,0,0.4872926145366934,Medium
R04666,0,0.4548257034196028,Medium
R04667,0,0.41882438241589887,Medium
R04668,0,0.45304931952269917,Medium
R04670,0,0.38008710405223367,Medium
R04671,0,0.3696806679180664,Medium
R04672,0,0.4322551497384753,Medium
R04673,0,0.41933561416628984,Medium
R04674,0,0.4033531486232147,Medium
R04675,0,0.4190476706130537,Medium
R04677,0,0.349454486860413,Medium
R04678,0,0.4046151894939616,Medium
R04679,0,0.4409313536695475,Medium
R04680,0,0.3601921435342929,Medium
R04681,1,0.525690569232462,High
R04683,0,0.43304331033366955,Medium
R04684,0,0.4431585453323558,Medium
R04685,0,0.3798751247292965,Medium
R04686,0,0.43037710207864516,Medium
R04687,0,0.3074453548552657,Medium
R04688,0,0.44297189276484716,Medium
R04690,0,0.37546518885220176,Medium
R04691,1,0.5003094050561798,High
R04692,0,0.41104388969384437,Medium
R04693,0,0.4121107952333202,Medium
R04694,0,0.4196653636139487,Medium
R04695,0,0.44170446870381264,Medium
R04696,0,0.38024801236279204,Medium
R04697,0,0.4279623404973789,Medium
R04698,0,0.3897239584278499,Medium
R04699,0,0.3707001830477113,Medium
R04700,0,0.375599939954942,Medium
R04701,0,0.37684112862897656,Medium
R04702,0,0.3346930452807117,Medium
R04703,0,0.4141980858352469,Medium
R04704,0,0.47744588519713393,Medium
R04705,0,0.3986830014831454,Medium
R04706,0,0.353350539166655,Medium
R04707,0,0.4206470168956008,Medium
R04708,0,0.310410785115998,Medium
R04709,0,0.431612835134816,Medium
R04710,0,0.4094678811489729,Medium
R04711,0,0.3810169328515145,Medium
R04713,0,0.4765765548460277,Medium
R04715,0,0.45530879159496,Medium
R04716,0,0.4658321229612824,Medium
R04717,0,0.38959082748017565,Medium
R04718,0,0.416099186854832,Medium
R04719,1,0.5238425082336121,High
R04720,0,0.42071663806510834,Medium
R04721,0,0.43546558609762775,Medium
R04722,0,0.40831356136560154,Medium
R04723,0,0.4008527892571481,Medium
R04724,0,0.3688356885695949,Medium
R04725,0,0.43926925634611136,Medium
R04726,0,0.421282843570973,Medium
R04727,0,0.44233354079238646,Medium
R04728,0,0.407922535362336,Medium
R04729,0,0.33326438866025015,Medium
R04730,0,0.27871293640007194,Low
R04731,0,0.4359325951775478,Medium
R04732,0,0.47945475928835024,Medium
R04733,0,0.43974880055787496,Medium
R04734,0,0.4211624083022895,Medium
R04735,0,0.3187423256383073,Medium
R04736,0,0.41929530771048007,Medium
R04737,0,0.42887209875460003,Medium
R04738,0,0.4922659499544718,Medium
R04740,0,0.34356017970765934,Medium
R04741,0,0.39008318889213967,Medium
R04742,0,0.42871775717356414,Medium
R04743,1,0.5666874572590106,High
R04744,0,0.4516260014381765,Medium
R04745,0,0.40816485496828064,Medium
R04746,0,0.3703750181667755,Medium
R04747,0,0.43692940606168384,Medium
R04748,0,0.43716715086212554,Medium
R04749,0,0.45955084728522666,Medium
R04750,0,0.42275568704757466,Medium
R04751,0,0.45233288427113366,Medium
R04752,0,0.3927635944641751,Medium
R04753,0,0.43553267220715597,Medium
R04754,0,0.42066669810636514,Medium
R04755,0,0.4955335159122046,Medium
R04756,1,0.5228507640828106,High
R04757,0,0.3804214502982281,Medium
R04758,1,0.5328458595762574,High
R04759,0,0.4153309288884737,Medium
R04760,0,0.4684781451607247,Medium
R04762,1,0.525499055182967,High
R04763,0,0.49654707393383757,Medium
R04764,0,0.42820678790023714,Medium
R04765,0,0.4161376522307404,Medium
R04766,1,0.458367928237643,Medium
R04767,0,0.38761115824057013,Medium
R04768,0,0.5303474978406253,High
R04770,0,0.31579669334347416,Medium
R04771,0,0.41809509195541117,Medium
R04772,0,0.42529305115153093,Medium
R04774,0,0.4508178251688477,Medium
R04775,0,0.379145761314559,Medium
R04776,0,0.3733408446169592,Medium
R04777,0,0.3997416178011064,Medium
R04778,1,0.4470517672825929,Medium
R04779,0,0.38268262990391144,Medium
R04780,0,0.3855344009501994,Medium
R04781,0,0.353637547734697,Medium
R04782,0,0.34275955646411194,Medium
R04783,0,0.38465243452620557,Medium
R04784,0,0.3981987204788395,Medium
R04785,0,0.30508441039271966,Medium
R04786,0,0.3844969636218912,Medium
R04787,0,0.4358142903473142,Medium
R04788,0,0.2779133138971471,Low
R04789,0,0.44377042637265923,Medium
R04790,0,0.4118221539125878,Medium
R04791,0,0.4622402892329538,Medium
R04792,0,0.3701424642699549,Medium
R04795,0,0.37778687024273205,Medium
R04797,0,0.4501072670815999,Medium
R04798,0,0.39070334415093666,Medium
R04800,1,0.4922041075214248,Medium
R04801,0,0.4137093013277612,Medium
R04802,0,0.27807677391865865,Low
R04803,0,0.47382366210866417,Medium
R04804,0,0.391406083925352,Medium
R04805,0,0.39785002217167537,Medium
R04806,0,0.4349535731449059,Medium
R04807,0,0.40600710831310016,Medium
R04808,0,0.38325565932452177,Medium
R04810,0,0.34701631381717624,Medium
R04811,0,0.405435965331958,Medium
R04812,0,0.3718056559012864,Medium
R04813,0,0.3950233554350846,Medium
R04814,0,0.32588796371091866,Medium
R04815,0,0.44718296555532283,Medium
R04816,0,0.36609535609266575,Medium
R04817,0,0.49653616835728054,Medium
R04818,0,0.4053698611137493,Medium
R04819,0,0.38998142822794046,Medium
R04820,0,0.44241363711938503,Medium
R04821,0,0.4123941044810844,Medium
R04822,0,0.3675516529878884,Medium
R04823,0,0.4007296946504054,Medium
R04824,0,0.3837187925151747,Medium
R04825,0,0.31348212403997594,Medium
R04826,0,0.4027574621214066,Medium
R04827,0,0.4188421433316065,Medium
R04828,0,0.40566217204294763,Medium
R04829,0,0.41341739187912757,Medium
R04830,0,0.36521382434302213,Medium
R04831,0,0.4133811059075766,Medium
R04832,0,0.40271211901322845,Medium
R04833,1,0.5438911121783524,High
R04834,0,0.41489625680703063,Medium
R04835,0,0.3862125111020097,Medium
R04836,0,0.43832466722482816,Medium
R04838,0,0.379979021294201,Medium
R04839,0,0.4011497667721045,Medium
R04841,1,0.40055209985521956,Medium
R04842,1,0.403789225086836,Medium
R04843,0,0.43472233292531137,Medium
R04845,0,0.4214596178843143,Medium
R04846,0,0.3381464978360487,Medium
R04847,0,0.35710368378557106,Medium
R04848,0,0.46528732265245537,Medium
R04849,0,0.43196042550461816,Medium
R04850,0,0.4531458681113022,Medium
R04852,0,0.37616537149897383,Medium
R04853,0,0.43145368079228724,Medium
R04855,0,0.3875278549403577,Medium
R04856,0,0.36199134141153877,Medium
R04857,0,0.3803144709438483,Medium
R04858,0,0.42086358443436717,Medium
R04859,0,0.43993064666166115,Medium
R04860,0,0.4168725401835822,Medium
R04861,1,0.37560181723385205,Medium
R04862,0,0.4038011019073843,Medium
R04863,0,0.42409885995379004,Medium
R04864,0,0.48640136330782174,Medium
R04865,0,0.36614068606795713,Medium
R04866,0,0.35518467674846016,Medium
R04867,0,0.4147280588453679,Medium
R04868,0,0.37374703104825785,Medium
R04869,0,0.4133649154527024,Medium
R04870,0,0.34386652097277187,Medium
R04871,0,0.43792154446261766,Medium
R04872,0,0.3629774488858222,Medium
R04875,0,0.41765529146783265,Medium
R04876,0,0.44910896081525037,Medium
R04878,0,0.43325996113138127,Medium
R04879,1,0.4718642904887037,Medium
R04880,0,0.39137177441520876,Medium
R04881,1,0.474915805859356,Medium
R04882,0,0.3542693498773369,Medium
R04883,0,0.43564334847278485,Medium
R04884,0,0.37215013353059356,Medium
R04886,0,0.3905369657738836,Medium
R04887,0,0.5550113516768971,High
R04888,0,0.43984733408408666,Medium
R04889,0,0.3954254664330009,Medium
R04890,1,0.5994397028179929,High
R04891,1,0.5491365792458134,High
R04892,0,0.4387720310626511,Medium
R04893,0,0.431199486442743,Medium
R04894,0,0.39255120746512534,Medium
R04895,0,0.4768283078741595,Medium
R04896,0,0.3796030263635879,Medium
R04897,0,0.46157594365796406,Medium
R04898,0,0.4242620654108943,Medium
R04899,0,0.4476754892809464,Medium
R04900,0,0.4091387952336113,Medium
R04901,0,0.4324298830248117,Medium
R04902,0,0.33011100701460244,Medium
R04904,1,0.5182263899544153,High
R04905,1,0.5463571198688103,High
R04906,0,0.4512312035625652,Medium
R04907,0,0.39552440931657,Medium
R04908,0,0.4312176736196935,Medium
R04909,0,0.47701839356916353,Medium
R04910,0,0.43006198167289666,Medium
R04911,0,0.4140971744848308,Medium
R04912,0,0.4408186333874221,Medium
R04913,0,0.3779355331591669,Medium
R04914,0,0.35531392744533413,Medium
R04915,0,0.4327469203371656,Medium
R04917,0,0.4588288245908247,Medium
R04918,0,0.38483621336330237,Medium
R04920,0,0.40115414498373186,Medium
R04921,0,0.36758996157208296,Medium
R04922,0,0.4206072832022298,Medium
R04923,0,0.41199791692790344,Medium
R04924,0,0.3606566924464348,Medium
R04925,0,0.40759090676069215,Medium
R04926,0,0.3954851367405369,Medium
R04928,0,0.3510028205415992,Medium
R04929,0,0.4001433251473509,Medium
R04930,0,0.407954194191277,Medium
R04931,0,0.41961906052568737,Medium
R04932,0,0.41450444759111754,Medium
R04933,0,0.4364335078668865,Medium
R04934,1,0.5370525197525331,High
R04935,0,0.3064999556117068,Medium
R04936,0,0.38956070368351375,Medium
R04937,0,0.3482183518981063,Medium
R04938,0,0.47485036854022034,Medium
R04939,0,0.42645334256728795,Medium
R04940,0,0.3973848367877575,Medium
R04941,0,0.37774976515588493,Medium
R04942,0,0.4157352644894133,Medium
R04943,1,0.39910245336709826,Medium
R04944,0,0.4792424710146183,Medium
R04945,0,0.4311992458637082,Medium
R04946,0,0.363477556313515,Medium
R04947,0,0.42656007123362194,Medium
R04948,0,0.36668482042053535,Medium
R04949,0,0.38853343094635107,Medium
R04950,0,0.4516124640377877,Medium
R04951,0,0.422575197948542,Medium
R04952,0,0.3932995279074263,Medium
R04953,0,0.2954042094171894,Low
R04954,0,0.3974540882694423,Medium
R04955,0,0.4117221427459018,Medium
R04957,0,0.37858328787833934,Medium
R04958,0,0.3723802947507261,Medium
R04959,0,0.35565719075881946,Medium
R04960,0,0.4989019423725849,Medium
R04961,0,0.40621591958106185,Medium
R04962,0,0.40973606890809555,Medium
R04963,1,0.5650932378609874,High
R04964,0,0.30910319161295885,Medium
R04965,0,0.41855488345776165,Medium
R04966,0,0.43037597082421714,Medium
R04967,0,0.38769963669953056,Medium
R04969,0,0.41857170725878107,Medium
R04970,0,0.39617715748046933,Medium
R04971,0,0.3395379220791551,Medium
R04972,0,0.4402648027433642,Medium
R04973,0,0.31910688474070115,Medium
R04974,0,0.42462069307118644,Medium
R04975,0,0.4173574411246267,Medium
R04976,0,0.4617220401224575,Medium
R04977,0,0.3253401228326576,Medium
R04978,1,0.5434959380203048,High
R04979,0,0.4221241508716609,Medium
R04980,0,0.393692328662662,Medium
R04981,0,0.44939217097303824,Medium
R04982,0,0.3443474847648836,Medium
R04983,0,0.40400986044197695,Medium
R04984,0,0.4303431726182685,Medium
R04985,0,0.3495839167505281,Medium
R04986,0,0.4241393383912375,Medium
R04988,0,0.4346774976075789,Medium
R04989,0,0.4222720777037855,Medium
R04990,0,0.42621773750358016,Medium
R04991,0,0.42150801904860913,Medium
R04992,1,0.3768393420303782,Medium
R04993,0,0.47478175170590875,Medium
R04994,0,0.4265652546223268,Medium
R04995,0,0.42925290007450434,Medium
R04996,0,0.39877704091259125,Medium
R04997,0,0.3903613456154631,Medium
R04998,0,0.4027385323311801,Medium
R04999,0,0.4069307804238103,Medium
R05000,0,0.3828834823071238,Medium
R05001,0,0.2999091052221126,Low
R05002,1,0.5444014023233382,High
R05003,0,0.447435583056863,Medium
R05004,0,0.4072860516318585,Medium
R05006,0,0.43275306246754847,Medium
R05008,0,0.4007107474093465,Medium
R05009,0,0.4052269933998496,Medium
R05010,0,0.4264426550974501,Medium
R05011,1,0.5417800306034326,High
R05012,1,0.44270026846986743,Medium
R05013,0,0.23122740878042036,Low
R05014,0,0.4238279707087941,Medium
R05015,0,0.45388476507596737,Medium
R05017,0,0.41887215525659793,Medium
R05018,0,0.49900105044427756,Medium
R05019,0,0.33161742904483815,Medium
R05020,0,0.40498257819198424,Medium
R05021,0,0.3118252813151213,Medium
R05024,0,0.35447182879665723,Medium
R05025,0,0.3425403525932406,Medium
R05026,0,0.4675828702894972,Medium
R05027,0,0.3572785260635265,Medium
R05028,0,0.3815480549140277,Medium
R05029,1,0.5806217157749066,High
R05030,0,0.49271745766378755,Medium
R05031,0,0.43039021073165773,Medium
R05032,0,0.5205210410298939,High
R05033,0,0.35887354054583065,Medium
R05034,0,0.483656776967227,Medium
R05035,0,0.32396070650304154,Medium
R05036,0,0.41351742269813707,Medium
R05037,0,0.2927775083101844,Low
R05038,0,0.3458905772507888,Medium
R05039,0,0.38170857878299513,Medium
R05040,0,0.4569622743113771,Medium
R05041,0,0.4410235914231099,Medium
R05042,0,0.31003344068721367,Medium
R05043,0,0.379020049094,Medium
R05044,1,0.5117074718747455,High
R05045,0,0.4195125117797203,Medium
R05046,0,0.42206690268543895,Medium
R05047,1,0.5099296402900408,High
R05049,0,0.45833129966337216,Medium
R05050,0,0.3714083878700969,Medium
R05051,0,0.4054699402421733,Medium
R05052,0,0.4701956952799843,Medium
R05053,0,0.46597967154426045,Medium
R05054,0,0.4518107344035565,Medium
R05055,0,0.4368368672764627,Medium
R05056,1,0.4572833534818244,Medium
R05057,0,0.36696157937669815,Medium
R05058,0,0.39345707430783317,Medium
R05059,0,0.4298625557167449,Medium
R05060,0,0.3417872149859133,Medium
R05061,0,0.422092381505659,Medium
R05062,0,0.4385750021208423,Medium
R05063,0,0.33200947305348616,Medium
R05064,1,0.5022820535650558,High
R05065,0,0.4277879569296809,Medium
R05066,0,0.33604397973676847,Medium
R05067,1,0.531548947156503,High
R05068,0,0.4056457823613173,Medium
R05069,0,0.3407199928778767,Medium
R05070,0,0.4253620952161798,Medium
R05071,0,0.45795772353349884,Medium
R05072,0,0.3363579810380363,Medium
R05073,1,0.5314730431025538,High
R05074,0,0.45724029197436095,Medium
R05075,1,0.363124453142436,Medium
R05076,0,0.370160703119314,Medium
R05077,0,0.3743692356141577,Medium
R05078,0,0.4394742486657128,Medium
R05079,0,0.3942520281965956,Medium
R05080,0,0.5195181200637675,High
R05082,0,0.3566848942840051,Medium
R05083,0,0.4510487150608312,Medium
R05084,0,0.31736963716471656,Medium
R05085,0,0.40606703452461046,Medium
R05086,0,0.31819299277953084,Medium
R05087,0,0.3792922240949179,Medium
R05088,0,0.4626813923433092,Medium
R05089,0,0.4002860896481197,Medium
R05090,0,0.5488059363078677,High
R05092,0,0.37161684756924773,Medium
R05093,0,0.3592322891183042,Medium
R05094,0,0.42731707695089866,Medium
R05095,1,0.5240992007142764,High
R05096,0,0.3803704145644752,Medium
R05097,0,0.448664264860429,Medium
R05098,0,0.34932774139006356,Medium
R05099,0,0.36408678864263416,Medium
R05100,0,0.39371257074235283,Medium
R05101,0,0.3547858531871489,Medium
R05102,0,0.40068137215453187,Medium
R05104,0,0.4651268174795902,Medium
R05105,0,0.4275742906413641,Medium
R05106,0,0.3855709108582769,Medium
R05107,0,0.46344553416882517,Medium
R05108,0,0.4238866171433072,Medium
R05109,0,0.3750643816288852,Medium
R05110,0,0.3851260160370641,Medium
R05111,0,0.38065629779634363,Medium
R05112,0,0.40142600986394394,Medium
R05113,0,0.37839638743293796,Medium
R05114,0,0.5075159197240149,High
R05115,0,0.37301722688993094,Medium
R05116,1,0.6626795460065675,High
R05117,0,0.4455747186767256,Medium
R05119,0,0.4750171562400021,Medium
R05120,0,0.4492348089808712,Medium
R05121,0,0.43573631541992464,Medium
R05122,0,0.448885269065998,Medium
R05123,0,0.40917407392083865,Medium
R05124,0,0.39592916884580526,Medium
R05125,0,0.4107392866464235,Medium
R05126,0,0.40882586267608056,Medium
R05127,0,0.28853012377201764,Low
R05128,0,0.4011635820659391,Medium
R05129,0,0.3883959162193096,Medium
R05130,0,0.33995354634791114,Medium
R05131,0,0.4064373098589283,Medium
R05132,0,0.34910673363142086,Medium
R05133,0,0.4117476565060027,Medium
R05134,1,0.4244461074203293,Medium
R05135,0,0.399905045844205,Medium
R05136,0,0.4036077060967112,Medium
R05137,1,0.5039364788456697,High
R05138,0,0.39194257918563374,Medium
R05139,1,0.39425259912425514,Medium
R05140,0,0.3930734551838656,Medium
R05141,0,0.4240273699340748,Medium
R05142,0,0.4488304039844667,Medium
R05143,0,0.3796692017033966,Medium
R05144,0,0.4668316952466657,Medium
R05145,0,0.4037273589976192,Medium
R05146,0,0.3589134717066167,Medium
R05148,0,0.4053998163766307,Medium
R05149,0,0.38905062384258166,Medium
R05150,0,0.44501857816905344,Medium
R05151,0,0.41858917025368475,Medium
R05152,0,0.38645693114307106,Medium
R05153,0,0.3876133692465195,Medium
R05154,0,0.4139514246206005,Medium
R05155,0,0.454509971479479,Medium
R05156,0,0.3285376144115967,Medium
R05157,0,0.3956386733306012,Medium
R05158,1,0.5349174701089484,High
R05160,0,0.4008697963635086,Medium
R05161,0,0.31803377020811835,Medium
R05164,0,0.4237794861130396,Medium
R05165,0,0.34147243316111536,Medium
R05166,0,0.44371554544835917,Medium
R05167,0,0.342419566170888,Medium
R05168,0,0.40781248486144184,Medium
R05169,1,0.5138452576862994,High
R05170,0,0.4304211709175344,Medium
R05171,0,0.38351412135764706,Medium
R05172,0,0.39155046596064,Medium
R05173,1,0.334074728768189,Medium
R05174,0,0.3322230960948005,Medium
R05175,0,0.4416880892445563,Medium
R05176,0,0.31693123849893856,Medium
R05177,0,0.460062924365543,Medium
R05179,0,0.41469106200037664,Medium
R05180,0,0.3572372119525759,Medium
R05181,0,0.46949314362070943,Medium
R05182,0,0.3957442641625321,Medium
R05183,0,0.3673870385382287,Medium
R05184,0,0.48826953411257884,Medium
R05185,0,0.38937133950941233,Medium
R05186,0,0.4417900393073013,Medium
R05187,0,0.43634515801338053,Medium
R05188,0,0.33907514512232934,Medium
R05189,0,0.3812490305751943,Medium
R05190,1,0.5283737014611334,High
R05191,0,0.4443618061279888,Medium
R05193,0,0.41127834075086434,Medium
R05195,0,0.45549604106493796,Medium
R05196,0,0.44808536715537967,Medium
R05197,1,0.5379611390456462,High
R05198,0,0.41759912560202084,Medium
R05199,0,0.4232804782159345,Medium
R05200,0,0.4288108323467793,Medium
R05201,0,0.40532303742744824,Medium
R05202,0,0.3700691718722414,Medium
R05203,0,0.366757160726966,Medium
R05204,0,0.4635196600547749,Medium
R05205,0,0.3917489816733156,Medium
R05206,1,0.49275014064401396,Medium
R05207,0,0.35678000531433246,Medium
R05208,0,0.3614878156334597,Medium
R05209,1,0.4872319722327444,Medium
R05210,0,0.46107508255495105,Medium
R05211,1,0.4884867557273365,Medium
R05212,0,0.33987499017444295,Medium
R05213,0,0.4022250104045261,Medium
R05214,0,0.43072683336258,Medium
R05215,0,0.4261514609464537,Medium
R05216,0,0.34663572052226077,Medium
R05217,0,0.40544555766962154,Medium
R05218,0,0.4053147178722872,Medium
R05219,0,0.37974487566886117,Medium
R05220,0,0.3708813067608825,Medium
R05221,0,0.33146636956137654,Medium
R05222,0,0.44076382804531067,Medium
R05223,0,0.45129832690924654,Medium
R05224,0,0.4212652861505129,Medium
R05225,0,0.39741226934658813,Medium
R05226,0,0.35711381520673663,Medium
R05227,0,0.36122538625223577,Medium
R05228,0,0.44059986002536633,Medium
R05229,1,0.5990949583420287,High
R05230,0,0.42826776976134,Medium
R05231,0,0.43590790327739953,Medium
R05232,0,0.4262597804004487,Medium
R05233,0,0.4278521237720191,Medium
R05234,0,0.39115961960671664,Medium
R05235,0,0.3963126144271763,Medium
R05236,0,0.3210065690818219,Medium
R05237,0,0.4396456680272665,Medium
R05238,0,0.4254139594494537,Medium
R05239,0,0.4086660133483353,Medium
R05240,0,0.4370768941900554,Medium
R05241,0,0.32511224042496323,Medium
R05242,0,0.3938851245228589,Medium
R05243,0,0.4237462562557946,Medium
R05244,0,0.47506260078098966,Medium
R05245,0,0.45517520363533026,Medium
R05246,0,0.40877622530932184,Medium
R05247,0,0.3983220812914702,Medium
R05248,0,0.3474414073640115,Medium
R05249,0,0.41451862601265077,Medium
R05250,0,0.48521408094620533,Medium
R05251,0,0.4197117108634076,Medium
R05252,0,0.46247293672084894,Medium
R05253,0,0.4178845839935014,Medium
R05254,0,0.4087397241944959,Medium
R05255,0,0.4571582508467006,Medium
R05256,0,0.4129323769889217,Medium
R05257,0,0.380192602557014,Medium
R05258,0,0.3822326414216129,Medium
R05259,0,0.4280646453899578,Medium
R05260,1,0.593519156181723,High
R05261,1,0.5655719777993639,High
R05263,0,0.45921803078602863,Medium
R05264,0,0.3943195365434087,Medium
R05265,0,0.3281820305172717,Medium
R05266,1,0.4943686172754647,Medium
R05267,0,0.37083938980469955,Medium
R05268,0,0.43224558362106164,Medium
R05269,0,0.39376897753436213,Medium
R05270,0,0.4629643900912075,Medium
R05271,0,0.4089508817952991,Medium
R05272,0,0.42498588259536973,Medium
R05273,0,0.46007860547879986,Medium
R05274,0,0.42834152631698813,Medium
R05275,0,0.35631817463511006,Medium
R05276,0,0.40296129041234785,Medium
R05277,0,0.34373943327998774,Medium
R05278,0,0.3528329636086985,Medium
R05279,0,0.4483162148693516,Medium
R05280,0,0.4255388400396175,Medium
R05281,1,0.5299353368977618,High
R05282,0,0.3993420624032742,Medium
R05283,0,0.4471392039160324,Medium
R05284,0,0.39557520889691117,Medium
R05285,0,0.40454435462524857,Medium
R05286,0,0.38838959822138286,Medium
R05287,0,0.3921693861273801,Medium
R05288,0,0.41117613393250124,Medium
R05290,0,0.24058808668629403,Low
R05291,0,0.4108781362892256,Medium
R05292,0,0.4549453211035508,Medium
R05294,0,0.4554204191194718,Medium
R05295,0,0.42046289232381506,Medium
R05296,1,0.5311629514829421,High
R05297,0,0.437810961845184,Medium
R05298,0,0.40635388753124646,Medium
R05300,0,0.46012185667488587,Medium
R05302,1,0.5148029608874398,High
R05303,1,0.5187213998777577,High
R05304,0,0.3961912449985618,Medium
R05305,0,0.3503810933213213,Medium
R05306,0,0.4132014862869065,Medium
R05307,0,0.42799053591300257,Medium
R05308,0,0.4449334068019516,Medium
R05309,0,0.38477804529121246,Medium
R05310,0,0.3930592467557711,Medium
R05311,0,0.4378607270526425,Medium
R05313,1,0.5432162044615352,High
R05314,0,0.3610003968745143,Medium
R05315,1,0.5353737486689435,High
R05317,0,0.4321104929905115,Medium
R05318,0,0.4036476329201767,Medium
R05319,0,0.34675487817239703,Medium
R05320,0,0.40457549150993377,Medium
R05321,0,0.31109070192853744,Medium
R05322,0,0.3796354180028259,Medium
R05323,0,0.4367711825323798,Medium
R05324,0,0.42648706376421425,Medium
R05325,0,0.4520435119885788,Medium
R05326,0,0.4519624349773551,Medium
R05327,0,0.36615281016430856,Medium
R05329,0,0.34409496614687207,Medium
R05331,1,0.5101728726840684,High
R05332,0,0.40628633337271586,Medium
R05333,0,0.4383698341901705,Medium
R05334,0,0.3768085839803896,Medium
R05336,0,0.3303397821053077,Medium
R05337,0,0.3680656708623305,Medium
R05338,0,0.40578815096877385,Medium
R05339,0,0.4328744434978768,Medium
R05341,0,0.42156898937634113,Medium
R05342,1,0.5183996242904965,High
R05344,0,0.39478163598221433,Medium
R05345,0,0.3979520460682848,Medium
R05346,0,0.38917874343662284,Medium
R05347,0,0.4049377355840105,Medium
R05348,0,0.4446858176159786,Medium
R05349,0,0.45820489030177464,Medium
R05352,0,0.3599647831713268,Medium
R05353,1,0.6241917656565513,High
R05354,0,0.44149314949011176,Medium
R05356,0,0.4596702337222785,Medium
R05357,1,0.5470817368532862,High
R05358,0,0.5484851257078223,High
R05359,0,0.4025116517704996,Medium
R05360,0,0.3655910726843551,Medium
R05361,0,0.31755544484938414,Medium
R05362,0,0.43281231842354273,Medium
R05363,0,0.33170135959310815,Medium
R05364,0,0.40140687066356384,Medium
R05365,0,0.439202321622874,Medium
R05366,0,0.4015722229457627,Medium
R05367,0,0.47249677235600507,Medium
R05368,0,0.3909680682257639,Medium
R05369,1,0.46951354784217914,Medium
R05370,0,0.4634791793641856,Medium
R05372,0,0.3782204016758621,Medium
R05373,0,0.3843370023209588,Medium
R05375,1,0.4990140069875597,Medium
R05376,1,0.38123614902030406,Medium
R05377,0,0.4042764131252543,Medium
R05378,0,0.3757403149041408,Medium
R05379,0,0.44085643730442753,Medium
R05381,0,0.31807867307760235,Medium
R05382,0,0.367034399250325,Medium
R05383,0,0.427362168061955,Medium
R05384,0,0.4662426277595909,Medium
R05385,0,0.4787026446571663,Medium
R05386,0,0.45692024004880294,Medium
R05387,0,0.40018392902683575,Medium
R05388,0,0.4796427972478887,Medium
R05389,0,0.3880761073893298,Medium
R05390,0,0.45864027797698165,Medium
R05391,0,0.3876304858217492,Medium
R05392,0,0.2964247140340769,Low
R05393,0,0.41511295807260545,Medium
R05394,0,0.4366705147449743,Medium
R05395,0,0.3876590842673555,Medium
R05396,0,0.4621164411985259,Medium
R05397,0,0.3823443457733589,Medium
R05398,0,0.3724347530183864,Medium
R05399,0,0.397363569975231,Medium
R05400,0,0.37688390527471727,Medium
R05401,0,0.40469700848363077,Medium
R05402,0,0.38739963612151335,Medium
R05404,0,0.4654680928163007,Medium
R05405,1,0.565353091997387,High
R05406,0,0.4328233018550688,Medium
R05407,0,0.4504954078196198,Medium
R05408,0,0.42595680772094896,Medium
R05409,0,0.40832844370790466,Medium
R05410,0,0.3293175697857531,Medium
R05411,0,0.4681982497775979,Medium
R05412,0,0.37344633583733855,Medium
R05413,0,0.43123234943012506,Medium
R05414,0,0.3416382338556692,Medium
R05415,0,0.3449369029206929,Medium
R05416,0,0.37575960855186297,Medium
R05417,0,0.4138217593894684,Medium
R05418,0,0.3011736993977258,Medium
R05419,0,0.3256998783900111,Medium
R05420,0,0.4887138647799773,Medium
R05421,1,0.3899258209051982,Medium
R05422,0,0.44973360017971253,Medium
R05423,0,0.3821022441012188,Medium
R05425,0,0.3391725496632968,Medium
R05426,0,0.3864512446079178,Medium
R05427,0,0.3082630467347369,Medium
R05428,0,0.3815412125290456,Medium
R05429,0,0.3849540301108822,Medium
R05430,0,0.4182346041469513,Medium
R05431,0,0.4251333734653899,Medium
R05432,0,0.4436999256397639,Medium
R05433,0,0.3652962474895149,Medium
R05434,0,0.4057563888149201,Medium
R05435,0,0.40589399743704196,Medium
R05436,1,0.5567590708500985,High
R05438,0,0.41037348754563985,Medium
R05439,0,0.44883494743781394,Medium
R05441,0,0.36736833765379884,Medium
R05442,0,0.4822321910526427,Medium
R05443,1,0.36070484552153986,Medium
R05444,0,0.39890358770621936,Medium
R05445,0,0.45449388244690553,Medium
R05446,0,0.42653127697292786,Medium
R05447,0,0.3953078483694697,Medium
R05448,0,0.4314550027535244,Medium
R05449,0,0.39536083066922734,Medium
R05450,0,0.3531122679161973,Medium
R05451,1,0.3778622233920151,Medium
R05452,0,0.45419832378397,Medium
R05453,1,0.50051529607811,High
R05454,0,0.389045951787815,Medium
R05456,0,0.41055281246363856,Medium
R05457,0,0.5174357344072912,High
R05458,0,0.3667292283756489,Medium
R05459,0,0.4412003576403976,Medium
R05460,0,0.3770453867435171,Medium
R05461,0,0.4106571912315759,Medium
R05462,1,0.4513380938634336,Medium
R05463,0,0.3548235248230981,Medium
R05464,0,0.38653764884751607,Medium
R05466,0,0.35847461096293637,Medium
R05467,0,0.4336681188792991,Medium
R05468,0,0.47374290579303285,Medium
R05469,0,0.38934114241039247,Medium
R05470,1,0.5227826169779477,High
R05471,0,0.4287858050665965,Medium
R05472,0,0.35462590422630136,Medium
R05473,0,0.45336072666469,Medium
R05474,0,0.39421689347880146,Medium
R05475,0,0.40327711233498925,Medium
R05476,1,0.5111246929125295,High
R05477,0,0.35005749311282236,Medium
R05478,0,0.35633746484225154,Medium
R05479,0,0.409338412470739,Medium
R05480,0,0.4055348413351997,Medium
R05481,0,0.4991361806920929,Medium
R05482,0,0.401978919084273,Medium
R05483,0,0.4227387613880635,Medium
R05484,1,0.5153806667012172,High
R05485,0,0.3795711046311304,Medium
R05486,0,0.4215282481542388,Medium
R05487,1,0.44811012395695654,Medium
R05488,0,0.37922990192123174,Medium
R05489,0,0.42699775538720663,Medium
R05490,0,0.3711508848378611,Medium
R05491,0,0.37477413537082716,Medium
R05492,0,0.4470372248439767,Medium
R05493,0,0.3180777842514368,Medium
R05494,0,0.41645785165474225,Medium
R05495,0,0.3708705678157006,Medium
R05496,0,0.5140286555330108,High
R05498,0,0.42383622194808895,Medium
R05499,0,0.4012981552244513,Medium
R05500,0,0.38727419941230806,Medium
R05501,0,0.27808597446617045,Low
R05502,0,0.4013663909518882,Medium
R05504,0,0.4040246222096333,Medium
R05505,1,0.474871735936146,Medium
R05506,0,0.3776013193932958,Medium
R05507,0,0.40288097600103817,Medium
R05509,0,0.36109097012442315,Medium
R05510,0,0.3462779021716432,Medium
R05511,0,0.4135896549992117,Medium
R05512,0,0.3394132744915391,Medium
R05513,0,0.42705209836914493,Medium
R05514,0,0.41244263478139376,Medium
R05515,0,0.43390714220242643,Medium
R05516,0,0.36309244996446227,Medium
R05517,0,0.4615610735885946,Medium
R05518,0,0.35075900779671976,Medium
R05519,1,0.5004521259489065,High
R05520,0,0.4796985619298866,Medium
R05521,0,0.34027255748991797,Medium
R05522,0,0.4131751128012439,Medium
R05523,0,0.4057709857518501,Medium
R05524,0,0.42036674848025685,Medium
R05525,0,0.32548455075305915,Medium
R05526,0,0.41228530722136775,Medium
R05528,0,0.33332322022150684,Medium
R05529,0,0.4633165090323513,Medium
R05530,0,0.4255161926345953,Medium
R05531,0,0.42760640906556674,Medium
R05532,0,0.346905274264464,Medium
R05533,0,0.3692943595254286,Medium
R05534,0,0.4012358546395794,Medium
R05535,0,0.41066523400563104,Medium
R05536,0,0.3910266068491572,Medium
R05537,0,0.40986538685070295,Medium
R05538,0,0.47048290783992164,Medium
R05539,1,0.4886096871753945,Medium
R05540,0,0.441968875582344,Medium
R05541,1,0.5119015028643422,High
R05544,1,0.5982405432303595,High
R05545,1,0.5123532039576248,High
R05546,0,0.4379752375499869,Medium
R05547,0,0.41811524138573647,Medium
R05548,0,0.35003894537202873,Medium
R05549,0,0.4791083382511876,Medium
R05550,0,0.41800913842182247,Medium
R05551,0,0.4229470282368936,Medium
R05553,0,0.41149353041852504,Medium
R05554,0,0.4150055124757366,Medium
R05555,0,0.37835138438972293,Medium
R05556,0,0.43697883439199003,Medium
R05557,0,0.4542672770692468,Medium
R05558,0,0.39886488996462555,Medium
R05559,0,0.346543983190642,Medium
R05560,0,0.4165091295036429,Medium
R05561,0,0.4884123852897055,Medium
R05562,0,0.3822115141848842,Medium
R05563,1,0.5786701423709432,High
R05564,0,0.4422812881715531,Medium
R05565,0,0.45983862352288,Medium
R05566,1,0.525851670799557,High
R05567,0,0.44882103270774754,Medium
R05568,0,0.45877894403487324,Medium
R05569,0,0.3748023617671968,Medium
R05571,0,0.43797080400545335,Medium
R05572,0,0.4305937789591097,Medium
R05573,0,0.35375327445149213,Medium
R05574,1,0.5752319395864025,High
R05575,1,0.534243228648842,High
R05576,1,0.47172490390861754,Medium
R05577,0,0.4187131795197843,Medium
R05578,0,0.4045878805144635,Medium
R05579,0,0.4106689493369573,Medium
R05580,0,0.3405515282631736,Medium
R05581,0,0.3772498284736773,Medium
R05582,0,0.38071407004143043,Medium
R05583,0,0.4740077186043341,Medium
R05584,1,0.35504380198882607,Medium
R05585,0,0.4282784592538387,Medium
R05586,0,0.3323475944790408,Medium
R05587,0,0.4715852975007085,Medium
R05588,0,0.38694549955934365,Medium
R05589,0,0.3876016375786251,Medium
R05590,0,0.38992787628435066,Medium
R05591,0,0.41040865689571726,Medium
R05592,0,0.40485049579812005,Medium
R05593,0,0.35134723358116526,Medium
R05594,0,0.38612520995181,Medium
R05595,1,0.5098346987504543,High
R05597,0,0.3967760277737698,Medium
R05598,0,0.4255788090789741,Medium
R05599,0,0.45170312104167304,Medium
R05600,0,0.46906651526386517,Medium
R05601,0,0.2820502339382057,Low
R05602,0,0.40511455333887075,Medium
R05603,0,0.3969248416894798,Medium
R05604,0,0.38294262923864225,Medium
R05605,0,0.44927265281538015,Medium
R05606,0,0.3554936412444617,Medium
R05607,1,0.4413154923628643,Medium
R05608,0,0.38956129853042293,Medium
R05609,0,0.44157445427759157,Medium
R05610,0,0.4043015094625233,Medium
R05611,0,0.4390735821154072,Medium
R05612,0,0.39454397268031227,Medium
R05613,0,0.4209228835605149,Medium
R05614,1,0.5190722083568691,High
R05615,0,0.35925698018753627,Medium
R05618,1,0.559710553437321,High
R05619,0,0.354573392049022,Medium
R05620,0,0.4298311316421505,Medium
R05621,0,0.4066490742452927,Medium
R05622,0,0.3567699571653708,Medium
R05623,1,0.4753604334655992,Medium
R05624,0,0.4397644146234153,Medium
R05625,0,0.41797811172781396,Medium
R05627,0,0.4499195594558231,Medium
R05628,0,0.41338667303306714,Medium
R05629,0,0.40137697762863156,Medium
R05630,0,0.45732522372362966,Medium
R05631,0,0.42846037012556715,Medium
R05632,0,0.41490503582048505,Medium
R05633,0,0.4914439729642284,Medium
R05634,0,0.3811835559978938,Medium
R05635,0,0.33683402551957087,Medium
R05636,0,0.4338578881584654,Medium
R05637,0,0.36955029858927074,Medium
R05638,0,0.43988782709101004,Medium
R05639,0,0.3515838171033028,Medium
R05640,0,0.3981040670647708,Medium
R05641,0,0.40959634341341283,Medium
R05642,0,0.4810440567996684,Medium
R05643,0,0.41833278610432845,Medium
R05644,0,0.39202877407036385,Medium
R05645,0,0.34136626675070475,Medium
R05646,0,0.5131200907610076,High
R05647,0,0.44752731232096293,Medium
R05648,0,0.3484788761275268,Medium
R05649,1,0.3322191483880509,Medium
R05650,1,0.5263785553251155,High
R05651,0,0.4804029284214325,Medium
R05652,0,0.38065834873471266,Medium
R05653,0,0.39298787888172654,Medium
R05654,0,0.3744184592080492,Medium
R05655,0,0.39390252889897903,Medium
R05656,1,0.5126886790667868,High
R05657,0,0.3485481029789328,Medium
R05658,0,0.3837637809199428,Medium
R05659,0,0.42925306462722135,Medium
R05660,0,0.44901108667911444,Medium
R05661,0,0.4121229555346351,Medium
R05662,1,0.5327567134071027,High
R05663,0,0.44618072361974376,Medium
R05664,0,0.4096242512248297,Medium
R05665,0,0.38257141905218256,Medium
R05666,0,0.46655122655493075,Medium
R05667,0,0.37409574125802947,Medium
R05668,0,0.3589877571538651,Medium
R05670,0,0.28400845343177905,Low
R05671,0,0.4137367331378201,Medium
R05672,0,0.27025240455115257,Low
R05673,0,0.3274404513555483,Medium
R05675,1,0.4583719080938197,Medium
R05676,0,0.37239518050193426,Medium
R05677,0,0.408612013942478,Medium
R05678,0,0.30661744168074384,Medium
R05679,0,0.4099896876773484,Medium
R05680,0,0.35834187079164986,Medium
R05681,0,0.46020128281790024,Medium
R05682,1,0.4674470833929237,Medium
R05683,0,0.4211299713851506,Medium
R05684,0,0.51688506143655,High
R05685,0,0.4427394471088896,Medium
R05686,0,0.39782399929571427,Medium
R05687,0,0.4686022554577851,Medium
R05688,0,0.4095111309343356,Medium
R05689,0,0.4407045434360124,Medium
R05690,0,0.4222422117473665,Medium
R05692,0,0.3913720982082722,Medium
R05693,0,0.4380214634689941,Medium
R05695,0,0.4056171552815629,Medium
R05696,0,0.42308284078912384,Medium
R05697,0,0.4465992333681299,Medium
R05698,0,0.39670030478207496,Medium
R05699,0,0.37300837087746364,Medium
R05700,0,0.39635970265010706,Medium
R05702,0,0.3960536486481536,Medium
R05703,0,0.4354335979464128,Medium
R05704,0,0.40130367024147445,Medium
R05705,0,0.46803201961152735,Medium
R05706,0,0.4193331545849021,Medium
R05707,0,0.40635718833554935,Medium
R05708,0,0.3991473139626025,Medium
R05709,0,0.5041483609618831,High
R05711,0,0.3262177378582867,Medium
R05712,0,0.44835243756631576,Medium
R05713,0,0.45063181161892063,Medium
R05715,0,0.3861672452592389,Medium
R05716,1,0.36861616626580584,Medium
R05717,0,0.44113013719512073,Medium
R05718,0,0.31366481484118264,Medium
R05719,0,0.42409458887092705,Medium
R05720,0,0.41773592333648496,Medium
R05721,0,0.45340344320430537,Medium
R05722,0,0.3578946630933533,Medium
R05723,0,0.3225329174284848,Medium
R05724,0,0.39766662711692874,Medium
R05725,0,0.3132780690144004,Medium
R05726,0,0.4103209954882257,Medium
R05728,0,0.4047677413798442,Medium
R05729,0,0.2691839881586819,Low
R05730,0,0.4191132850705103,Medium
R05731,0,0.3294022979107703,Medium
R05732,0,0.4710006872996722,Medium
R05733,0,0.4170261079636192,Medium
R05734,0,0.35718090053952567,Medium
R05735,0,0.3874737098549675,Medium
R05736,0,0.4130389328350272,Medium
R05737,0,0.4146971659282304,Medium
R05738,0,0.43960652888915397,Medium
R05739,0,0.33823759672483084,Medium
R05740,1,0.5327928062606826,High
R05741,0,0.3741466387268829,Medium
R05742,0,0.44100992313281806,Medium
R05743,0,0.48248815165503195,Medium
R05744,0,0.4251376584534367,Medium
R05745,0,0.34017796352052265,Medium
R05746,0,0.4047588098351531,Medium
R05747,0,0.40159704573619764,Medium
R05748,0,0.3673600034574602,Medium
R05749,0,0.4187080630878285,Medium
R05750,0,0.3887562813842361,Medium
R05751,0,0.40992383519172715,Medium
R05752,1,0.5466149555652475,High
R05753,1,0.4315783728888064,Medium
R05755,0,0.3545613374397867,Medium
R05756,0,0.3935130273827648,Medium
R05757,0,0.3615009659613718,Medium
R05758,1,0.5662929287128694,High
R05759,0,0.39146733218371055,Medium
R05760,0,0.2868930471522416,Low
R05761,0,0.3093321570411872,Medium
R05762,0,0.467368434686576,Medium
R05763,0,0.4574469770015926,Medium
R05764,0,0.46747921677510623,Medium
R05765,0,0.4834279092402056,Medium
R05766,1,0.5567518258163816,High
R05767,1,0.41440318505471196,Medium
R05768,1,0.43989128155710433,Medium
R05769,0,0.40895182037571176,Medium
R05771,0,0.4484439609649843,Medium
R05772,0,0.39963051433465174,Medium
R05774,0,0.36217713401262475,Medium
R05776,0,0.4306053161777959,Medium
R05777,0,0.3980180368670051,Medium
R05778,1,0.5067922348862214,High
R05779,0,0.3611486001517787,Medium
R05780,0,0.4213137679352193,Medium
R05781,0,0.40384615955075387,Medium
R05782,0,0.4063961816440024,Medium
R05783,0,0.3738604077484342,Medium
R05784,0,0.3952033745258952,Medium
R05785,0,0.4523961442690054,Medium
R05786,0,0.39540400233801054,Medium
R05787,1,0.4297108134061365,Medium
R05788,1,0.49771410453959886,Medium
R05789,1,0.4752915899089439,Medium
R05790,0,0.5043844483971253,High
R05791,0,0.3499189573187595,Medium
R05792,0,0.44063603775186444,Medium
R05793,0,0.386866058157661,Medium
R05794,0,0.35495388078449525,Medium
R05795,0,0.4459757760467308,Medium
R05796,0,0.4565179789494319,Medium
R05797,0,0.32995420346420756,Medium
R05798,0,0.3887419621897422,Medium
R05800,0,0.41405165935819044,Medium
R05801,0,0.40909656636579733,Medium
R05802,0,0.4869137961865341,Medium
R05803,0,0.39529817081472246,Medium
R05804,0,0.37826788960809304,Medium
R05806,0,0.4718737428439524,Medium
R05807,0,0.3236015203194548,Medium
R05808,0,0.43370548632791966,Medium
R05810,0,0.3881377629074059,Medium
R05811,0,0.366329718882086,Medium
R05812,0,0.4257486728503743,Medium
R05813,0,0.39434096393410195,Medium
R05815,0,0.32741541369372973,Medium
R05816,0,0.4056889959186336,Medium
R05817,0,0.4373637429667918,Medium
R05818,0,0.32380082389959086,Medium
R05819,0,0.36770564398312594,Medium
R05820,0,0.39771443459889083,Medium
R05821,0,0.3930478999691992,Medium
R05822,0,0.3181538979522082,Medium
R05823,0,0.4137680249286202,Medium
R05824,0,0.3872896350703915,Medium
R05825,0,0.37833656382486774,Medium
R05826,0,0.45720033775974217,Medium
R05827,0,0.35713708904702485,Medium
R05828,1,0.5192983685675193,High
R05829,0,0.4174588008500139,Medium
R05830,0,0.29411346003180505,Low
R05832,0,0.3878098268767332,Medium
R05833,0,0.45457391865376456,Medium
R05834,0,0.3521654152829469,Medium
R05835,0,0.4206773395059455,Medium
R05836,0,0.43290964225262696,Medium
R05837,0,0.39694817190098924,Medium
R05838,0,0.3892238109132326,Medium
R05839,0,0.3805091381115865,Medium
R05840,0,0.4648907231523552,Medium
R05841,0,0.467212163411789,Medium
R05842,0,0.4495499390959723,Medium
R05843,0,0.40888308960636155,Medium
R05844,0,0.3867328522397837,Medium
R05845,0,0.4656060187707267,Medium
R05846,0,0.47123174374643567,Medium
R05847,0,0.44451180909174925,Medium
R05848,0,0.3986792706924873,Medium
R05849,0,0.44987345407462903,Medium
R05850,0,0.3888584626718828,Medium
R05851,1,0.5274345560984351,High
R05852,1,0.5214312579079717,High
R05853,0,0.4028974424498733,Medium
R05854,1,0.4851015837728744,Medium
R05855,0,0.45540594877586626,Medium
R05856,0,0.40628672862383863,Medium
R05858,0,0.34719479736678943,Medium
R05859,0,0.46154054813529477,Medium
R05860,0,0.4151570520617077,Medium
R05861,0,0.40945668278866504,Medium
R05862,0,0.41766067172067073,Medium
R05863,0,0.34110258248509284,Medium
R05864,0,0.39217277642888404,Medium
R05865,0,0.4305336213278229,Medium
R05866,0,0.43097078104358294,Medium
R05867,0,0.4651570471422627,Medium
R05868,0,0.4478467780740019,Medium
R05870,0,0.3828262676366431,Medium
R05871,0,0.376938238543314,Medium
R05872,0,0.4023381878869921,Medium
R05873,0,0.3569339053911621,Medium
R05874,0,0.3626697724016358,Medium
R05875,0,0.40755646304698895,Medium
R05876,0,0.3458122961811021,Medium
R05878,0,0.4344397840515572,Medium
R05879,0,0.4326145515494811,Medium
R05880,0,0.4920049708782412,Medium
R05881,0,0.37860960938625277,Medium
R05882,0,0.3195288208097996,Medium
R05883,0,0.44744900356356654,Medium
R05884,0,0.38239717266389034,Medium
R05885,0,0.37330589987756624,Medium
R05886,0,0.3521678994194331,Medium
R05887,0,0.4043287729119479,Medium
R05888,0,0.35807613241526914,Medium
R05889,1,0.553121803679041,High
R05890,0,0.46408009303608894,Medium
R05891,0,0.4905033764701374,Medium
R05893,0,0.32892764616128095,Medium
R05894,0,0.41914366602746,Medium
R05895,0,0.37793705758056584,Medium
R05896,0,0.420341597619691,Medium
R05897,0,0.41766531711994614,Medium
R05898,0,0.3532643447710537,Medium
R05899,0,0.422325265844173,Medium
R05900,1,0.5633522849131576,High
R05901,0,0.4531790748226844,Medium
R05902,0,0.4673917906583154,Medium
R05903,1,0.5154527943671342,High
R05904,0,0.3832648570848275,Medium
R05905,0,0.3523482471930403,Medium
R05906,0,0.39756234972761656,Medium
R05907,0,0.4000302024640263,Medium
R05908,0,0.45255525560801907,Medium
R05909,0,0.4084563814315532,Medium
R05910,0,0.4201780517837409,Medium
R05911,0,0.3090174158264863,Medium
R05912,0,0.31772422225129415,Medium
R05913,0,0.38219361287274906,Medium
R05914,0,0.3958463612476198,Medium
R05915,0,0.42292761247614513,Medium
R05916,0,0.4410083869899474,Medium
R05917,1,0.5087300397041213,High
R05918,0,0.43921225349059917,Medium
R05919,0,0.3804506704937983,Medium
R05920,0,0.36223387293451226,Medium
R05921,0,0.34024249810605217,Medium
R05922,0,0.43342435806382945,Medium
R05923,0,0.40419324308934884,Medium
R05924,0,0.38457304916329393,Medium
R05925,0,0.4242318475640227,Medium
R05926,0,0.42133857985083273,Medium
R05927,0,0.3142127786317296,Medium
R05928,0,0.42452100646668045,Medium
R05929,0,0.4384905672258884,Medium
R05930,0,0.34473173629955306,Medium
R05931,0,0.4127117559470065,Medium
R05934,0,0.34682831727243213,Medium
R05935,0,0.36853449341187305,Medium
R05936,0,0.45159020717719706,Medium
R05937,0,0.3369234035437809,Medium
R05938,0,0.4012281479815232,Medium
R05940,0,0.4125796191338674,Medium
R05941,0,0.46832267529544497,Medium
R05942,0,0.4298801487294627,Medium
R05943,0,0.5060178194103456,High
R05944,0,0.3414141652819772,Medium
R05946,0,0.34788018808848276,Medium
R05947,0,0.45455101273409104,Medium
R05948,0,0.4108519074934972,Medium
R05950,0,0.4113960043046731,Medium
R05951,0,0.40762950462739606,Medium
R05952,0,0.403953157781853,Medium
R05953,0,0.4437170901481365,Medium
R05955,1,0.44236135545936206,Medium
R05956,0,0.4463082573328193,Medium
R05957,1,0.38023146482564113,Medium
R05958,0,0.378861581507717,Medium
R05959,0,0.3803490939921901,Medium
R05960,0,0.3330795750983207,Medium
R05961,0,0.49653720137115387,Medium
R05962,0,0.4977824373748904,Medium
R05963,0,0.4669851383347376,Medium
R05964,0,0.3671559665547386,Medium
R05965,1,0.530740602493008,High
R05966,1,0.5002168422613998,High
R05968,0,0.3271654766726465,Medium
R05969,0,0.412260610408869,Medium
R05970,0,0.42311699393041535,Medium
R05972,1,0.42101289233711886,Medium
R05973,0,0.45352685794534814,Medium
R05974,0,0.3535449375464435,Medium
R05975,0,0.3786282666676587,Medium
R05976,0,0.4661861138440368,Medium
R05977,0,0.410351136857593,Medium
R05978,0,0.36858381209848257,Medium
R05979,0,0.4098815782724457,Medium
R05980,0,0.42501166910459254,Medium
R05981,0,0.2735918811386065,Low
R05982,0,0.43622964568878453,Medium
R05983,0,0.37199414632865735,Medium
R05984,0,0.40229839822625524,Medium
R05985,0,0.36575505190576685,Medium
R05986,0,0.46628451229269474,Medium
R05987,0,0.39459215302981354,Medium
R05988,0,0.4552607868811396,Medium
R05989,0,0.45756646565393533,Medium
R05990,1,0.6056350043157628,High
R05991,1,0.37991097586023137,Medium
R05992,1,0.5529443317288052,High
R05993,0,0.35724474384050814,Medium
R05994,0,0.36650115389589344,Medium
R05995,0,0.3468170691872625,Medium
R05996,1,0.3002891052165289,Medium
R05997,0,0.4493890103348601,Medium
R05998,1,0.5030686501327777,High
R05999,0,0.3840625173854628,Medium
R06000,0,0.47093603350133156,Medium
R06001,0,0.38665018861754086,Medium
R06002,0,0.518788762332776,High
R06003,0,0.3985062135513707,Medium
R06005,0,0.4767593747754448,Medium
R06006,0,0.41063088790057445,Medium
R06007,0,0.4461016223642559,Medium
R06008,0,0.4255186263000191,Medium
R06009,0,0.3342191073806929,Medium
R06010,0,0.40544616096693403,Medium
R06011,1,0.5266947951296981,High
R06012,0,0.40644300648107934,Medium
R06013,0,0.36582255737193314,Medium
R06014,0,0.42577470575913073,Medium
R06015,0,0.47593981579243727,Medium
R06016,0,0.4352987812296027,Medium
R06017,0,0.37901319322803706,Medium
R06018,0,0.41153492126623414,Medium
R06019,0,0.4560351595801804,Medium
R06020,1,0.3525057118679617,Medium
R06021,0,0.3595774069309462,Medium
R06022,0,0.3708070787830207,Medium
R06023,0,0.29878359039348207,Low
R06024,0,0.3247745141492194,Medium
R06025,1,0.5516349955992766,High
R06026,0,0.3481877375163575,Medium
R06027,0,0.4287782956309214,Medium
R06028,0,0.4162422382079255,Medium
R06029,0,0.36673732216111177,Medium
R06030,0,0.4147516664478483,Medium
R06031,0,0.3526450197229709,Medium
R06032,0,0.3517278514174674,Medium
R06033,0,0.3586961521264388,Medium
R06034,0,0.3715439229665582,Medium
R06035,0,0.3754408957969531,Medium
R06036,0,0.4094737650776438,Medium
R06037,0,0.4444828220144664,Medium
R06038,1,0.5164635304996504,High
R06039,1,0.5577975327604131,High
R06040,1,0.4807871421878612,Medium
R06041,0,0.40673665312215357,Medium
R06042,1,0.5369405832258615,High
R06043,1,0.5025518114621399,High
R06044,1,0.5558224777222667,High
R06045,1,0.543403726822448,High
R06046,0,0.42100857391420166,Medium
R06047,0,0.4675346558141094,Medium
R06048,0,0.35088969263360553,Medium
R06049,0,0.4233795928203048,Medium
R06050,0,0.4411948115086917,Medium
R06051,0,0.4271228359559968,Medium
R06052,0,0.4648412088202326,Medium
R06053,0,0.4056187344531682,Medium
R06054,0,0.47003666338864813,Medium
R06055,0,0.39593678152821404,Medium
R06056,0,0.41051842856998183,Medium
R06057,0,0.39713385130452616,Medium
R06058,0,0.41333281316277765,Medium
R06059,0,0.4192404144907539,Medium
R06060,0,0.4741451847411966,Medium
R06061,0,0.3299211116480693,Medium
R06062,0,0.41903313848245055,Medium
R06063,1,0.4776155153574821,Medium
R06064,0,0.44225507732971664,Medium
R06065,1,0.4171380755758397,Medium
R06066,0,0.45468829331957905,Medium
R06067,0,0.3628701811434722,Medium
R06068,0,0.4198451102442577,Medium
R06069,1,0.5395751623937444,High
R06070,0,0.4277634194691939,Medium
R06071,0,0.33911998806909416,Medium
R06072,0,0.42389321838380234,Medium
R06073,0,0.37602089444084263,Medium
R06074,0,0.33274524947296286,Medium
R06075,0,0.4332677250777435,Medium
R06076,0,0.44216529779790575,Medium
R06077,0,0.4625772458123073,Medium
R06078,0,0.40627235328380956,Medium
R06079,0,0.3630783167141787,Medium
R06080,0,0.40279154312848964,Medium
R06082,0,0.3532233528045105,Medium
R06083,1,0.5483656235868527,High
R06084,0,0.44395904840050654,Medium
R06085,0,0.3851822555272674,Medium
R06086,0,0.37411351230932977,Medium
R06087,1,0.4889008802130275,Medium
R06088,0,0.46609520155882306,Medium
R06089,0,0.3535907912192494,Medium
R06090,0,0.39191638625878256,Medium
R06091,0,0.3559498771946815,Medium
R06092,0,0.37374547254866775,Medium
R06093,0,0.43758606772599073,Medium
R06094,1,0.6180617880682583,High
R06095,0,0.3928054998022709,Medium
R06096,1,0.5203086761185237,High
R06097,0,0.3760622893980516,Medium
R06098,0,0.43764359496888305,Medium
R06099,0,0.4069292899920714,Medium
R06100,0,0.4707720157769092,Medium
R06101,0,0.4125462346941587,Medium
R06102,0,0.4669162597489539,Medium
R06103,1,0.4731089407142932,Medium
R06104,0,0.260674060313123,Low
R06105,0,0.3897309819760093,Medium
R06106,0,0.45279537907354905,Medium
R06107,0,0.35148856194671585,Medium
R06108,0,0.3721170658194311,Medium
R06109,0,0.41686538978541465,Medium
R06110,1,0.44703997520138894,Medium
R06111,0,0.3504119891182703,Medium
R06112,0,0.41301921401483854,Medium
R06113,0,0.4054788960749638,Medium
R06114,0,0.39881133378949335,Medium
R06115,0,0.4311757648155215,Medium
R06116,0,0.4339734016259215,Medium
R06117,0,0.36200832723720355,Medium
R06118,0,0.36314102425363104,Medium
R06120,0,0.42109940472179114,Medium
R06121,0,0.38883924252601404,Medium
R06122,0,0.4300431737403885,Medium
R06123,1,0.5449848192262446,High
R06124,1,0.5389511763366016,High
R06125,0,0.3816486407696536,Medium
R06126,0,0.4943487778976663,Medium
R06127,1,0.5451304482574004,High
R06128,0,0.42165152618313245,Medium
R06129,0,0.46796316703675195,Medium
R06130,1,0.5204120378637901,High
R06131,0,0.44547807802179096,Medium
R06132,0,0.47359515668693036,Medium
R06133,0,0.43023541454387293,Medium
R06134,0,0.43569081788726133,Medium
R06135,0,0.4236700728314628,Medium
R06136,0,0.37290497167589104,Medium
R06137,0,0.38321819437541743,Medium
R06138,1,0.44810470222834203,Medium
R06139,0,0.4152774012310313,Medium
R06140,0,0.4422819769325607,Medium
R06141,0,0.36259668118592797,Medium
R06142,0,0.37512958718789563,Medium
R06143,0,0.37373656654119863,Medium
R06144,0,0.3779388607510935,Medium
R06145,0,0.41061390347518556,Medium
R06146,0,0.33829275337933107,Medium
R06147,0,0.3926261782043969,Medium
R06148,0,0.3125143559110699,Medium
R06149,1,0.5636620544324908,High
R06150,0,0.42568329060421156,Medium
R06151,0,0.4563454268083285,Medium
R06152,0,0.3607271454661047,Medium
R06153,0,0.327377533368177,Medium
R06154,0,0.4079423958325084,Medium
R06155,1,0.5020720603074992,High
R06156,0,0.38778148931483725,Medium
R06157,0,0.4072840859029099,Medium
R06158,0,0.37818594755879303,Medium
R06159,0,0.44137034404479814,Medium
R06160,0,0.3011684365675364,Medium
R06161,0,0.35401290054370044,Medium
R06162,0,0.3609319899311978,Medium
R06163,0,0.3739660390566183,Medium
R06164,0,0.40064035723017616,Medium
R06165,0,0.28763664313987336,Low
R06166,0,0.3790709394586193,Medium
R06167,0,0.40503341729242864,Medium
R06169,0,0.3726598849384544,Medium
R06170,0,0.4362129202413256,Medium
R06171,0,0.41237772299255965,Medium
R06172,0,0.32665027579043,Medium
R06173,0,0.4004399071778419,Medium
R06174,0,0.516726473473888,High
R06176,0,0.3577861656032085,Medium
R06177,0,0.3693342962948025,Medium
R06178,0,0.42007929008165135,Medium
R06179,1,0.49988230441959547,Medium
R06180,1,0.4283244840763569,Medium
R06181,1,0.4803382057749909,Medium
R06183,0,0.39256284191251417,Medium
R06184,0,0.3113203172294238,Medium
R06185,0,0.44614330349888903,Medium
R06186,0,0.3284349549925976,Medium
R06187,0,0.3818744799399236,Medium
R06188,0,0.31199062769351027,Medium
R06189,0,0.453501737905631,Medium
R06191,0,0.4193402756573311,Medium
R06193,1,0.551834134440497,High
R06194,0,0.38482303521971434,Medium
R06195,1,0.5069803292387798,High
R06196,0,0.36952553471578264,Medium
R06197,0,0.42261839597689127,Medium
R06198,0,0.5081781336551932,High
R06200,1,0.3648283446834935,Medium
R06201,0,0.3022217655046152,Medium
R06202,0,0.38116167612977203,Medium
R06204,0,0.44143659536659385,Medium
R06205,0,0.43460888858596286,Medium
R06206,0,0.3490153376899015,Medium
R06207,0,0.3472479495867594,Medium
R06208,0,0.47411762101958455,Medium
R06209,0,0.417081163891413,Medium
R06210,0,0.41484155675879436,Medium
R06211,0,0.3934063316969199,Medium
R06213,0,0.4021388021797243,Medium
R06214,1,0.5161923606986498,High
R06215,0,0.31000858130068454,Medium
R06216,0,0.44728188441671873,Medium
R06217,0,0.44913567216228123,Medium
R06219,0,0.5272820341594484,High
R06220,0,0.35639486060656433,Medium
R06221,0,0.3343813655799034,Medium
R06222,0,0.3808415512712459,Medium
R06223,0,0.42329121407283965,Medium
R06224,1,0.5191639313446283,High
R06225,0,0.4237540522833225,Medium
R06226,0,0.3990474798368691,Medium
R06228,0,0.3620306401375582,Medium
R06229,0,0.4244291614097062,Medium
R06230,1,0.5312128002919672,High
R06231,0,0.4083551087800538,Medium
R06232,1,0.590043785657459,High
R06233,0,0.2997586951333367,Low
R06234,0,0.40010845488807306,Medium
R06235,0,0.3732641331053912,Medium
R06236,0,0.41386169614551443,Medium
R06238,0,0.3628843401415886,Medium
R06239,0,0.41845562073068293,Medium
R06240,1,0.5436994140869813,High
R06241,1,0.5265515852579399,High
R06242,0,0.3660627904038997,Medium
R06243,0,0.32990296462741603,Medium
R06244,0,0.48638083162858414,Medium
R06245,0,0.41156283803577504,Medium
R06246,0,0.37979838570359126,Medium
R06247,0,0.41533543581686105,Medium
R06248,0,0.39041308459712387,Medium
R06249,0,0.3366404785250704,Medium
R06250,0,0.4287820205640211,Medium
R06251,0,0.46235899718810886,Medium
R06252,0,0.37109880498154335,Medium
R06253,0,0.4056519112258315,Medium
R06255,0,0.42193490705183534,Medium
R06256,1,0.4621997420859019,Medium
R06257,0,0.40958828020464005,Medium
R06258,0,0.36173295887617374,Medium
R06259,0,0.42407067296189405,Medium
R06260,0,0.4159859560435137,Medium
R06261,0,0.39328287203256357,Medium
R06262,1,0.4403291004410887,Medium
R06263,0,0.3765898848862907,Medium
R06264,1,0.5245354220015606,High
R06265,0,0.4391699962729131,Medium
R06266,0,0.2841387512625271,Low
R06267,0,0.4649498006603608,Medium
R06268,1,0.47578971431763334,Medium
R06269,0,0.4525548838939227,Medium
R06270,0,0.4572114473463831,Medium
R06271,0,0.3843249834406979,Medium
R06272,1,0.5596516469229471,High
R06274,1,0.34950562803185137,Medium
R06275,0,0.46306593030004317,Medium
R06276,0,0.36042573371917913,Medium
R06277,0,0.39368266227318793,Medium
R06278,0,0.38417665638490817,Medium
R06279,0,0.43049916151886136,Medium
R06280,0,0.4295912032444853,Medium
R06281,0,0.43956356843214245,Medium
R06282,1,0.4817850464700697,Medium
R06283,0,0.37520202174505146,Medium
R06284,0,0.40086093363304237,Medium
R06285,0,0.40914969637278814,Medium
R06287,0,0.3416596365419591,Medium
R06288,0,0.4082060154765659,Medium
R06289,0,0.33178637270407185,Medium
R06290,1,0.4762488025751208,Medium
R06291,0,0.3906169988273501,Medium
R06292,1,0.5384658921662964,High
R06293,0,0.3795745604436361,Medium
R06294,0,0.42488662479886424,Medium
R06295,0,0.43891471803994053,Medium
R06296,1,0.5208625337697825,High
R06297,0,0.46535237126108847,Medium
R06298,0,0.4062769039240591,Medium
R06299,0,0.3886495663362105,Medium
R06300,0,0.48107107055526865,Medium
R06301,0,0.3631947601956964,Medium
R06302,0,0.3901994113614908,Medium
R06303,0,0.4119047228883804,Medium
R06304,0,0.44818311089681406,Medium
R06306,1,0.4513231587595008,Medium
R06307,1,0.48865405153201297,Medium
R06308,0,0.3654434835871376,Medium
R06309,1,0.5050455481251225,High
R06310,0,0.3979641956076611,Medium
R06311,0,0.3689598137076917,Medium
R06312,0,0.3838614250165643,Medium
R06313,0,0.3635683796860679,Medium
R06315,0,0.4001615009771387,Medium
R06316,0,0.4511159965259634,Medium
R06317,0,0.44828538897625875,Medium
R06318,0,0.4119454171888979,Medium
R06319,0,0.3944983864953259,Medium
R06320,0,0.3827596818220116,Medium
R06321,0,0.39978229913535673,Medium
R06322,0,0.39984160616309644,Medium
R06323,0,0.4103899907662577,Medium
R06324,0,0.43559436515565353,Medium
R06325,1,0.5269892135079411,High
R06326,0,0.40376590373707905,Medium
R06327,0,0.4228990462369985,Medium
R06328,0,0.4670017345495923,Medium
R06329,0,0.4267007423107368,Medium
R06330,0,0.4383401092238408,Medium
R06331,0,0.43684887278061935,Medium
R06332,0,0.35806766729810036,Medium
R06333,1,0.5206050165997704,High
R06334,0,0.4834560255667295,Medium
R06335,0,0.420646230653987,Medium
R06336,0,0.4718533578147388,Medium
R06338,0,0.36707405739430016,Medium
R06339,0,0.384461177203916,Medium
R06340,0,0.40907645958437333,Medium
R06341,0,0.42836879623468577,Medium
R06342,0,0.3698110673452588,Medium
R06343,0,0.4013735906644617,Medium
R06344,0,0.3851664867280949,Medium
R06345,0,0.4736307440880867,Medium
R06346,0,0.3516360652747524,Medium
R06347,0,0.3810291391396796,Medium
R06348,0,0.41477470427699464,Medium
R06350,0,0.4538980669985143,Medium
R06351,0,0.37076434041552536,Medium
R06352,0,0.3885160160096068,Medium
R06353,0,0.37248874800963405,Medium
R06354,0,0.3811794887344162,Medium
R06355,0,0.33434272035246365,Medium
R06356,0,0.4407629956974039,Medium
R06357,0,0.39630443699196194,Medium
R06358,0,0.45062161455077754,Medium
R06359,0,0.3829304672608457,Medium
R06360,0,0.3787834571023749,Medium
R06361,0,0.3707711021640362,Medium
R06362,0,0.37455831077023855,Medium
R06363,0,0.3818696699894413,Medium
R06365,0,0.4242020465038274,Medium
R06366,1,0.5178477266309448,High
R06368,0,0.4464512028096292,Medium
R06369,0,0.4767061471108299,Medium
R06370,0,0.43285419668320135,Medium
R06371,0,0.39737109192052045,Medium
R06372,0,0.4653134580269842,Medium
R06373,1,0.5157542200710948,High
R06374,0,0.42266811547309674,Medium
R06375,0,0.3955346419448829,Medium
R06376,0,0.42900349642198177,Medium
R06377,0,0.46081242627742536,Medium
R06378,0,0.39453425101721107,Medium
R06379,1,0.4427227553682481,Medium
R06380,0,0.4209023130224596,Medium
R06381,0,0.41476404098347575,Medium
R06382,0,0.37758413669605806,Medium
R06383,0,0.361506706416383,Medium
R06384,0,0.4080983572739577,Medium
R06385,0,0.44168344308841034,Medium
R06386,0,0.42556780869087907,Medium
R06387,0,0.43033669753442827,Medium
R06388,0,0.3941612750855307,Medium
R06389,0,0.4414141458723532,Medium
R06390,0,0.41943683902532436,Medium
R06391,0,0.4666676868979732,Medium
R06392,0,0.32866133164353534,Medium
R06393,0,0.41051726248693454,Medium
R06396,0,0.3627168002278682,Medium
R06397,0,0.4417268714273612,Medium
R06398,0,0.3977487503142869,Medium
R06399,0,0.4341301088844227,Medium
R06400,0,0.44057139834267034,Medium
R06401,1,0.5092178327984578,High
R06403,0,0.45377989946971264,Medium
R06404,0,0.40506344936533595,Medium
R06405,0,0.4703140012589065,Medium
R06406,0,0.31928370829741193,Medium
R06407,0,0.3619007425853452,Medium
R06408,0,0.45455308252239135,Medium
R06409,0,0.44985887329067326,Medium
R06410,0,0.4246588822497601,Medium
R06411,0,0.4349381833981014,Medium
R06412,0,0.34922953680826324,Medium
R06413,0,0.43582684001931077,Medium
R06414,0,0.40456531330580053,Medium
R06415,0,0.4074050302895217,Medium
R06416,0,0.3787113029196258,Medium
R06417,0,0.4351385059174525,Medium
R06420,0,0.41711736201841165,Medium
R06421,1,0.4601989396952622,Medium
R06422,0,0.391786491437736,Medium
R06424,0,0.32829819168605445,Medium
R06425,0,0.34352916428671926,Medium
R06426,1,0.5229684972463957,High
R06427,0,0.490106343146788,Medium
R06428,0,0.4517964027373557,Medium
R06429,0,0.4435873613773634,Medium
R06430,0,0.389969822328006,Medium
R06431,0,0.4186636881052708,Medium
R06432,0,0.44552236208064266,Medium
R06433,0,0.49235248551694627,Medium
R06434,0,0.38839698246167104,Medium
R06435,0,0.46260648322575343,Medium
R06436,0,0.42688960652767655,Medium
R06437,1,0.4971185724250063,Medium
R06440,0,0.3402523934269828,Medium
R06441,0,0.422581937665199,Medium
R06442,0,0.46415500439233776,Medium
R06443,0,0.3421601724213515,Medium
R06444,0,0.39058114446011283,Medium
R06445,0,0.4166549554634674,Medium
R06446,0,0.3760189325433549,Medium
R06447,0,0.3296096794964815,Medium
R06448,0,0.43442516885983556,Medium
R06449,0,0.4072659043836836,Medium
R06451,0,0.4497217618635133,Medium
R06452,0,0.42961016371219685,Medium
R06453,0,0.390128303711716,Medium
R06454,0,0.36604353511050436,Medium
R06455,0,0.39185244401330344,Medium
R06456,0,0.46063704835215236,Medium
R06457,0,0.3729251629956334,Medium
R06458,0,0.38233470153421417,Medium
R06459,0,0.4332239894226261,Medium
R06460,0,0.4279278170350099,Medium
R06461,0,0.4208327496152926,Medium
R06462,1,0.5338305034188623,High
R06463,1,0.43923418575111534,Medium
R06464,0,0.3968925783818758,Medium
R06465,0,0.427211901407251,Medium
R06466,0,0.37699877107202695,Medium
R06467,1,0.5165388257615909,High
R06469,0,0.4018458382841385,Medium
R06470,0,0.39746920193475993,Medium
R06471,1,0.5134928098340773,High
R06472,0,0.3520404610234462,Medium
R06473,0,0.36232465721346707,Medium
R06474,0,0.42882765199769307,Medium
R06475,0,0.4211100193381461,Medium
R06476,0,0.4243211544226357,Medium
R06477,0,0.48883720874924746,Medium
R06478,0,0.36410826692921744,Medium
R06479,0,0.38664862727041127,Medium
R06480,0,0.4418635637403184,Medium
R06481,0,0.36243262534861914,Medium
R06483,1,0.5176270295273212,High
R06484,0,0.40140740195172037,Medium
R06485,0,0.3411823428345192,Medium
R06487,0,0.4195886974553329,Medium
R06488,0,0.3825245547464408,Medium
R06489,0,0.40276433599644035,Medium
R06492,0,0.4210184587901052,Medium
R06493,0,0.4085771149201298,Medium
R06494,0,0.45696373230046733,Medium
R06495,0,0.46486876854577447,Medium
R06497,0,0.3941766682367986,Medium
R06498,1,0.5744059433032792,High
R06499,0,0.4204999207474999,Medium
R06500,0,0.3694884923509785,Medium
R06501,1,0.5294996470619011,High
R06502,0,0.4282518121476409,Medium
R06503,0,0.38578331331031995,Medium
R06504,0,0.45408465195415376,Medium
R06505,0,0.47261563882867114,Medium
R06506,1,0.547765500707589,High
R06507,0,0.3012441739444755,Medium
R06508,0,0.4148085531163222,Medium
R06509,0,0.3562144705307133,Medium
R06510,0,0.436795594569244,Medium
R06511,0,0.39389937663628966,Medium
R06512,0,0.38900463150802833,Medium
R06513,0,0.44423670795684445,Medium
R06514,0,0.40044444650524297,Medium
R06515,1,0.503734491837471,High
R06516,1,0.48112363394830027,Medium
R06517,0,0.38286254342495396,Medium
R06518,0,0.4866027435429336,Medium
R06520,0,0.435090779686929,Medium
R06521,1,0.40630460308351624,Medium
R06523,0,0.3813170652933738,Medium
R06524,0,0.3937272893488823,Medium
R06525,0,0.4633169370540143,Medium
R06526,0,0.43399108800694075,Medium
R06528,0,0.3490371195147297,Medium
R06530,0,0.42272800695694085,Medium
R06531,0,0.32600442740970814,Medium
R06532,0,0.39209821982489906,Medium
R06533,0,0.3872333573969183,Medium
R06534,1,0.46266059621995287,Medium
R06535,0,0.4278617024948772,Medium
R06536,0,0.46506003059465,Medium
R06537,0,0.3712540413501124,Medium
R06538,0,0.3905820493484305,Medium
R06539,1,0.5102688743034638,High
R06540,0,0.4591341356175599,Medium
R06541,0,0.4055061102655595,Medium
R06542,0,0.456998058131818,Medium
R06543,0,0.3600900184366257,Medium
R06544,0,0.31593478145986703,Medium
R06545,0,0.4023788714687878,Medium
R06546,0,0.4164579058220421,Medium
R06547,0,0.39467976156996093,Medium
R06548,0,0.35327976795282645,Medium
R06549,0,0.25756105910387533,Low
R06551,1,0.5525206497984277,High
R06553,0,0.45306557709312273,Medium
R06554,0,0.41868352522981506,Medium
R06556,0,0.4050590522256443,Medium
R06557,1,0.5954072866287039,High
R06558,0,0.37988456544304455,Medium
R06559,0,0.39459088461587827,Medium
R06560,0,0.3708152252107204,Medium
R06561,0,0.40673499266740487,Medium
R06562,0,0.3483426763018454,Medium
R06563,1,0.43034708599637705,Medium
R06564,1,0.475113417967944,Medium
R06565,0,0.3952236023997529,Medium
R06566,0,0.4539167412959276,Medium
R06567,0,0.37061690454458246,Medium
R06568,0,0.4352682337334906,Medium
R06569,0,0.3575326158971535,Medium
R06570,0,0.3461222485166025,Medium
R06571,0,0.4358809371149816,Medium
R06572,0,0.33728970480617193,Medium
R06573,0,0.45464656043940754,Medium
R06574,0,0.27148268207299203,Low
R06575,0,0.4337965878368603,Medium
R06576,0,0.4745580892968503,Medium
R06577,0,0.36610535918027765,Medium
R06578,0,0.4121616024805196,Medium
R06579,0,0.3588621806915347,Medium
R06580,0,0.4264678345653168,Medium
R06581,0,0.39888149796994404,Medium
R06582,0,0.45911403733829337,Medium
R06583,0,0.4187739427260575,Medium
R06584,0,0.36873778803342894,Medium
R06585,0,0.4211974209470619,Medium
R06586,0,0.43134684654514827,Medium
R06587,0,0.41906843379307085,Medium
R06588,0,0.31208549198686397,Medium
R06591,0,0.37777005462855284,Medium
R06592,0,0.3453814316559996,Medium
R06593,0,0.36391121176292657,Medium
R06594,0,0.3337825240726773,Medium
R06595,1,0.6453488699701727,High
R06596,0,0.38685058258235927,Medium
R06597,0,0.40552469084628995,Medium
R06598,0,0.37323224578193204,Medium
R06599,0,0.4043568102468405,Medium
R06602,0,0.3812896966873251,Medium
R06603,0,0.4016401979585384,Medium
R06604,0,0.3977302680261034,Medium
R06605,0,0.4411078627751992,Medium
R06606,0,0.3979878975822353,Medium
R06607,0,0.43234444681934264,Medium
R06608,0,0.38437154084116726,Medium
R06609,0,0.3848542240507117,Medium
R06610,0,0.39010557414268116,Medium
R06611,0,0.4697835951173869,Medium
R06612,0,0.41223970542036936,Medium
R06613,0,0.3585222217129771,Medium
R06614,0,0.40002917213564915,Medium
R06615,0,0.319668728786879,Medium
R06616,0,0.4375201898878051,Medium
R06617,0,0.4193629364712899,Medium
R06618,0,0.4005668528582306,Medium
R06619,0,0.3711715949904515,Medium
R06620,0,0.3860998255735106,Medium
R06621,0,0.41612142996457907,Medium
R06622,0,0.40465669307704016,Medium
R06623,0,0.4198290420983246,Medium
R06624,0,0.3715655918542845,Medium
R06625,0,0.346196297564208,Medium
R06626,0,0.4484943869036128,Medium
R06627,1,0.5080907126769191,High
R06628,0,0.36535119489592505,Medium
R06629,0,0.35621788702909785,Medium
R06630,1,0.4876929474178545,Medium
R06632,0,0.3705433241998348,Medium
R06634,0,0.4822187783920502,Medium
R06635,0,0.4027719848439282,Medium
R06636,0,0.4914208314484862,Medium
R06637,0,0.32732722044287343,Medium
R06638,0,0.38935657298200455,Medium
R06639,0,0.35404954389310944,Medium
R06640,0,0.4073300276501316,Medium
R06641,0,0.3662115869805343,Medium
R06642,1,0.3860587516264629,Medium
R06643,0,0.30585251650154055,Medium
R06645,0,0.4572024770189384,Medium
R06646,0,0.4071767988335395,Medium
R06647,0,0.2946632587278093,Low
R06648,0,0.31528987058234476,Medium
R06649,0,0.3805771154465964,Medium
R06650,0,0.4638404896222139,Medium
R06651,0,0.3957940772241146,Medium
R06652,0,0.3984159866357674,Medium
R06653,0,0.4193513926777148,Medium
R06654,0,0.43358964166555986,Medium
R06655,0,0.418993531987969,Medium
R06656,0,0.3760388882533264,Medium
R06657,0,0.3605195253157738,Medium
R06658,0,0.40111039265834464,Medium
R06659,0,0.43703373125794087,Medium
R06660,0,0.44376247146778014,Medium
R06661,0,0.34190861576926146,Medium
R06662,1,0.4166043123835713,Medium
R06663,0,0.3742025216347016,Medium
R06664,0,0.461041742077211,Medium
R06665,0,0.4272186525923744,Medium
R06666,0,0.3798883460320227,Medium
R06667,0,0.37329874818999437,Medium
R06668,0,0.39220889495719163,Medium
R06669,0,0.3863917575656723,Medium
R06670,0,0.38995213976853593,Medium
R06671,0,0.4209897184426377,Medium
R06672,0,0.42523933515424267,Medium
R06673,0,0.4114780524140691,Medium
R06674,0,0.4211337711353703,Medium
R06675,0,0.4200271491090786,Medium
R06676,0,0.38869594013222747,Medium
R06677,0,0.3264480431238676,Medium
R06678,0,0.48047779170454824,Medium
R06679,0,0.4083411717013523,Medium
R06680,1,0.5305433521739483,High
R06681,0,0.42880071347522536,Medium
R06682,0,0.38163190530301483,Medium
R06683,0,0.32187387534522643,Medium
R06684,0,0.4338551484351834,Medium
R06685,0,0.3887493424297305,Medium
R06686,0,0.4000329063857707,Medium
R06687,1,0.5107431882368152,High
R06688,0,0.43511630052102823,Medium
R06689,0,0.35185733152404114,Medium
R06690,0,0.37795423309399395,Medium
R06691,0,0.28967985356531023,Low
R06692,0,0.36934515403693935,Medium
R06693,0,0.3907984720125761,Medium
R06694,0,0.4100820883501969,Medium
R06695,0,0.3115169221110591,Medium
R06696,0,0.4153994025100194,Medium
R06698,0,0.41618540451516617,Medium
R06699,1,0.5504343010440512,High
R06700,0,0.40714262348650954,Medium
R06701,0,0.3570359072991909,Medium
R06702,1,0.5644614358694047,High
R06703,0,0.3893993953133627,Medium
R06704,0,0.42989780839593356,Medium
R06705,0,0.3970390111902795,Medium
R06706,0,0.3953900984824317,Medium
R06707,1,0.5594432504758016,High
R06709,0,0.368272563227721,Medium
R06710,0,0.3409438185586896,Medium
R06711,0,0.4858725583204256,Medium
R06712,0,0.4233592455358106,Medium
R06713,1,0.525393986089276,High
R06714,0,0.4356428864890703,Medium
R06715,0,0.40713380815561423,Medium
R06717,0,0.3330145167703218,Medium
R06718,0,0.38377808185159645,Medium
R06719,0,0.4201354274332585,Medium
R06720,0,0.3987687021818451,Medium
R06721,0,0.3789523132764407,Medium
R06722,0,0.35371154843377517,Medium
R06723,0,0.4481274703348184,Medium
R06724,0,0.3742562186949387,Medium
R06725,1,0.5565365775544098,High
R06726,1,0.5373592993037745,High
R06727,0,0.4257503623172321,Medium
R06728,1,0.5175469746480266,High
R06730,0,0.43086127543964237,Medium
R06731,0,0.3867661946717611,Medium
R06732,1,0.44462362041035486,Medium
R06733,0,0.3812801164658125,Medium
R06734,0,0.39565624669026894,Medium
R06735,0,0.41630006457947516,Medium
R06736,0,0.34555818314553016,Medium
R06737,0,0.4393711510212343,Medium
R06738,0,0.35773162782109336,Medium
R06739,0,0.33465919677492806,Medium
R06740,0,0.41294470766769414,Medium
R06741,0,0.3382146193677521,Medium
R06743,1,0.49847545243518454,Medium
R06744,0,0.3985910251568228,Medium
R06745,0,0.46263660072678725,Medium
R06746,0,0.4054652431575248,Medium
R06747,0,0.39644987342950117,Medium
R06748,0,0.4414844654391099,Medium
R06749,0,0.41810406877358974,Medium
R06750,0,0.4082484720145122,Medium
R06751,0,0.46905563235730113,Medium
R06752,0,0.4314707185502218,Medium
R06753,0,0.3985624357513708,Medium
R06754,0,0.39117220913047474,Medium
R06755,0,0.4303086827536948,Medium
R06756,0,0.40601993501726624,Medium
R06758,0,0.3504365269144988,Medium
R06759,0,0.42086675338733237,Medium
R06760,0,0.32681939308267516,Medium
R06761,0,0.4428605738585738,Medium
R06762,0,0.37678496667401,Medium
R06763,0,0.3969028930617028,Medium
R06764,0,0.3696507455589799,Medium
R06765,0,0.435272306461629,Medium
R06766,1,0.49125680112000863,Medium
R06768,0,0.42754352504882,Medium
R06769,0,0.4361485205352432,Medium
R06770,0,0.4864548479439383,Medium
R06771,0,0.42060126921750984,Medium
R06772,0,0.36009739523784495,Medium
R06773,0,0.4590978336168792,Medium
R06774,0,0.44925093230217766,Medium
R06775,0,0.3019905860078584,Medium
R06776,0,0.4282653020540807,Medium
R06777,0,0.3117696124837426,Medium
R06778,0,0.4322214490843054,Medium
R06779,0,0.41318570189447795,Medium
R06780,0,0.39712690451081684,Medium
R06781,0,0.3253574249583473,Medium
R06782,1,0.582420927266813,High
R06783,0,0.4508011778937355,Medium
R06784,1,0.5649915763128873,High
R06785,0,0.4663221574639191,Medium
R06786,0,0.3768274902306344,Medium
R06788,0,0.4080469907403902,Medium
R06789,0,0.3727614918540814,Medium
R06790,0,0.3946540910465723,Medium
R06791,0,0.406001140467966,Medium
R06792,0,0.4139237750851784,Medium
R06793,0,0.4191882216498916,Medium
R06794,0,0.4655796423035082,Medium
R06795,1,0.41805396318683635,Medium
R06796,0,0.39354855761742946,Medium
R06797,0,0.3471115992443118,Medium
R06798,0,0.4031028912727945,Medium
R06799,0,0.49928027151962195,Medium
R06800,1,0.4978205266808085,Medium
R06801,0,0.4499733976093356,Medium
R06803,0,0.4206837192435585,Medium
R06804,0,0.46348860216253984,Medium
R06805,0,0.4395272160966417,Medium
R06806,0,0.4119950739061506,Medium
R06807,0,0.3330206114732656,Medium
R06809,0,0.41765701767921676,Medium
R06810,0,0.3272224449272094,Medium
R06811,1,0.49578910488581796,Medium
R06812,0,0.348950551764846,Medium
R06813,0,0.40641581174238367,Medium
R06814,0,0.43596626376163045,Medium
R06816,0,0.41700570294463646,Medium
R06817,0,0.27843422033179055,Low
R06818,0,0.4250454242624512,Medium
R06819,0,0.3710257767802064,Medium
R06820,0,0.4120475979798605,Medium
R06821,0,0.41206285582289004,Medium
R06822,0,0.3506281913064248,Medium
R06823,0,0.44760747491318703,Medium
R06824,0,0.36881169036860173,Medium
R06826,0,0.36394917810241006,Medium
R06827,0,0.569824179146941,High
R06828,0,0.41454010781751227,Medium
R06829,0,0.30923902318669133,Medium
R06830,0,0.4213872329707163,Medium
R06831,0,0.43316212758339584,Medium
R06832,0,0.41174035997877517,Medium
R06833,0,0.429662490157281,Medium
R06834,0,0.40931545846257594,Medium
R06835,0,0.31963374853786364,Medium
R06836,0,0.4583122735465669,Medium
R06837,0,0.4709837141367529,Medium
R06838,0,0.4349114595435413,Medium
R06839,0,0.3946746186193446,Medium
R06840,0,0.3545132279270631,Medium
R06841,0,0.4020655663450028,Medium
R06842,0,0.3969646708250027,Medium
R06843,0,0.4020704748574991,Medium
R06844,0,0.4600579756682731,Medium
R06845,0,0.35791947406633345,Medium
R06846,0,0.3930459185569359,Medium
R06847,0,0.41543947195894565,Medium
R06848,0,0.3594662107550077,Medium
R06849,0,0.4577786781166477,Medium
R06850,0,0.409751630944263,Medium
R06851,0,0.39735170666907393,Medium
R06852,0,0.42530131921973074,Medium
R06853,0,0.4199379842104723,Medium
R06854,1,0.512488739700856,High
R06856,0,0.37360077844749723,Medium
R06857,1,0.5393762996791281,High
R06858,0,0.4169745424414098,Medium
R06859,0,0.3687021527020173,Medium
R06861,0,0.3970629391390502,Medium
R06863,0,0.4107962244014627,Medium
R06864,0,0.4278888038074868,Medium
R06865,0,0.3649199911706315,Medium
R06866,0,0.35502674754778984,Medium
R06867,0,0.3863527333120463,Medium
R06868,0,0.45089102842088385,Medium
R06869,0,0.40362480325162253,Medium
R06870,0,0.36002590331985096,Medium
R06871,0,0.40327887058986206,Medium
R06872,0,0.4116995935883071,Medium
R06875,0,0.40997770661262506,Medium
R06876,1,0.519353867588194,High
R06877,0,0.3202063280525235,Medium
R06878,0,0.38259368522296117,Medium
R06879,0,0.4227937146224521,Medium
R06880,0,0.47114934528302965,Medium
R06881,0,0.4333115973956968,Medium
R06883,0,0.46558837986352847,Medium
R06884,0,0.34694133878062866,Medium
R06885,1,0.5212470001303408,High
R06886,0,0.3507207112071573,Medium
R06887,0,0.4192644970911985,Medium
R06888,0,0.46742849563186134,Medium
R06889,0,0.3219358934732319,Medium
R06890,1,0.6233409233182023,High
R06891,1,0.42993428479176177,Medium
R06892,1,0.5289875929230439,High
R06893,0,0.40188915742149645,Medium
R06894,0,0.5089537419992843,High
R06895,0,0.40876830104082607,Medium
R06896,0,0.35390148306683195,Medium
R06897,0,0.48933675186299574,Medium
R06898,0,0.5135768263636642,High
R06899,0,0.43799178567110614,Medium
R06900,0,0.4234348259440406,Medium
R06901,0,0.36910363371097793,Medium
R06902,0,0.39874248096522,Medium
R06903,0,0.3578842829970173,Medium
R06904,0,0.4443154134800492,Medium
R06905,0,0.40025683775590787,Medium
R06906,0,0.3409928345393023,Medium
R06907,1,0.5612114053936902,High
R06908,0,0.3301938471029173,Medium
R06909,0,0.44095007235386174,Medium
R06911,0,0.3212734023386142,Medium
R06912,0,0.30603330684254737,Medium
R06913,0,0.4006611233433815,Medium
R06914,0,0.3115475916336648,Medium
R06915,1,0.5476340752672655,High
R06916,0,0.4651800372850652,Medium
R06917,0,0.40467787712144576,Medium
R06918,0,0.3947600726327918,Medium
R06919,0,0.4434219792311251,Medium
R06921,0,0.38509863697567814,Medium
R06923,0,0.3665424124625044,Medium
R06924,1,0.5448413150953496,High
R06925,0,0.448196817229409,Medium
R06926,0,0.402507485386332,Medium
R06927,0,0.4578921511422985,Medium
R06928,0,0.41550524302101033,Medium
R06930,0,0.4216794336675712,Medium
R06932,0,0.4588398470173874,Medium
R06933,0,0.40542038139934916,Medium
R06934,0,0.3887064879892925,Medium
R06935,0,0.4022823060120788,Medium
R06936,0,0.3973870306620212,Medium
R06937,0,0.43695440405489144,Medium
R06938,0,0.42024079710074935,Medium
R06939,0,0.43629534532634834,Medium
R06940,0,0.4250870325216895,Medium
R06941,1,0.49776314435015856,Medium
R06943,0,0.40525630285692676,Medium
R06944,0,0.4104411549141432,Medium
R06945,1,0.49146537558915393,Medium
R06946,0,0.33561832088124527,Medium
R06947,0,0.33310273356222825,Medium
R06948,0,0.4707220382890764,Medium
R06949,0,0.3461335929418869,Medium
R06950,0,0.45059309215846516,Medium
R06951,0,0.38980617594499395,Medium
R06952,0,0.46551060486471857,Medium
R06953,0,0.41235519216049915,Medium
R06954,0,0.455074515503554,Medium
R06955,0,0.35742415194453403,Medium
R06956,0,0.40546838143954456,Medium
R06957,0,0.3734563993766738,Medium
R06958,0,0.39960442823504344,Medium
R06959,0,0.44487082447613624,Medium
R06960,0,0.4478283490063224,Medium
R06961,0,0.38207425064555733,Medium
R06962,0,0.5039754123072302,High
R06963,0,0.4438975455648441,Medium
R06964,0,0.45869732498557025,Medium
R06965,0,0.341723071910703,Medium
R06966,0,0.3988892969346716,Medium
R06967,0,0.4778361698171881,Medium
R06968,0,0.43460440872229517,Medium
R06970,0,0.36678363274509496,Medium
R06971,0,0.35961744944607965,Medium
R06972,0,0.4256385894689555,Medium
R06973,0,0.37743990152308626,Medium
R06974,0,0.4441266235265585,Medium
R06975,0,0.5014188397639523,High
R06976,0,0.4084742954822565,Medium
R06977,0,0.3731222717326731,Medium
R06978,0,0.39871864049627803,Medium
R06979,0,0.4575772700512338,Medium
R06980,0,0.4539962299455297,Medium
R06981,0,0.4067388403688292,Medium
R06982,0,0.42878003149699184,Medium
R06983,0,0.38429621801354613,Medium
R06984,0,0.37110991701344503,Medium
R06985,0,0.4627306650685598,Medium
R06986,1,0.47107717700583956,Medium
R06987,0,0.4038776597286054,Medium
R06988,0,0.3454277292157169,Medium
R06989,0,0.4099982902861121,Medium
R06990,0,0.546512843843835,High
R06991,0,0.4642557579693076,Medium
R06992,0,0.46532347979934024,Medium
R06993,0,0.3113506013645535,Medium
R06994,0,0.4513886075113419,Medium
R06995,0,0.4564406692011018,Medium
R06996,0,0.42147772751232165,Medium
R06997,0,0.4126070164889761,Medium
R06998,0,0.4455104748528065,Medium
R06999,0,0.44268891186304093,Medium
R07000,0,0.3625001578069606,Medium
R07001,0,0.3405359814266092,Medium
R07002,0,0.35944238097618997,Medium
R07003,0,0.42944603716200924,Medium
R07004,0,0.3931929280870443,Medium
R07005,0,0.45319292170304054,Medium
R07006,0,0.4748344429362439,Medium
R07007,0,0.35500354533500655,Medium
R07008,0,0.4094924139223726,Medium
R07009,0,0.4037438152782605,Medium
R07010,0,0.47068207357376773,Medium
R07011,0,0.4093463219327214,Medium
R07012,0,0.42053810870419084,Medium
R07013,0,0.4563097397055953,Medium
R07014,0,0.4397173812180179,Medium
R07015,1,0.5026952896929524,High
R07016,0,0.38055005854775037,Medium
R07017,0,0.4002703342802782,Medium
R07019,0,0.46248253056511346,Medium
R07020,0,0.45276080534813246,Medium
R07021,0,0.3511500883439754,Medium
R07023,0,0.45380621239332636,Medium
R07024,0,0.3804917748579954,Medium
R07026,0,0.44435400365155386,Medium
R07027,0,0.44359732398076884,Medium
R07028,0,0.49059603641296334,Medium
R07029,0,0.42212462889442715,Medium
R07030,0,0.4490178680686615,Medium
R07031,0,0.40245268136571716,Medium
R07032,1,0.42935154761471195,Medium
R07033,0,0.44061380075617007,Medium
R07034,1,0.526827209971463,High
R07035,0,0.4105438815830184,Medium
R07036,1,0.29902840576465495,Low
R07037,0,0.4024861888679439,Medium
R07038,0,0.41524901807495157,Medium
R07039,0,0.42413253639412624,Medium
R07040,0,0.31362680872582666,Medium
R07041,0,0.4018062563831278,Medium
R07042,0,0.44129646781315157,Medium
R07043,0,0.39335983595042806,Medium
R07044,0,0.435234444342857,Medium
R07045,0,0.42579614852365294,Medium
R07046,0,0.40666855509753597,Medium
R07047,0,0.4756672650471845,Medium
R07048,0,0.36948590971643247,Medium
R07049,0,0.3530276952369771,Medium
R07050,0,0.3043628189066159,Medium
R07051,0,0.43709240781401687,Medium
R07052,0,0.31512343104928503,Medium
R07053,0,0.43530453032609906,Medium
R07054,1,0.5188082686701816,High
R07055,0,0.4309650821376654,Medium
R07056,0,0.43527954961563475,Medium
R07057,0,0.41134346958057705,Medium
R07058,0,0.37681458509477167,Medium
R07059,0,0.396184789813095,Medium
R07060,0,0.4314423797597177,Medium
R07061,0,0.41555169200446535,Medium
R07062,0,0.4724978645097626,Medium
R07063,0,0.42619204373520736,Medium
R07064,0,0.35660149001851815,Medium
R07065,0,0.4276906004772605,Medium
R07066,0,0.4288488968524391,Medium
R07067,0,0.3435284494938858,Medium
R07068,0,0.5176953469941167,High
R07069,0,0.4213642707508015,Medium
R07070,0,0.3361773536725494,Medium
R07071,0,0.3724147840465452,Medium
R07072,0,0.45415554573052547,Medium
R07073,0,0.4120096839116165,Medium
R07074,0,0.3897016307790649,Medium
R07075,0,0.42561407185193906,Medium
R07076,0,0.47304001965443654,Medium
R07077,0,0.3537226081566228,Medium
R07078,0,0.3935359350136408,Medium
R07079,0,0.3532026935492603,Medium
R07080,0,0.46874660267802787,Medium
R07081,0,0.38748842054400057,Medium
R07082,1,0.5015881112205486,High
R07083,0,0.39783974196731614,Medium
R07084,0,0.40298902940147635,Medium
R07085,0,0.2387027418365022,Low
R07086,0,0.4231093212808139,Medium
R07087,0,0.4559686629752677,Medium
R07088,0,0.40605443868060087,Medium
R07089,0,0.35956457508163653,Medium
R07090,0,0.4155884705271473,Medium
R07092,0,0.3639955929589015,Medium
R07093,0,0.3912251189562155,Medium
R07094,0,0.45911686736926893,Medium
R07095,1,0.46378769532907804,Medium
R07096,0,0.42957192093979246,Medium
R07097,0,0.35319719179534703,Medium
R07098,1,0.4831949711127988,Medium
R07100,0,0.29473754967032734,Low
R07101,0,0.4192456572112387,Medium
R07102,0,0.3307328151541046,Medium
R07103,0,0.3772303032287832,Medium
R07104,0,0.38999013233974134,Medium
R07105,0,0.3952984248765684,Medium
R07106,0,0.4505844123549126,Medium
R07107,0,0.4139185964660515,Medium
R07108,0,0.4184901757156718,Medium
R07109,0,0.38507253237527317,Medium
R07110,0,0.4352913519146339,Medium
R07111,0,0.37936058031554637,Medium
R07112,0,0.4107075729892864,Medium
R07114,0,0.4769592387510086,Medium
R07115,0,0.4065921759222945,Medium
R07116,0,0.29298181427824266,Low
R07117,0,0.36135463905609433,Medium
R07118,0,0.3614719985548775,Medium
R07119,0,0.39898710177944524,Medium
R07120,0,0.4183246218765045,Medium
R07121,0,0.5123568201401251,High
R07122,0,0.31171744214959,Medium
R07124,0,0.43031182725101047,Medium
R07125,0,0.4511016737446971,Medium
R07126,0,0.34617552330697426,Medium
R07127,0,0.444030487599979,Medium
R07128,0,0.4559031465356575,Medium
R07129,0,0.44635875755535986,Medium
R07130,0,0.4650913473425242,Medium
R07131,1,0.5743146123321621,High
R07132,0,0.4052791192973981,Medium
R07133,0,0.3950774319311938,Medium
R07134,1,0.641625585817589,High
R07135,0,0.39909307232849534,Medium
R07136,0,0.44535796667643285,Medium
R07137,0,0.44459809969380215,Medium
R07138,0,0.43727594398941494,Medium
R07139,0,0.34207174061955375,Medium
R07140,0,0.371574438362204,Medium
R07141,0,0.5193414645622139,High
R07142,0,0.3750810146014238,Medium
R07143,1,0.483968509590295,Medium
R07144,0,0.44078948527306144,Medium
R07145,0,0.4193977503860711,Medium
R07147,0,0.38627986387628793,Medium
R07148,1,0.4754685293581389,Medium
R07149,0,0.5520068778062401,High
R07150,0,0.4238163727637431,Medium
R07151,0,0.41726778431627365,Medium
R07152,0,0.3993343011586588,Medium
R07153,1,0.5526595011741332,High
R07154,0,0.45194251682415987,Medium
R07155,0,0.3743528977830397,Medium
R07156,0,0.4339788994190215,Medium
R07157,0,0.34756967900695934,Medium
R07158,0,0.402045344714392,Medium
R07159,0,0.4021133114618445,Medium
R07160,0,0.34813299987995683,Medium
R07161,0,0.4676825986879622,Medium
R07162,0,0.45716442767628274,Medium
R07163,0,0.43117487513221137,Medium
R07164,0,0.3170570828171826,Medium
R07166,1,0.5134089789045817,High
R07167,1,0.5043659497476193,High
R07168,0,0.447773234959722,Medium
R07169,1,0.3932571066690204,Medium
R07170,0,0.3502649370767756,Medium
R07171,0,0.42367202552903394,Medium
R07172,0,0.38048853389507725,Medium
R07173,1,0.3927025095716926,Medium
R07174,0,0.4697709273360142,Medium
R07175,0,0.43458189704023586,Medium
R07176,0,0.4566463356351202,Medium
R07178,0,0.3601373192479226,Medium
R07179,1,0.37915565616375246,Medium
R07180,0,0.4260288809127235,Medium
R07181,1,0.5434405250386096,High
R07182,0,0.4076419539686445,Medium
R07183,0,0.36318003395674203,Medium
R07184,0,0.5331320128702558,High
R07185,0,0.35077477036110627,Medium
R07186,0,0.3398050522896207,Medium
R07187,1,0.5380281768976654,High
R07188,0,0.36024672786319895,Medium
R07189,0,0.42998031634266354,Medium
R07190,0,0.3866214139970051,Medium
R07191,0,0.3701053536331076,Medium
R07192,0,0.43905028487008513,Medium
R07193,1,0.5413403441725577,High
R07194,0,0.3618274344584541,Medium
R07195,0,0.38703367817386075,Medium
R07196,0,0.34892698298570324,Medium
R07197,0,0.4485298284252775,Medium
R07198,0,0.34599182427786035,Medium
R07199,0,0.3914670770733386,Medium
R07200,0,0.34053524307996286,Medium
R07201,0,0.44228489340425214,Medium
R07202,0,0.4716334202311927,Medium
R07203,0,0.42260577291669504,Medium
R07204,0,0.2825850715921376,Low
R07205,0,0.42070578698604444,Medium
R07206,1,0.529856109782146,High
R07207,1,0.4793109129565217,Medium
R07208,0,0.3759530527230339,Medium
R07209,0,0.4356871659901453,Medium
R07210,0,0.42104505643127005,Medium
R07211,0,0.37943901201861535,Medium
R07212,0,0.4781081650667131,Medium
R07213,0,0.40416953107016695,Medium
R07214,0,0.3854507095343748,Medium
R07215,0,0.45068313527963555,Medium
R07216,0,0.46746133501386583,Medium
R07217,0,0.4111120135057911,Medium
R07218,0,0.4387456216970985,Medium
R07219,0,0.371426075455227,Medium
R07220,0,0.38392108434518074,Medium
R07221,0,0.28895173921308387,Low
R07222,0,0.41683272359489254,Medium
R07223,0,0.40623187395335597,Medium
R07224,0,0.37089903142608605,Medium
R07225,0,0.39468401375480633,Medium
R07226,0,0.3479505010639929,Medium
R07227,0,0.472135689009004,Medium
R07228,0,0.38875286865485825,Medium
R07229,0,0.44194416700487543,Medium
R07230,0,0.33524776134410145,Medium
R07231,0,0.4188077826421732,Medium
R07232,0,0.485804190723228,Medium
R07233,0,0.3895692819044354,Medium
R07234,0,0.3820963448142907,Medium
R07235,0,0.3247400555907943,Medium
R07236,0,0.47750550493348465,Medium
R07237,0,0.4032349327020364,Medium
R07238,0,0.28909855136800716,Low
R07239,0,0.4903168524686972,Medium
R07240,1,0.5380171910738638,High
R07241,0,0.43152261970914396,Medium
R07242,0,0.3911138916125732,Medium
R07243,0,0.41207251461587807,Medium
R07244,0,0.40781372774766333,Medium
R07246,0,0.4614307013971295,Medium
R07247,0,0.4117478705518729,Medium
R07248,0,0.45201780636199745,Medium
R07249,0,0.38550881154669525,Medium
R07251,0,0.46829596675958696,Medium
R07252,0,0.37455232611669786,Medium
R07253,1,0.5427809704865777,High
R07254,0,0.41001230478252915,Medium
R07255,0,0.36389776917304156,Medium
R07256,0,0.3970984976347566,Medium
R07257,0,0.3716771763603958,Medium
R07258,0,0.43541355081486016,Medium
R07259,0,0.44307826542295914,Medium
R07260,0,0.41405674884809407,Medium
R07261,0,0.4524770941184797,Medium
R07262,0,0.430260662786641,Medium
R07263,0,0.39852541553529014,Medium
R07264,0,0.41644977100947755,Medium
R07265,0,0.4338153341264321,Medium
R07266,0,0.4023937174549426,Medium
R07267,0,0.3862461838577964,Medium
R07268,0,0.4582577764107159,Medium
R07269,1,0.5452590831593533,High
R07270,0,0.4104447902841237,Medium
R07271,1,0.4900032268911472,Medium
R07272,0,0.4549583795963249,Medium
R07274,0,0.35544844049118857,Medium
R07275,0,0.4788181868787051,Medium
R07276,0,0.3677454751586618,Medium
R07277,0,0.47341420274570617,Medium
R07278,0,0.4187336038774487,Medium
R07279,0,0.3696247320250999,Medium
R07280,1,0.5081355030847005,High
R07282,0,0.4189407823345958,Medium
R07283,0,0.4089341135052156,Medium
R07284,0,0.35006212032196665,Medium
R07285,0,0.4287948881051783,Medium
R07286,0,0.4202457354411067,Medium
R07287,0,0.3793227239206059,Medium
R07288,0,0.43812683211141923,Medium
R07289,0,0.45443857316489994,Medium
R07290,0,0.4423214735063288,Medium
R07291,1,0.5456262646795423,High
R07292,0,0.45391046294941184,Medium
R07293,0,0.4526679981606829,Medium
R07294,0,0.45202450076131356,Medium
R07295,1,0.5287022613520175,High
R07296,0,0.4011436590544961,Medium
R07297,0,0.36918776250614604,Medium
R07298,0,0.4879489461379065,Medium
R07299,0,0.42880615571326053,Medium
R07300,0,0.49842330375799115,Medium
R07301,0,0.415937546926359,Medium
R07302,0,0.3652718924090519,Medium
R07303,0,0.4168238228026053,Medium
R07304,1,0.5326896189138054,High
R07305,0,0.4400361650452722,Medium
R07306,0,0.38934247926068616,Medium
R07308,0,0.3947259812595817,Medium
R07309,0,0.37041366472311826,Medium
R07310,0,0.400399274513775,Medium
R07311,0,0.48319584006305755,Medium
R07312,0,0.41114307692362945,Medium
R07313,0,0.31774662171894424,Medium
R07314,0,0.3590412144328795,Medium
R07315,1,0.4972738720454721,Medium
R07317,1,0.5387193405308007,High
R07318,0,0.37488738377108805,Medium
R07320,0,0.35153322552513233,Medium
R07321,0,0.3850122507046059,Medium
R07322,0,0.39710977280218157,Medium
R07324,0,0.45376055430212814,Medium
R07325,0,0.34003987594697527,Medium
R07326,1,0.5645850800729385,High
R07327,0,0.39376878347676353,Medium
R07328,0,0.36034882346591934,Medium
R07329,0,0.38025917721079616,Medium
R07330,0,0.40094762638937825,Medium
R07331,0,0.4073595539139442,Medium
R07332,0,0.32443484168349757,Medium
R07333,0,0.3659324131706274,Medium
R07334,0,0.35083418074849393,Medium
R07335,1,0.5627569908233283,High
R07336,0,0.5001636247786474,High
R07337,0,0.4755829632300921,Medium
R07338,0,0.3887396190868796,Medium
R07339,0,0.39781319641940127,Medium
R07340,0,0.34284056972885124,Medium
R07341,0,0.4490223469678349,Medium
R07342,0,0.3603819319586634,Medium
R07343,0,0.3625995438293454,Medium
R07344,0,0.3865372159588848,Medium
R07345,0,0.4321520996276682,Medium
R07346,1,0.5586295225925209,High
R07347,1,0.40368621821935574,Medium
R07348,0,0.4204421436786611,Medium
R07349,0,0.44026550475325316,Medium
R07350,0,0.4464363391069174,Medium
R07351,0,0.399318025272639,Medium
R07352,1,0.5054245045980564,High
R07353,0,0.3662160773068016,Medium
R07354,0,0.4653928300310926,Medium
R07355,0,0.48117098542425474,Medium
R07357,0,0.41395556557458824,Medium
R07358,0,0.4947795163702219,Medium
R07359,1,0.4740796365418982,Medium
R07360,0,0.5029472010190369,High
R07361,0,0.4247291035500927,Medium
R07362,0,0.38421419971411397,Medium
R07363,0,0.31956937022468135,Medium
R07364,0,0.4750499072894764,Medium
R07365,1,0.48474433379795734,Medium
R07366,0,0.4141825302959085,Medium
R07368,0,0.37092004165501796,Medium
R07369,0,0.38426854023162677,Medium
R07370,0,0.38859820486089475,Medium
R07371,0,0.43654958070933503,Medium
R07372,0,0.3958078733811689,Medium
R07373,0,0.4269797333325519,Medium
R07374,0,0.35880604258943477,Medium
R07375,0,0.3265029568436584,Medium
R07376,1,0.5759856739227451,High
R07377,0,0.3808014639760431,Medium
R07378,0,0.406456753251239,Medium
R07379,0,0.38430867405945973,Medium
R07380,0,0.403452807191057,Medium
R07381,0,0.35562364476207753,Medium
R07382,0,0.4496670967486224,Medium
R07383,1,0.3984113237096414,Medium
R07384,0,0.3728107480086449,Medium
R07385,0,0.3785140150086855,Medium
R07386,0,0.34846355373275734,Medium
R07387,1,0.36572461151964797,Medium
R07388,0,0.4438265645702274,Medium
R07389,0,0.3746172401797228,Medium
R07390,0,0.38563116682920245,Medium
R07391,0,0.34532460781474117,Medium
R07392,0,0.4006683859428646,Medium
R07393,0,0.40188385378152225,Medium
R07396,0,0.4323889794894001,Medium
R07397,0,0.4010646655687999,Medium
R07398,0,0.35757620214668917,Medium
R07399,0,0.4261479036560594,Medium
R07400,0,0.4191161172635194,Medium
R07401,0,0.3947430722217321,Medium
R07403,0,0.37065523265463624,Medium
R07404,0,0.38059511394495216,Medium
R07405,0,0.43935822949019665,Medium
R07406,0,0.39266844676089996,Medium
R07407,0,0.3819349065590468,Medium
R07408,0,0.4005717633874103,Medium
R07409,0,0.37438126781230596,Medium
R07412,0,0.2745217006874023,Low
R07413,0,0.40185768371666986,Medium
R07414,0,0.42640128902022356,Medium
R07415,0,0.4062121035834265,Medium
R07416,0,0.4226751550568844,Medium
R07417,1,0.4203966387071469,Medium
R07418,0,0.35065864939831826,Medium
R07419,0,0.39805607987376573,Medium
R07420,0,0.36429715529810397,Medium
R07421,1,0.5382337917422473,High
R07422,0,0.40235753925101014,Medium
R07423,0,0.44380195416452994,Medium
R07424,0,0.291368313362115,Low
R07425,0,0.39237104907065473,Medium
R07426,0,0.41746929631610286,Medium
R07427,0,0.4638408326710518,Medium
R07428,0,0.4203146311165146,Medium
R07429,0,0.36477541441548117,Medium
R07430,0,0.4930610777540025,Medium
R07431,0,0.42792507399645147,Medium
R07432,0,0.42520423115443107,Medium
R07433,1,0.48032734851354214,Medium
R07434,0,0.43580778243754975,Medium
R07435,0,0.3767837891669755,Medium
R07436,1,0.3960203334888515,Medium
R07437,0,0.41309402093673947,Medium
R07438,0,0.3820870843854086,Medium
R07439,0,0.3299541961492014,Medium
R07440,0,0.4099528658531708,Medium
R07441,0,0.3714424346982017,Medium
R07442,0,0.45219085828423744,Medium
R07443,0,0.35305836871720514,Medium
R07444,0,0.35540252744304884,Medium
R07445,0,0.4428055856362692,Medium
R07446,0,0.4366462900362514,Medium
R07447,1,0.5342216947157657,High
R07448,0,0.3472936632361228,Medium
R07449,0,0.343773336509519,Medium
R07450,0,0.4677934719856695,Medium
R07451,0,0.2930116757108395,Low
R07452,0,0.2860342437821983,Low
R07453,0,0.3253558674043019,Medium
R07454,1,0.3846128213998674,Medium
R07455,0,0.3588615322390474,Medium
R07456,0,0.44766783986025166,Medium
R07457,0,0.41349049326427106,Medium
R07458,0,0.4681508650320156,Medium
R07459,0,0.4199349472007494,Medium
R07460,0,0.38363188612284516,Medium
R07461,0,0.34060632513375877,Medium
R07462,0,0.43388249017607255,Medium
R07463,0,0.4396869493079438,Medium
R07464,0,0.4699544507240252,Medium
R07465,0,0.5306735645071333,High
R07466,0,0.4485503052288021,Medium
R07467,0,0.48564159639563387,Medium
R07468,0,0.39768724787398163,Medium
R07469,0,0.340846250165028,Medium
R07470,0,0.47093031841657795,Medium
R07471,0,0.4716423734491938,Medium
R07472,0,0.3975986116088974,Medium
R07473,0,0.4148247362466651,Medium
R07475,0,0.443038156849201,Medium
R07476,0,0.393988889627647,Medium
R07477,1,0.5072102323289693,High
R07479,1,0.42038661014419915,Medium
R07480,0,0.3208035801374598,Medium
R07481,0,0.3186756626810909,Medium
R07482,0,0.3817723043239566,Medium
R07483,0,0.44382084368588987,Medium
R07484,1,0.5465676749123104,High
R07486,0,0.46639593893451936,Medium
R07487,0,0.3153060236154437,Medium
R07489,0,0.44201189132827556,Medium
R07490,0,0.30268487923046467,Medium
R07491,0,0.43563371954763824,Medium
R07492,0,0.4178340603804436,Medium
R07493,0,0.29940171628222084,Low
R07494,0,0.37663805308496684,Medium
R07495,0,0.4597972323782157,Medium
R07496,0,0.39386204272520137,Medium
R07497,0,0.3938637645508766,Medium
R07498,0,0.37714241024850204,Medium
R07499,0,0.41802356473333646,Medium
R07500,0,0.3971355896223716,Medium
R07501,0,0.35507611217029067,Medium
R07502,0,0.45748925610974794,Medium
R07503,0,0.38264678049717415,Medium
R07504,0,0.40147427394175916,Medium
R07505,0,0.3542370162199443,Medium
R07506,0,0.34660392066900825,Medium
R07507,0,0.44170073759964296,Medium
R07508,0,0.4314154406481054,Medium
R07509,0,0.4424341863062833,Medium
R07510,0,0.45892020946470685,Medium
R07511,0,0.43087880952318236,Medium
R07512,0,0.41726540535763257,Medium
R07513,0,0.3656268885416699,Medium
R07514,0,0.3849830238035721,Medium
R07515,0,0.40256137129158065,Medium
R07516,0,0.4219121386410696,Medium
R07518,0,0.34002423884747474,Medium
R07520,1,0.4788731105396646,Medium
R07521,0,0.44990600833483213,Medium
R07522,0,0.4779945551016085,Medium
R07523,0,0.3841246265587436,Medium
R07524,0,0.29635994160393186,Low
R07525,0,0.4040079647185648,Medium
R07526,0,0.5040748285017856,High
R07527,0,0.3306743038718677,Medium
R07528,0,0.40720585673918736,Medium
R07529,0,0.38653350799850905,Medium
R07530,0,0.3877843030521506,Medium
R07531,0,0.4143936708114739,Medium
R07532,0,0.41647247842237334,Medium
R07533,0,0.43442194755429675,Medium
R07534,0,0.32387345445117566,Medium
R07535,0,0.3966144315196589,Medium
R07536,0,0.3994735800302842,Medium
R07537,0,0.39032715816547836,Medium
R07539,0,0.3873245344145911,Medium
R07540,0,0.4133867102906539,Medium
R07541,1,0.47044277185958355,Medium
R07542,0,0.45971340154724033,Medium
R07543,1,0.46277907017394654,Medium
R07544,0,0.4368150905680082,Medium
R07545,0,0.43408845473969637,Medium
R07546,0,0.36236016020622275,Medium
R07547,0,0.3981088312496036,Medium
R07548,0,0.37585092635105644,Medium
R07549,0,0.35459962948017826,Medium
R07550,0,0.43977651741553414,Medium
R07551,0,0.45047469768947385,Medium
R07552,0,0.3744734430436316,Medium
R07553,0,0.4339739138911981,Medium
R07554,0,0.40452827116046175,Medium
R07555,0,0.41912271014721,Medium
R07556,0,0.43950125656290207,Medium
R07557,1,0.5382691623208488,High
R07558,0,0.43541531307081804,Medium
R07559,0,0.390202333473269,Medium
R07560,0,0.3718931687307554,Medium
R07561,0,0.3960688847778575,Medium
R07563,0,0.4313311989809748,Medium
R07564,0,0.40385867221436905,Medium
R07565,0,0.38163928041358164,Medium
R07566,1,0.514098409838168,High
R07567,0,0.49496511202954446,Medium
R07568,0,0.4326370781974095,Medium
R07569,0,0.4047724773925445,Medium
R07570,0,0.3363401335836261,Medium
R07571,0,0.4165386067443043,Medium
R07572,0,0.4108088448678639,Medium
R07573,0,0.39546314928431087,Medium
R07574,0,0.46465609456390544,Medium
R07575,0,0.3840666696215388,Medium
R07576,0,0.3619984721549232,Medium
R07577,0,0.37741255252301115,Medium
R07578,0,0.40471908647556815,Medium
R07579,0,0.38832934677239506,Medium
R07580,1,0.5715273544319361,High
R07581,0,0.45349319207257144,Medium
R07582,0,0.3632649835779131,Medium
R07583,0,0.40656682510377246,Medium
R07584,0,0.4374239912266329,Medium
R07585,0,0.3853119850439272,Medium
R07586,0,0.39297864070420213,Medium
R07587,0,0.41093327626814835,Medium
R07588,0,0.5490158369730664,High
R07589,0,0.4168146899768169,Medium
R07590,0,0.4366038606837725,Medium
R07592,0,0.38448109991701784,Medium
R07593,0,0.38609635122408387,Medium
R07594,0,0.4204820469896766,Medium
R07596,0,0.46611721873890083,Medium
R07597,0,0.4179736775088728,Medium
R07598,0,0.43914500104965476,Medium
R07599,1,0.41045761432947414,Medium
R07600,0,0.40549274283057235,Medium
R07601,0,0.4152091247626953,Medium
R07602,0,0.4132706786987839,Medium
R07603,1,0.5393902431784526,High
R07604,0,0.4052146804919559,Medium
R07605,0,0.36311117239285795,Medium
R07606,0,0.44982614888157224,Medium
R07607,0,0.3863218107693022,Medium
R07608,0,0.35889939516743086,Medium
R07609,0,0.37947041008739874,Medium
R07610,0,0.4063556694473349,Medium
R07611,0,0.3740350385026425,Medium
R07612,0,0.3460950715845578,Medium
R07613,0,0.4380904634724467,Medium
R07614,0,0.35210921515248395,Medium
R07615,0,0.3819352953073142,Medium
R07616,0,0.413776100307618,Medium
R07617,0,0.38675373203449737,Medium
R07618,0,0.42585610404754254,Medium
R07619,0,0.4907493320054154,Medium
R07620,0,0.47643884232522005,Medium
R07621,0,0.4236523839192782,Medium
R07623,0,0.3819105267556393,Medium
R07624,0,0.41537110190665694,Medium
R07625,1,0.5147048380476814,High
R07626,0,0.40776781542336893,Medium
R07627,1,0.45870023666676846,Medium
R07628,0,0.40080429479787155,Medium
R07629,0,0.29734068346225384,Low
R07630,0,0.41418500283222903,Medium
R07631,0,0.30929907810444013,Medium
R07632,0,0.4824360012895652,Medium
R07633,0,0.37175827134554223,Medium
R07634,0,0.39897287688969185,Medium
R07635,0,0.3544217345969549,Medium
R07636,0,0.36484134848592936,Medium
R07637,0,0.4019407274309606,Medium
R07638,0,0.4069490699064253,Medium
R07639,0,0.4208155379397923,Medium
R07640,1,0.6360376336869628,High
R07641,0,0.4461025044272908,Medium
R07642,0,0.4468822733039902,Medium
R07643,0,0.37890967523487434,Medium
R07644,1,0.49727098346785664,Medium
R07645,0,0.42327166883850664,Medium
R07646,0,0.37324707833814225,Medium
R07647,0,0.3902190072806663,Medium
R07648,1,0.5014835871310123,High
R07649,0,0.4080218451262032,Medium
R07650,0,0.3120467152547459,Medium
R07651,0,0.42829604917519076,Medium
R07652,0,0.32797311513468225,Medium
R07653,0,0.4786231719228159,Medium
R07654,1,0.6003573213118105,High
R07655,0,0.3945566363665414,Medium
R07656,0,0.4359674048628727,Medium
R07657,0,0.43015831060344295,Medium
R07658,0,0.3640054484525092,Medium
R07659,1,0.39810690776815827,Medium
R07660,0,0.4293780591059886,Medium
R07661,1,0.47885133343788444,Medium
R07663,0,0.35885546577086946,Medium
R07664,0,0.4594619912151381,Medium
R07665,0,0.3411103230539372,Medium
R07667,1,0.5413500178778947,High
R07668,0,0.3637975106893274,Medium
R07670,0,0.33367897638009963,Medium
R07671,0,0.43613696192219714,Medium
R07672,1,0.47658025561511985,Medium
R07673,0,0.37747284141884774,Medium
R07674,0,0.4407828915997935,Medium
R07675,0,0.4096723543814773,Medium
R07676,0,0.43841181586419864,Medium
R07677,0,0.4138729437008848,Medium
R07678,0,0.4784608517061015,Medium
R07679,0,0.46214303993713385,Medium
R07680,0,0.5200883211592575,High
R07681,0,0.40807164833427373,Medium
R07682,0,0.3120024579564171,Medium
R07683,0,0.4236107987620419,Medium
R07684,1,0.4612368007546974,Medium
R07685,0,0.4180427999163547,Medium
R07686,0,0.4000226840273507,Medium
R07687,0,0.45893221811604046,Medium
R07688,0,0.4831520577711057,Medium
R07689,0,0.33024391432582545,Medium
R07690,0,0.3860261882900457,Medium
R07691,0,0.4399607842633349,Medium
R07692,0,0.37301752434083385,Medium
R07693,0,0.4471910949562532,Medium
R07694,0,0.3984692968030771,Medium
R07695,0,0.41485737614906276,Medium
R07696,0,0.3564271060795041,Medium
R07697,1,0.5250181984267992,High
R07699,0,0.42057610145219443,Medium
R07700,0,0.40903506470138756,Medium
R07701,1,0.41657363431890565,Medium
R07702,0,0.48246581620820433,Medium
R07703,0,0.39172149937364265,Medium
R07704,0,0.5475731039581873,High
R07705,0,0.3469033036963885,Medium
R07706,0,0.41594453672931464,Medium
R07707,0,0.4188285738240147,Medium
R07708,0,0.4488010525948314,Medium
R07709,1,0.5498935052630233,High
R07710,0,0.3821347333679396,Medium
R07711,0,0.41286448989379154,Medium
R07712,0,0.408390774119948,Medium
R07713,0,0.3758702785871339,Medium
R07714,0,0.3966489187640647,Medium
R07715,0,0.43975603151010695,Medium
R07716,0,0.29597419918177215,Low
R07717,0,0.4631714920113118,Medium
R07718,0,0.4230484512130732,Medium
R07719,0,0.4966778849392679,Medium
R07720,0,0.3817758221844702,Medium
R07721,0,0.43844035454328867,Medium
R07722,0,0.45152044720031403,Medium
R07723,0,0.4398730169980801,Medium
R07724,0,0.33441834058730024,Medium
R07725,0,0.4427569794825283,Medium
R07726,0,0.4375693134284218,Medium
R07727,0,0.4306473972530901,Medium
R07728,0,0.4612777169084838,Medium
R07729,0,0.3266779838006891,Medium
R07730,0,0.3830901933380016,Medium
R07731,0,0.4127113166421146,Medium
R07732,0,0.4203224355626253,Medium
R07733,0,0.4319981401111004,Medium
R07734,0,0.44273771247474486,Medium
R07735,1,0.4903190181842455,Medium
R07736,0,0.4041881644717392,Medium
R07737,0,0.4410050277044865,Medium
R07738,0,0.43612480077585225,Medium
R07739,0,0.414235331849085,Medium
R07740,0,0.44596463616779225,Medium
R07741,0,0.45846084473544385,Medium
R07742,1,0.5259614290497108,High
R07743,0,0.4411446920297658,Medium
R07744,0,0.4051622876704674,Medium
R07745,0,0.36774119303386854,Medium
R07746,0,0.3987267898960727,Medium
R07747,0,0.43147134887643657,Medium
R07748,0,0.33956239314368936,Medium
R07749,0,0.40905866519022466,Medium
R07750,0,0.38036189763548983,Medium
R07751,0,0.4234871052317859,Medium
R07753,0,0.364393187704477,Medium
R07754,0,0.3909269048165126,Medium
R07755,0,0.34893580344183006,Medium
R07756,0,0.2807909525269522,Low
R07757,0,0.3811883673577237,Medium
R07758,0,0.35893674404031123,Medium
R07759,0,0.42102004098560186,Medium
R07760,0,0.37216758548002943,Medium
R07761,0,0.4555322738550369,Medium
R07763,0,0.3901412956885731,Medium
R07764,0,0.42716546233437247,Medium
R07765,0,0.46023389664882797,Medium
R07766,0,0.4556606826755608,Medium
R07767,0,0.4354143536109896,Medium
R07768,1,0.578590987878734,High
R07769,0,0.40098420544473357,Medium
R07770,1,0.5102086230592575,High
R07771,0,0.5215227612740138,High
R07772,0,0.4589164603469975,Medium
R07773,0,0.3889619889169396,Medium
R07774,0,0.40652729328812376,Medium
R07775,0,0.3232497377235573,Medium
R07776,0,0.39171925489651443,Medium
R07777,0,0.39266142395770914,Medium
R07778,0,0.4007324445540007,Medium
R07779,0,0.3890488659335962,Medium
R07780,0,0.4525575342931599,Medium
R07781,0,0.5161457549275869,High
R07782,0,0.4214481603902943,Medium
R07783,0,0.4197057658833889,Medium
R07784,0,0.3707743612611617,Medium
R07785,1,0.4665285033490683,Medium
R07786,0,0.4078211990223656,Medium
R07787,1,0.5011942371283977,High
R07788,0,0.40855474441972356,Medium
R07789,0,0.4105418508410705,Medium
R07790,0,0.41815103890744326,Medium
R07791,0,0.4428279583469395,Medium
R07792,0,0.37753686618992377,Medium
R07793,0,0.4188459757391485,Medium
R07794,0,0.45194243716351024,Medium
R07795,0,0.43865828150532193,Medium
R07796,0,0.5022621258990985,High
R07797,0,0.3530386254143514,Medium
R07798,0,0.4110812448974988,Medium
R07799,0,0.45829005382445714,Medium
R07800,0,0.3627458745653376,Medium
R07801,0,0.42535934861873614,Medium
R07802,1,0.5159404580665602,High
R07803,0,0.33885329264244585,Medium
R07805,0,0.48105112034464365,Medium
R07806,0,0.4199232782771762,Medium
R07807,0,0.40842358610834806,Medium
R07808,0,0.42493841345125305,Medium
R07809,0,0.4373226654069267,Medium
R07810,0,0.44914051552653583,Medium
R07811,0,0.3533287109088505,Medium
R07812,0,0.48147121201774107,Medium
R07813,0,0.44619356499220175,Medium
R07814,0,0.4004918819257228,Medium
R07815,0,0.4781361521705281,Medium
R07816,0,0.43326738825473454,Medium
R07817,0,0.3623791812823542,Medium
R07818,0,0.35872529470602754,Medium
R07819,0,0.36201081273657004,Medium
R07820,0,0.39363568775882773,Medium
R07821,0,0.4845680721109024,Medium
R07822,0,0.3329349341975514,Medium
R07823,0,0.45384195039396047,Medium
R07824,0,0.37721863147362705,Medium
R07825,0,0.44967160119822486,Medium
R07826,0,0.45205485346993063,Medium
R07827,0,0.4279102649907373,Medium
R07829,0,0.421785144867348,Medium
R07830,0,0.4461187153543423,Medium
R07831,0,0.4576648065254566,Medium
R07832,0,0.43303021330371216,Medium
R07833,0,0.433399336084475,Medium
R07834,0,0.4141881065664609,Medium
R07835,0,0.46026207416203213,Medium
R07836,0,0.4228410913886765,Medium
R07838,0,0.40949848683306406,Medium
R07839,1,0.5451116298976677,High
R07840,0,0.3899342313558091,Medium
R07841,0,0.45106840636214107,Medium
R07842,1,0.5071543895001541,High
R07843,0,0.44657272832681566,Medium
R07844,0,0.435000647609161,Medium
R07845,0,0.45212750926444334,Medium
R07846,0,0.42246150473779487,Medium
R07847,0,0.4629726215732121,Medium
R07848,0,0.4183262756004563,Medium
R07849,0,0.48989544929148354,Medium
R07850,0,0.3795398206535125,Medium
R07853,0,0.41679891991184015,Medium
R07854,0,0.3905199777431513,Medium
R07855,0,0.39305068266085136,Medium
R07856,0,0.4102909391233409,Medium
R07857,0,0.3464537119641646,Medium
R07858,0,0.3820978454857123,Medium
R07859,0,0.3968555138975717,Medium
R07860,0,0.3911703537804043,Medium
R07861,0,0.42510520820105036,Medium
R07862,0,0.4234048900601431,Medium
R07863,0,0.384406850275093,Medium
R07864,0,0.4350580276915015,Medium
R07865,0,0.3079206140166656,Medium
R07866,1,0.5618248255685916,High
R07867,0,0.3821275931652426,Medium
R07868,1,0.5402155279696446,High
R07869,0,0.48296697775173847,Medium
R07870,0,0.42797339172888293,Medium
R07871,0,0.41646445790722325,Medium
R07872,0,0.42398845657577006,Medium
R07873,0,0.4808443933660401,Medium
R07874,0,0.3932281438034113,Medium
R07875,0,0.41886921933364185,Medium
R07876,0,0.48973499212287147,Medium
R07879,0,0.41845957391212346,Medium
R07880,0,0.44989590552139225,Medium
R07881,0,0.4354805052530804,Medium
R07882,1,0.30935097862665656,Medium
R07884,0,0.3290120519022569,Medium
R07885,0,0.4502246172689685,Medium
R07886,0,0.41095843074655064,Medium
R07887,0,0.4455366529318323,Medium
R07888,0,0.3619249366812808,Medium
R07889,0,0.49710969612020667,Medium
R07890,0,0.3980205164798995,Medium
R07892,0,0.29934152539534703,Low
R07893,0,0.3708971223205386,Medium
R07894,0,0.3054598582754015,Medium
R07895,0,0.3278341012152175,Medium
R07896,0,0.43845842664703866,Medium
R07897,0,0.40028847634537856,Medium
R07898,1,0.5172143008955367,High
R07899,1,0.3421847664576245,Medium
R07900,0,0.4431011131741458,Medium
R07901,0,0.43674721204045075,Medium
R07902,0,0.4361141170974791,Medium
R07903,0,0.415364851695195,Medium
R07904,0,0.4322643284849288,Medium
R07906,0,0.4393273206665151,Medium
R07907,1,0.5411621152464001,High
R07908,0,0.3389733531871571,Medium
R07909,0,0.4244052045904667,Medium
R07910,0,0.4408765088442583,Medium
R07911,0,0.4493482994012876,Medium
R07912,0,0.41046454079713024,Medium
R07914,0,0.3736907255872616,Medium
R07915,0,0.3685075146633266,Medium
R07916,0,0.4490412874144031,Medium
R07917,0,0.38183269363238276,Medium
R07919,0,0.3901326518801569,Medium
R07920,0,0.41706796287192666,Medium
R07921,0,0.4396783409724235,Medium
R07922,0,0.3768184311599167,Medium
R07923,0,0.4483467233410749,Medium
R07924,0,0.39108822296086676,Medium
R07925,1,0.5886890106832516,High
R07926,0,0.3794490514885179,Medium
R07927,0,0.3971642903307709,Medium
R07928,0,0.44013892622551637,Medium
R07930,0,0.35864496389358486,Medium
R07931,0,0.3992625777277604,Medium
R07932,0,0.4585130342507376,Medium
R07933,1,0.5041466563494061,High
R07934,1,0.4914779478081138,Medium
R07935,0,0.4337799100885789,Medium
R07936,0,0.3356947835789858,Medium
R07937,0,0.5027335527826492,High
R07938,0,0.3421284097718034,Medium
R07939,0,0.3451290681043425,Medium
R07940,0,0.3972515642692314,Medium
R07941,0,0.45094234152772183,Medium
R07942,0,0.38391894986354896,Medium
R07943,0,0.37547865538666,Medium
R07944,0,0.44216053388444954,Medium
R07945,1,0.48115800347212584,Medium
R07946,0,0.432540523247604,Medium
R07947,0,0.4393430923002501,Medium
R07948,0,0.43249730339964443,Medium
R07949,0,0.43448445391846247,Medium
R07951,0,0.4193947654160404,Medium
R07952,1,0.5404658056811398,High
R07953,0,0.37503855529316255,Medium
R07954,0,0.45882721860462283,Medium
R07955,0,0.3893040277947538,Medium
R07956,0,0.39060639831465127,Medium
R07957,0,0.4206394657015505,Medium
R07958,0,0.38860078039092405,Medium
R07959,0,0.3825061685516163,Medium
R07960,0,0.4451686296964851,Medium
R07961,1,0.5692754827233439,High
R07962,0,0.34107878613289494,Medium
R07963,0,0.4308005727624746,Medium
R07964,0,0.4460938256598219,Medium
R07965,0,0.4462244248249342,Medium
R07966,0,0.33293795113822894,Medium
R07967,0,0.38975899234026484,Medium
R07968,0,0.4301680158783774,Medium
R07969,0,0.4594299498038867,Medium
R07970,0,0.448771418898294,Medium
R07971,0,0.33511693858386726,Medium
R07972,0,0.3461537616145068,Medium
R07973,0,0.3810990424129074,Medium
R07974,0,0.3918519956484285,Medium
R07975,0,0.3561158988826703,Medium
R07976,0,0.4016573649737552,Medium
R07978,1,0.49057964340349103,Medium
R07979,0,0.4016729667707119,Medium
R07980,0,0.41903653297627974,Medium
R07981,0,0.36014819364197465,Medium
R07982,0,0.4058232854103373,Medium
R07983,0,0.3322198248606675,Medium
R07985,0,0.3432800038338122,Medium
R07986,0,0.358918217173653,Medium
R07987,0,0.40360473565227634,Medium
R07988,0,0.3883982271724635,Medium
R07989,0,0.33141345586160675,Medium
R07990,0,0.3641864450694501,Medium
R07991,0,0.43843908528728925,Medium
R07992,0,0.43139058965940713,Medium
R07993,0,0.46623469429887876,Medium
R07996,0,0.46576440520695683,Medium
R07997,0,0.4371054862713869,Medium
R07998,1,0.5331018017663999,High
R07999,0,0.3881457481864642,Medium
R08000,1,0.5388132544499533,High
R08001,0,0.3631922233791296,Medium
R08002,1,0.4994995858537117,Medium
R08003,0,0.45130147668795684,Medium
R08004,0,0.48693401391871155,Medium
R08005,0,0.3851761668535091,Medium
R08006,0,0.44760155026120196,Medium
R08007,0,0.4585474032391927,Medium
R08008,0,0.421317698750849,Medium
R08009,0,0.4545786093031633,Medium
R08010,0,0.40461235105786886,Medium
R08011,0,0.4194041519375219,Medium
R08012,0,0.48536433941900403,Medium
R08013,0,0.43157779223793347,Medium
R08014,0,0.406989243929398,Medium
R08015,0,0.4044462596132039,Medium
R08016,0,0.4116644907892939,Medium
R08017,0,0.338030557687852,Medium
R08019,0,0.39984330630872933,Medium
R08020,0,0.42599777696473135,Medium
R08022,0,0.35861173156651943,Medium
R08023,1,0.4699666746378549,Medium
R08024,0,0.421933319664231,Medium
R08025,1,0.42360971023807,Medium
R08026,0,0.3396266195901856,Medium
R08028,0,0.309499040703673,Medium
R08029,0,0.38457904311016494,Medium
R08031,0,0.3319150897837697,Medium
R08032,0,0.36412771939773025,Medium
R08033,0,0.46677416180232856,Medium
R08034,1,0.5483643003791822,High
R08035,0,0.48563753884987115,Medium
R08037,0,0.40184801076799553,Medium
R08038,0,0.4502918750115682,Medium
R08039,0,0.4174054162882803,Medium
R08040,0,0.46403106321144333,Medium
R08041,0,0.4548293436841621,Medium
R08042,0,0.3875840425408449,Medium
R08043,0,0.4486237059656497,Medium
R08044,0,0.3276701028399488,Medium
R08047,0,0.4589681186517503,Medium
R08049,0,0.44950630116775747,Medium
R08051,0,0.43030289904238594,Medium
R08052,0,0.416005774304072,Medium
R08053,0,0.3716354527191044,Medium
R08054,0,0.5394835775835789,High
R08055,0,0.38368594129080036,Medium
R08056,1,0.49660446781661155,Medium
R08057,0,0.41259962859960425,Medium
R08058,0,0.40336896407786504,Medium
R08059,1,0.4936419475715853,Medium
R08062,0,0.49819881222775725,Medium
R08063,0,0.3785703050305219,Medium
R08064,0,0.44665500412863657,Medium
R08065,0,0.4265165506655515,Medium
R08066,0,0.4173064292478965,Medium
R08067,0,0.4329592440364353,Medium
R08068,0,0.3872254361098343,Medium
R08069,0,0.3309609700359017,Medium
R08070,0,0.43359630616194783,Medium
R08071,0,0.35082968884044696,Medium
R08072,0,0.3678595887575499,Medium
R08073,0,0.3274752768518549,Medium
R08074,0,0.40658791320592036,Medium
R08075,0,0.42622974294605936,Medium
R08076,0,0.4335001821898517,Medium
R08077,1,0.5050271523708986,High
R08078,0,0.43414737155816757,Medium
R08079,0,0.4568155687103445,Medium
R08080,0,0.39280522157297537,Medium
R08081,0,0.41603776426680056,Medium
R08082,0,0.4518632719273862,Medium
R08084,0,0.4177718957691038,Medium
R08085,0,0.39389702403672816,Medium
R08087,0,0.4261988959408627,Medium
R08088,0,0.3990885609852628,Medium
R08090,0,0.371612591587772,Medium
R08091,0,0.3676905496069822,Medium
R08092,0,0.36708123903182155,Medium
R08093,0,0.4380944442615964,Medium
R08094,1,0.4799132750172595,Medium
R08095,0,0.357759734002854,Medium
R08096,0,0.3835133694851959,Medium
R08097,0,0.4269919043009792,Medium
R08098,0,0.46232674671850127,Medium
R08099,0,0.34981440666235813,Medium
R08100,1,0.5243210145152577,High
R08101,0,0.35512414814358884,Medium
R08102,0,0.4637532534137974,Medium
R08105,0,0.44925544773484005,Medium
R08106,1,0.5402481092509867,High
R08107,0,0.34056519738871016,Medium
R08108,0,0.3786880456495104,Medium
R08109,0,0.40687116547787383,Medium
R08110,1,0.542307038219411,High
R08112,0,0.3919365773362803,Medium
R08113,0,0.44058235458071127,Medium
R08114,0,0.39592090560242615,Medium
R08115,0,0.32708969343264876,Medium
R08116,1,0.38739024137473776,Medium
R08117,0,0.4581409922176451,Medium
R08119,0,0.4308591706410849,Medium
R08120,0,0.3549979383427153,Medium
R08122,0,0.3986501587882656,Medium
R08123,0,0.4638181836474044,Medium
R08124,0,0.4198170346899394,Medium
R08125,0,0.46916186190938824,Medium
R08126,0,0.4196657734162311,Medium
R08127,0,0.4061195060374606,Medium
R08128,0,0.38388621732771994,Medium
R08130,0,0.35973410182886534,Medium
R08131,0,0.39161071263731495,Medium
R08132,0,0.39962035898081133,Medium
R08133,0,0.44228034787346204,Medium
R08134,1,0.4440595732741729,Medium
R08135,0,0.3902709048391069,Medium
R08136,0,0.40305055589629907,Medium
R08137,1,0.5429012709874462,High
R08138,0,0.40827546227316225,Medium
R08141,0,0.41242290647678836,Medium
R08142,0,0.3177157715750239,Medium
R08143,0,0.340371200762184,Medium
R08144,0,0.44624859357521646,Medium
R08145,0,0.4031605466629343,Medium
R08146,0,0.4808735516870427,Medium
R08147,0,0.4723752409323127,Medium
R08148,0,0.36765126638650353,Medium
R08149,0,0.36110631091651313,Medium
R08150,0,0.39000102333442455,Medium
R08151,0,0.45817806212828815,Medium
R08152,0,0.48610073530175435,Medium
R08153,0,0.3455046959852024,Medium
R08154,0,0.46218931405799146,Medium
R08155,0,0.40288195252389886,Medium
R08156,0,0.363915589111112,Medium
R08157,0,0.3995777290480578,Medium
R08158,0,0.3363352653180743,Medium
R08159,0,0.40337636838391433,Medium
R08160,0,0.3405699198199115,Medium
R08161,0,0.3934245745037871,Medium
R08162,0,0.47414986367224904,Medium
R08163,0,0.5032412210040247,High
R08164,0,0.3627347097829968,Medium
R08165,0,0.37857611853233764,Medium
R08167,0,0.4154958398456838,Medium
R08168,0,0.45449428823441684,Medium
R08169,0,0.40802733203867236,Medium
R08170,0,0.4826596863115262,Medium
R08171,0,0.4747080902696345,Medium
R08172,0,0.4189745680558184,Medium
R08173,0,0.40649077732401884,Medium
R08174,0,0.42267660125868034,Medium
R08175,0,0.443210460732477,Medium
R08177,0,0.4518973823848086,Medium
R08179,0,0.4484480457126698,Medium
R08180,0,0.41877723643307974,Medium
R08181,0,0.2958969384852636,Low
R08182,0,0.37730673822208227,Medium
R08184,0,0.3481083196855155,Medium
R08185,0,0.38033519832026663,Medium
R08186,0,0.41918894579034016,Medium
R08187,0,0.348778156147287,Medium
R08188,0,0.40370280521283447,Medium
R08189,0,0.41593413144730634,Medium
R08190,0,0.3376894402576506,Medium
R08191,0,0.42358981748551494,Medium
R08192,0,0.29530226513576896,Low
R08193,0,0.3900735949564703,Medium
R08195,0,0.4456218456700805,Medium
R08196,1,0.559342257787545,High
R08197,0,0.3550172002938833,Medium
R08198,0,0.37381381803156183,Medium
R08199,0,0.3813495768084206,Medium
R08200,0,0.3718967434708907,Medium
R08201,0,0.4081311160106737,Medium
R08202,0,0.2744777464910687,Low
R08203,0,0.4169479997620034,Medium
R08204,1,0.31840478050840015,Medium
R08205,0,0.3885380259589447,Medium
R08206,0,0.43289692084550824,Medium
R08207,0,0.4812993376880915,Medium
R08208,0,0.39688256505454184,Medium
R08209,0,0.39659035210235244,Medium
R08210,0,0.40967609987134534,Medium
R08211,0,0.380938595156627,Medium
R08212,0,0.42527517579037166,Medium
R08213,0,0.44837560291536205,Medium
R08214,0,0.42789302250254574,Medium
R08215,0,0.48626383250367405,Medium
R08216,0,0.5013890154743058,High
R08217,0,0.46464951432206064,Medium
R08218,0,0.3996589366909658,Medium
R08220,0,0.4159540887758354,Medium
R08221,0,0.4200329125470258,Medium
R08222,0,0.38251956283133287,Medium
R08223,0,0.37138388120199706,Medium
R08225,0,0.376504473994637,Medium
R08226,0,0.42472255918982194,Medium
R08227,0,0.35949056833087495,Medium
R08228,0,0.3882995555976629,Medium
R08230,1,0.49597041446790213,Medium
R08231,0,0.33009581222121076,Medium
R08232,0,0.40847485351649604,Medium
R08234,0,0.3386454166052367,Medium
R08235,0,0.37855605716356294,Medium
R08236,0,0.42977086972769163,Medium
R08237,0,0.38719643336114495,Medium
R08238,0,0.38630494853045455,Medium
R08239,0,0.3972231731423399,Medium
R08240,0,0.3862771498563422,Medium
R08241,0,0.425477636461341,Medium
R08242,0,0.41349730466895723,Medium
R08243,0,0.39285229449922404,Medium
R08244,0,0.385626463217412,Medium
R08245,0,0.34088086293566167,Medium
R08246,0,0.38545620189811003,Medium
R08248,0,0.3849013229388727,Medium
R08249,0,0.39396960683321247,Medium
R08250,0,0.4716702387047873,Medium
R08251,0,0.34365860166292295,Medium
R08252,0,0.3021588447838824,Medium
R08253,0,0.418680517124751,Medium
R08254,0,0.32865776074423136,Medium
R08255,0,0.3739129925222827,Medium
R08256,0,0.419788754123301,Medium
R08257,0,0.4055728391126136,Medium
R08259,0,0.3660958401642222,Medium
R08260,0,0.40365868285932927,Medium
R08261,0,0.49175226447596465,Medium
R08262,0,0.38840099648232806,Medium
R08263,0,0.4162589204032067,Medium
R08265,0,0.4223647408693587,Medium
R08266,0,0.4573953935930317,Medium
R08267,0,0.4236439247841839,Medium
R08268,0,0.47924460497072774,Medium
R08269,0,0.3431744978413535,Medium
R08270,0,0.4614123540478941,Medium
R08271,0,0.45589998309876706,Medium
R08272,1,0.49254880693136677,Medium
R08273,0,0.3938643262431538,Medium
R08274,0,0.40274562685579085,Medium
R08275,0,0.3128638530464107,Medium
R08276,1,0.4933642196662194,Medium
R08277,0,0.3434447579112026,Medium
R08278,0,0.38722053414729296,Medium
R08279,0,0.41923339738932597,Medium
R08280,0,0.41605324995667636,Medium
R08281,0,0.43310024949475495,Medium
R08282,0,0.3996977270924715,Medium
R08283,0,0.40737802188574007,Medium
R08284,0,0.4869671141861858,Medium
R08285,1,0.5002255684884058,High
R08287,0,0.4430842016467798,Medium
R08288,0,0.41499940726998985,Medium
R08289,0,0.41490911625664834,Medium
R08290,0,0.4003248003717354,Medium
R08291,0,0.3084329124087084,Medium
R08293,0,0.42722008779956033,Medium
R08294,0,0.37528844168687947,Medium
R08295,0,0.3333022390709102,Medium
R08296,0,0.37235772277406276,Medium
R08297,0,0.38074819260298026,Medium
R08298,0,0.4776941462054038,Medium
R08300,0,0.4382335255904689,Medium
R08301,0,0.37710313839984066,Medium
R08302,0,0.39444090279313826,Medium
R08303,0,0.3279366705653123,Medium
R08304,0,0.3831542815696281,Medium
R08305,0,0.37766684606897855,Medium
R08306,0,0.3988234250957927,Medium
R08307,0,0.4289177685968881,Medium
R08308,0,0.43549638794586387,Medium
R08309,0,0.37126966511169557,Medium
R08310,0,0.3907004664836658,Medium
R08311,0,0.36966395720109185,Medium
R08313,0,0.40631324352415227,Medium
R08314,0,0.4691706084469902,Medium
R08315,0,0.40664426867924935,Medium
R08316,0,0.43516106552334255,Medium
R08317,0,0.4096726582611214,Medium
R08318,0,0.31339140001578647,Medium
R08319,0,0.4238783907145913,Medium
R08321,0,0.45140683998378334,Medium
R08322,0,0.38653549795997855,Medium
R08323,0,0.4257459632835725,Medium
R08324,0,0.4126222840893529,Medium
R08325,0,0.3783696074118652,Medium
R08326,0,0.3608161993422,Medium
R08327,0,0.4177636392037904,Medium
R08328,1,0.4731659919994216,Medium
R08329,0,0.4382150948396153,Medium
R08330,0,0.4015745824868261,Medium
R08331,0,0.33592801091634994,Medium
R08332,0,0.3449817858786291,Medium
R08333,0,0.3983135511065888,Medium
R08334,0,0.40115216155847233,Medium
R08335,0,0.4053456970574762,Medium
R08337,0,0.42945432844760695,Medium
R08338,0,0.38708169277470716,Medium
R08339,0,0.4025476181283494,Medium
R08340,0,0.4796700976207236,Medium
R08341,1,0.4762703515224582,Medium
R08342,0,0.3749393727517914,Medium
R08343,0,0.494942235794381,Medium
R08344,0,0.33592638156135124,Medium
R08345,0,0.3756199544407032,Medium
R08346,0,0.36385823781943094,Medium
R08347,0,0.3839783118993844,Medium
R08348,0,0.4010999559074156,Medium
R08349,0,0.40113418751056057,Medium
R08350,0,0.4135805810093192,Medium
R08351,0,0.40791121591215657,Medium
R08352,0,0.43016900284543047,Medium
R08353,1,0.5241374841226809,High
R08354,0,0.5018036447471029,High
R08355,0,0.3981677645849991,Medium
R08356,0,0.4392815156306879,Medium
R08357,0,0.4117664838813788,Medium
R08358,0,0.4020548296621636,Medium
R08359,1,0.4820459052971078,Medium
R08360,0,0.40814646116056447,Medium
R08361,0,0.4173305805597286,Medium
R08362,0,0.3474590728632975,Medium
R08364,0,0.5054050814940303,High
R08365,0,0.44830954559678937,Medium
R08366,1,0.5159216880661203,High
R08367,0,0.4016699033162455,Medium
R08368,1,0.5073907720934028,High
R08369,0,0.36387582328290863,Medium
R08370,0,0.4903059142298638,Medium
R08371,0,0.43438333992086037,Medium
R08372,0,0.3809193124500041,Medium
R08373,0,0.43550289830293054,Medium
R08374,0,0.47949394997599853,Medium
R08375,0,0.3997705688359904,Medium
R08376,0,0.30741664784617756,Medium
R08377,0,0.36138264987103724,Medium
R08378,0,0.4498761918290559,Medium
R08379,0,0.41743050774514495,Medium
R08380,0,0.41705296447863,Medium
R08381,1,0.3040402071152279,Medium
R08382,0,0.4376062767733499,Medium
R08383,0,0.3508166895525896,Medium
R08384,0,0.41344633418460996,Medium
R08385,0,0.45021330292891604,Medium
R08386,0,0.2563434747426071,Low
R08387,0,0.34892835161999963,Medium
R08388,0,0.42914479245001524,Medium
R08389,0,0.4328617041213261,Medium
R08390,0,0.4406558653485383,Medium
R08391,0,0.4284705310600681,Medium
R08392,0,0.3901408231212205,Medium
R08393,0,0.4446189583394039,Medium
R08394,0,0.43817260354939186,Medium
R08395,0,0.3226060140546217,Medium
R08396,0,0.3057182754370162,Medium
R08397,0,0.429672964095039,Medium
R08398,1,0.5770631413398519,High
R08399,1,0.5121491838946683,High
R08401,0,0.31953352314402006,Medium
R08403,0,0.45372437515075703,Medium
R08404,0,0.41745112351726577,Medium
R08405,0,0.4127450764806181,Medium
R08406,0,0.3677649772293414,Medium
R08407,0,0.4304711141119071,Medium
R08408,1,0.5127114425996162,High
R08411,1,0.5693759310587516,High
R08412,0,0.3530052525158914,Medium
R08413,0,0.5060792239892071,High
R08414,0,0.37448453830298073,Medium
R08415,0,0.4466559088190413,Medium
R08416,0,0.4729072060189205,Medium
R08417,0,0.3850190029100827,Medium
R08418,0,0.40855500492157854,Medium
R08419,0,0.4269154547786189,Medium
R08420,0,0.3739035628765819,Medium
R08421,0,0.4154145939916459,Medium
R08422,0,0.4261116266591003,Medium
R08423,0,0.31611889123373765,Medium
R08424,1,0.5387632120534349,High
R08425,0,0.395731637308087,Medium
R08426,0,0.4727152146470718,Medium
R08427,0,0.4049475019174607,Medium
R08428,0,0.488270275591245,Medium
R08429,0,0.4372466088299906,Medium
R08430,0,0.43138596161752424,Medium
R08431,1,0.41758875846405397,Medium
R08433,0,0.4245453202159123,Medium
R08434,0,0.34614670392689706,Medium
R08435,1,0.4947066837939178,Medium
R08436,0,0.4496025761598431,Medium
R08437,0,0.35784828827965287,Medium
R08438,0,0.4214864351951038,Medium
R08439,0,0.4911846779180763,Medium
R08440,0,0.44041036747823087,Medium
R08441,0,0.4180668358000272,Medium
R08444,0,0.4414901699504627,Medium
R08445,0,0.40048524740323677,Medium
R08446,0,0.43335560985025284,Medium
R08447,0,0.44135869927348226,Medium
R08448,0,0.40856643923326047,Medium
R08449,0,0.3946376085026946,Medium
R08450,0,0.4501853245080178,Medium
R08451,0,0.4064376189297588,Medium
R08453,0,0.44614397768575914,Medium
R08456,0,0.4269622931988701,Medium
R08458,0,0.4232338569763162,Medium
R08459,0,0.3549485242575044,Medium
R08460,0,0.47596916669689776,Medium
R08462,0,0.4730291859330719,Medium
R08463,0,0.39554914246924744,Medium
R08464,0,0.4201936816981082,Medium
R08465,1,0.4486629150808084,Medium
R08466,0,0.4248986619732286,Medium
R08467,0,0.47033926813711424,Medium
R08468,0,0.3343396341438582,Medium
R08469,0,0.40786303598934803,Medium
R08471,0,0.43720346086536005,Medium
R08472,0,0.38648757743000717,Medium
R08473,0,0.45937092892356085,Medium
R08474,0,0.37726326824053125,Medium
R08475,0,0.5042190052500957,High
R08476,0,0.4330728472245151,Medium
R08477,0,0.42526284370969925,Medium
R08478,0,0.3840677691428118,Medium
R08479,0,0.3753321215039332,Medium
R08480,0,0.4931600519482929,Medium
R08481,0,0.40988543907405023,Medium
R08482,1,0.5594551312543904,High
R08483,0,0.45908618094831616,Medium
R08484,0,0.45190559490497506,Medium
R08485,0,0.34922381455378243,Medium
R08486,0,0.3134514867715035,Medium
R08487,0,0.39530795300396243,Medium
R08488,0,0.38441514274022137,Medium
R08489,0,0.37567603424992846,Medium
R08490,0,0.31462021390423334,Medium
R08491,0,0.3215909258493258,Medium
R08492,0,0.4372187013929586,Medium
R08493,0,0.42479407493510524,Medium
R08494,1,0.3809812161748045,Medium
R08495,0,0.4977309856421105,Medium
R08496,0,0.4135944329927478,Medium
R08497,0,0.31711331640129337,Medium
R08498,0,0.3757874280997974,Medium
R08499,0,0.45966227436923646,Medium
R08500,1,0.5704770152999895,High
R08501,0,0.3734917975709888,Medium
R08502,0,0.3188051962672986,Medium
R08503,0,0.364594525665518,Medium
R08504,0,0.3273828341698893,Medium
R08506,0,0.36256273551722634,Medium
R08507,0,0.41255213245580535,Medium
R08508,1,0.44439964434127055,Medium
R08510,0,0.3225987058957011,Medium
R08512,0,0.39883810563865324,Medium
R08513,0,0.40061872775059404,Medium
R08514,0,0.4386408916686479,Medium
R08515,0,0.33210207466069613,Medium
R08516,0,0.4632632909416911,Medium
R08517,1,0.5630946932316739,High
R08518,0,0.4038503189881291,Medium
R08519,0,0.32266747205735735,Medium
R08520,0,0.41261021886913857,Medium
R08521,0,0.4014269391273341,Medium
R08522,0,0.3826225682031683,Medium
R08523,0,0.3853799986196362,Medium
R08524,0,0.4414985604933305,Medium
R08525,1,0.5744527603451732,High
R08527,0,0.4482888207576698,Medium
R08528,0,0.3897565082953417,Medium
R08529,1,0.5188015834696554,High
R08530,0,0.346917631197091,Medium
R08531,0,0.4178179877299243,Medium
R08532,0,0.29346776455984697,Low
R08535,0,0.41896251953020275,Medium
R08537,0,0.37833312542272685,Medium
R08538,0,0.39184888736131207,Medium
R08539,0,0.4094772676443859,Medium
R08540,0,0.4177279241166377,Medium
R08542,0,0.44752047425921887,Medium
R08543,0,0.31932352084764143,Medium
R08544,0,0.46573526787435254,Medium
R08545,0,0.3352563024801279,Medium
R08546,0,0.4338958795826718,Medium
R08547,0,0.45708966229992876,Medium
R08548,0,0.40194061472259734,Medium
R08549,0,0.4104460576389892,Medium
R08550,0,0.4101325823529406,Medium
R08551,0,0.42999559228119355,Medium
R08552,0,0.4424526505264882,Medium
R08553,1,0.51677802135957,High
R08554,0,0.4341863797408018,Medium
R08555,0,0.3425150223110089,Medium
R08556,0,0.4534183222710118,Medium
R08558,0,0.4036062390661684,Medium
R08559,0,0.4099281351137318,Medium
R08560,0,0.3639869521856804,Medium
R08561,0,0.4259828409283823,Medium
R08562,0,0.39593037596970004,Medium
R08563,0,0.3523013913282915,Medium
R08564,0,0.37070410618923444,Medium
R08566,0,0.40324891774674954,Medium
R08568,0,0.30942440908231517,Medium
R08569,0,0.3648615585360272,Medium
R08570,0,0.3412696788628054,Medium
R08571,0,0.29770165181058245,Low
R08572,1,0.56091690173176,High
R08573,0,0.4340568751001189,Medium
R08574,0,0.37468871172154034,Medium
R08575,0,0.3523639501502037,Medium
R08576,0,0.336738601070754,Medium
R08577,0,0.4397093162840287,Medium
R08578,0,0.31620194859536466,Medium
R08579,0,0.3866631851348173,Medium
R08580,0,0.43691674362820365,Medium
R08581,0,0.3632009429054664,Medium
R08582,0,0.5591043367905563,High
R08584,0,0.38528164047308017,Medium
R08586,0,0.4194713473271496,Medium
R08587,0,0.31849463396547223,Medium
R08588,0,0.41222554225610714,Medium
R08589,0,0.33434832059066527,Medium
R08590,0,0.37066821444970904,Medium
R08591,0,0.4911913606862273,Medium
R08594,0,0.43778761172411157,Medium
R08595,0,0.35488820969194135,Medium
R08596,0,0.3110986980668458,Medium
R08597,0,0.3872026692942335,Medium
R08598,0,0.2901285749784033,Low
R08599,1,0.586925244361836,High
R08601,1,0.5240270805602517,High
R08602,0,0.4649876123620739,Medium
R08603,0,0.36629210483984165,Medium
R08604,0,0.4038101006952665,Medium
R08605,0,0.41543005095212154,Medium
R08606,1,0.5475990973362008,High
R08607,0,0.38269438649475396,Medium
R08608,0,0.4131757813810871,Medium
R08609,0,0.4319019928349703,Medium
R08610,1,0.6174563568225503,High
R08611,0,0.4901303732874876,Medium
R08612,0,0.4241454945197993,Medium
R08613,0,0.4077101435668379,Medium
R08614,0,0.3466337294728008,Medium
R08615,1,0.4814252232280955,Medium
R08616,0,0.41465192906944687,Medium
R08617,1,0.5521137089000154,High
R08618,0,0.47333395519266036,Medium
R08619,0,0.4033236180902624,Medium
R08620,0,0.3863087301950506,Medium
R08621,0,0.3623204052875861,Medium
R08622,0,0.37886823308707723,Medium
R08623,0,0.45674424986374645,Medium
R08624,1,0.49332154094784714,Medium
R08625,0,0.3606677756407995,Medium
R08627,0,0.4580723588542021,Medium
R08628,1,0.548477777070779,High
R08629,1,0.4946542133837278,Medium
R08630,0,0.4648720529051569,Medium
R08631,1,0.5286554762596264,High
R08632,0,0.3927723900515411,Medium
R08633,0,0.3990751132413049,Medium
R08634,0,0.4314865796387358,Medium
R08635,0,0.363368266831747,Medium
R08636,0,0.40351140100869237,Medium
R08637,1,0.554385488263544,High
R08638,0,0.4077506776780634,Medium
R08639,0,0.347345143826724,Medium
R08640,0,0.4096472050394527,Medium
R08641,1,0.5345646140049646,High
R08642,0,0.3492205304599691,Medium
R08644,0,0.47024762646045326,Medium
R08645,0,0.34743438501200635,Medium
R08646,0,0.4191592229532327,Medium
R08647,0,0.35597833558006914,Medium
R08648,0,0.4177013781382265,Medium
R08649,0,0.44254741760607097,Medium
R08650,0,0.40471091361979433,Medium
R08651,0,0.4672781871607781,Medium
R08652,0,0.4064166882566175,Medium
R08653,0,0.3917117910944168,Medium
R08655,0,0.4429685579095001,Medium
R08656,1,0.5511238214382551,High
R08657,0,0.42326047999293936,Medium
R08658,0,0.36085284236643517,Medium
R08659,0,0.33863962780979795,Medium
R08660,0,0.36459148601441443,Medium
R08661,0,0.3601999634475924,Medium
R08662,0,0.4151772135201822,Medium
R08663,0,0.3395336468321028,Medium
R08664,0,0.44198578969223107,Medium
R08665,0,0.3727095809215726,Medium
R08666,0,0.3572355423076001,Medium
R08667,0,0.3614544934858826,Medium
R08668,0,0.44902804297225335,Medium
R08669,0,0.32426772034696194,Medium
R08670,0,0.38004362225053173,Medium
R08671,0,0.34234595988631994,Medium
R08672,0,0.38832866786424325,Medium
R08673,1,0.5021335146553847,High
R08674,0,0.45249203844447694,Medium
R08675,0,0.49497798570963014,Medium
R08676,0,0.4533853724024726,Medium
R08677,1,0.4243829741487036,Medium
R08679,0,0.43324427141695815,Medium
R08680,0,0.42736766757152966,Medium
R08681,0,0.4834513017504779,Medium
R08682,0,0.3947039911156693,Medium
R08683,0,0.46356784579402943,Medium
R08684,0,0.3514818677532482,Medium
R08685,0,0.4125708671630073,Medium
R08687,0,0.33188448946249915,Medium
R08688,0,0.42961533145938624,Medium
R08689,0,0.4294344298477182,Medium
R08690,0,0.31829199795295937,Medium
R08691,0,0.3669438865179254,Medium
R08692,0,0.48928882118920053,Medium
R08693,0,0.4173978511820404,Medium
R08695,0,0.3852087208402383,Medium
R08696,0,0.3878711303697212,Medium
R08697,0,0.3625935401520718,Medium
R08698,0,0.43229402160672487,Medium
R08699,0,0.37952441252586533,Medium
R08700,1,0.4934758676940059,Medium
R08701,0,0.3819610904096,Medium
R08702,0,0.42460409391823595,Medium
R08703,0,0.39088451702391763,Medium
R08705,0,0.41999615605389623,Medium
R08706,0,0.33013932158173653,Medium
R08707,0,0.39624127529765507,Medium
R08708,0,0.3589371437725057,Medium
R08709,0,0.3973107243518019,Medium
R08710,1,0.5213166575421252,High
R08711,0,0.43358872053795344,Medium
R08712,0,0.43328075779849795,Medium
R08713,0,0.393845157310632,Medium
R08714,0,0.40097184638722394,Medium
R08715,0,0.43281527914420975,Medium
R08716,0,0.2570736106363706,Low
R08717,1,0.47994773040496286,Medium
R08718,0,0.33927790078589,Medium
R08719,0,0.3580246734456912,Medium
R08720,0,0.3830047774982806,Medium
R08721,0,0.3699051184831398,Medium
R08722,0,0.2544205174128201,Low
R08723,0,0.4250561447739608,Medium
R08724,0,0.3841274802068345,Medium
R08725,0,0.391287383125021,Medium
R08726,0,0.3523791286626586,Medium
R08728,0,0.42010113367697466,Medium
R08729,0,0.43648923757678176,Medium
R08730,0,0.3911867667503053,Medium
R08731,0,0.4170611660841753,Medium
R08732,0,0.35830470503668493,Medium
R08733,0,0.5445814759735705,High
R08734,0,0.3559630961793124,Medium
R08735,0,0.4262183035502452,Medium
R08736,0,0.4201938521371452,Medium
R08737,0,0.3986494466474364,Medium
R08738,0,0.4353259559286299,Medium
R08739,0,0.3741377766556695,Medium
R08740,0,0.41822006053011074,Medium
R08741,0,0.35987473553617805,Medium
R08742,0,0.43756938383176475,Medium
R08743,0,0.36801612051833865,Medium
R08744,0,0.4016409314598564,Medium
R08745,0,0.3349425241671043,Medium
R08746,1,0.5183674597720794,High
R08748,0,0.4401976237544579,Medium
R08749,0,0.41223162129595164,Medium
R08750,0,0.44953437991425055,Medium
R08751,1,0.5093970712789183,High
R08752,0,0.3913856413856282,Medium
R08753,0,0.45176794114829155,Medium
R08754,0,0.3726612262206072,Medium
R08755,0,0.4350060427266971,Medium
R08756,1,0.568507978551333,High
R08757,0,0.365887860417746,Medium
R08758,0,0.3230054984336834,Medium
R08759,1,0.43170257999271877,Medium
R08760,0,0.42377774369727916,Medium
R08761,0,0.3961128913456464,Medium
R08762,1,0.5033952750451902,High
R08763,0,0.45764692562842213,Medium
R08764,0,0.41242887348088897,Medium
R08765,0,0.4276282821126399,Medium
R08766,0,0.4267285110682457,Medium
R08767,0,0.47992698760255714,Medium
R08768,0,0.3817257321170935,Medium
R08769,0,0.47251579747379785,Medium
R08770,0,0.39830005625686477,Medium
R08771,0,0.340784960925228,Medium
R08773,1,0.4629906217324626,Medium
R08774,0,0.4225516797296293,Medium
R08775,0,0.37188458044791245,Medium
R08776,0,0.45970511393499236,Medium
R08777,0,0.3835210006298429,Medium
R08778,0,0.2437153924658271,Low
R08779,1,0.46607076528699487,Medium
R08780,0,0.4012792628471226,Medium
R08781,0,0.3607152820163366,Medium
R08782,0,0.35787361165917114,Medium
R08783,0,0.45613779401429083,Medium
R08784,0,0.37231651836942325,Medium
R08785,1,0.536828982959862,High
R08787,0,0.4692580292502311,Medium
R08788,0,0.3855694481658397,Medium
R08789,0,0.4101628321756944,Medium
R08790,1,0.5148274362407247,High
R08791,0,0.3730173772422334,Medium
R08792,0,0.43237041673628285,Medium
R08794,0,0.3510283647241282,Medium
R08795,0,0.40022337582216444,Medium
R08796,0,0.3843595069116538,Medium
R08797,0,0.46649403484808344,Medium
R08798,0,0.4215137966451241,Medium
R08799,0,0.34735134658811523,Medium
R08801,1,0.4474724923618478,Medium
R08802,0,0.3640685005712403,Medium
R08803,0,0.34337432219462466,Medium
R08804,0,0.41753097277618223,Medium
R08805,0,0.4274469178277237,Medium
R08806,0,0.34819061724336176,Medium
R08807,0,0.4069047324549697,Medium
R08808,0,0.5112970593571547,High
R08809,1,0.5482944592095206,High
R08810,0,0.4119806916667775,Medium
R08811,0,0.3758347320974588,Medium
R08812,0,0.4009310588006148,Medium
R08813,0,0.3805651586020278,Medium
R08814,0,0.3668810106900683,Medium
R08815,0,0.4583679474049211,Medium
R08816,0,0.3838942083320951,Medium
R08817,0,0.4014177478800887,Medium
R08818,0,0.3669263856134997,Medium
R08819,0,0.4055898553847486,Medium
R08820,0,0.37051166583030853,Medium
R08821,0,0.5030790858941292,High
R08822,0,0.3824444770445977,Medium
R08823,1,0.5248824734739181,High
R08824,0,0.40320900717607683,Medium
R08825,0,0.43544453532239197,Medium
R08826,1,0.4860077945858571,Medium
R08827,0,0.4072960982759649,Medium
R08828,0,0.40890961545605925,Medium
R08830,0,0.3876814976030001,Medium
R08831,0,0.45470671562003867,Medium
R08833,0,0.4482312302102068,Medium
R08834,0,0.3805482553224648,Medium
R08835,0,0.38113077603530987,Medium
R08836,0,0.4094692249778913,Medium
R08837,0,0.4654969432421177,Medium
R08838,0,0.43065649691263724,Medium
R08840,0,0.3412296460999492,Medium
R08841,0,0.2749886625203119,Low
R08842,0,0.40436105325795585,Medium
R08843,0,0.3109986177060015,Medium
R08844,0,0.41828509970007083,Medium
R08845,0,0.4944062312341775,Medium
R08846,0,0.46910887687771263,Medium
R08847,0,0.40860384820813705,Medium
R08848,0,0.33346968867011867,Medium
R08850,0,0.4573623865197603,Medium
R08851,0,0.4159303765236798,Medium
R08852,0,0.29868640037933225,Low
R08853,0,0.4081958850205267,Medium
R08854,0,0.39956372988986677,Medium
R08855,0,0.2977585557130589,Low
R08856,0,0.3616244581012175,Medium
R08858,0,0.41815138895162446,Medium
R08859,0,0.3826925795262131,Medium
R08860,0,0.4475248585389248,Medium
R08861,0,0.4036193905782151,Medium
R08862,0,0.36325224178002863,Medium
R08863,0,0.4268398875644877,Medium
R08864,0,0.4910939471449953,Medium
R08865,0,0.4390325921192377,Medium
R08867,1,0.5436858091811297,High
R08868,1,0.5141288662549053,High
R08869,0,0.370908344324423,Medium
R08870,0,0.4323576391290629,Medium
R08872,0,0.43991176568232626,Medium
R08873,0,0.35446591508604214,Medium
R08874,0,0.40587717889274094,Medium
R08875,0,0.349211388439277,Medium
R08876,0,0.4095594004357015,Medium
R08877,0,0.39795735134583277,Medium
R08878,0,0.40710093890569415,Medium
R08879,0,0.3550033492625241,Medium
R08880,0,0.3900907921552262,Medium
R08881,0,0.40879133636657905,Medium
R08882,0,0.4754489100021543,Medium
R08883,1,0.5115507666465803,High
R08884,0,0.44157079393309234,Medium
R08885,0,0.37661954305763756,Medium
R08886,0,0.325912022903849,Medium
R08888,0,0.3735853683818076,Medium
R08890,0,0.3839507082684505,Medium
R08891,0,0.3374061321598345,Medium
R08892,0,0.3277945543331985,Medium
R08893,0,0.3846347964482046,Medium
R08894,0,0.4312774832863732,Medium
R08896,0,0.4024218955955834,Medium
R08897,0,0.4520216363928208,Medium
R08898,1,0.5613927902175994,High
R08899,0,0.43386197630591467,Medium
R08900,1,0.5067338558211303,High
R08901,0,0.4563750711854735,Medium
R08902,0,0.4244220024474628,Medium
R08903,0,0.34956185005488927,Medium
R08904,1,0.49619514941849224,Medium
R08905,0,0.3797653794637255,Medium
R08906,0,0.43407332925549835,Medium
R08907,0,0.39802850484980323,Medium
R08908,0,0.43057771424812735,Medium
R08909,0,0.40546284553912293,Medium
R08910,0,0.3277296713236381,Medium
R08911,0,0.32888013223088536,Medium
R08912,1,0.5242750552576997,High
R08913,0,0.3693242146247126,Medium
R08915,0,0.3655134428101588,Medium
R08916,0,0.4274741136748586,Medium
R08919,0,0.4860914824145528,Medium
R08920,0,0.42721423672650277,Medium
R08921,0,0.2935478588563628,Low
R08922,0,0.4098918118044216,Medium
R08923,0,0.362627830689251,Medium
R08924,0,0.441006450690444,Medium
R08926,0,0.4647401402199949,Medium
R08927,0,0.45090837697570435,Medium
R08928,0,0.41615231402774167,Medium
R08929,0,0.41549007277370786,Medium
R08930,0,0.4059704810496487,Medium
R08931,0,0.4375443185328685,Medium
R08932,0,0.4377300972699835,Medium
R08933,0,0.41793212649971173,Medium
R08934,0,0.3632255093482176,Medium
R08935,0,0.3586284677634891,Medium
R08936,0,0.46784245184197404,Medium
R08937,0,0.43841762011153274,Medium
R08939,0,0.4064056874964356,Medium
R08940,0,0.29259983533612943,Low
R08941,0,0.40439842327085396,Medium
R08942,0,0.43124529461343314,Medium
R08943,0,0.4395288309204165,Medium
R08944,0,0.4026174190178758,Medium
R08945,0,0.357080512632179,Medium
R08946,1,0.6278031645631235,High
R08947,0,0.4056001363709374,Medium
R08949,0,0.3667517667066618,Medium
R08950,0,0.4208615522230323,Medium
R08951,1,0.5487593532283654,High
R08952,0,0.43566325771411823,Medium
R08953,1,0.41485151104925466,Medium
R08954,0,0.394296566935057,Medium
R08955,0,0.45330594510266986,Medium
R08956,0,0.42469287580787357,Medium
R08957,0,0.40717996486498825,Medium
R08958,0,0.34805253398550257,Medium
R08959,1,0.5778509334447854,High
R08960,0,0.38657545397033455,Medium
R08961,0,0.4108753184745125,Medium
R08964,1,0.45525810409031126,Medium
R08965,0,0.4332647764170941,Medium
R08966,0,0.4395624349805516,Medium
R08967,0,0.34330520866629316,Medium
R08968,0,0.32444045573986025,Medium
R08969,0,0.38933973214602025,Medium
R08970,0,0.45380988676697925,Medium
R08971,0,0.41547972478434647,Medium
R08972,0,0.3760733435058615,Medium
R08973,0,0.42683073176587427,Medium
R08974,0,0.38522444838159275,Medium
R08975,0,0.4172408390224557,Medium
R08976,0,0.34001540596722174,Medium
R08977,0,0.4294947038758189,Medium
R08978,0,0.3768364380048414,Medium
R08979,0,0.4097105513350761,Medium
R08980,0,0.3966685780605054,Medium
R08981,0,0.41131487972282327,Medium
R08982,0,0.3600919642225143,Medium
R08983,0,0.3980230543815642,Medium
R08984,0,0.41284925174453496,Medium
R08985,0,0.31741161868288004,Medium
R08986,0,0.43177673464431315,Medium
R08988,0,0.3889246652541901,Medium
R08989,1,0.4617053187004969,Medium
R08990,0,0.3738853384116453,Medium
R08991,0,0.44346544113473674,Medium
R08992,0,0.43101300938012377,Medium
R08993,0,0.46524943012875014,Medium
R08994,1,0.5699359936419827,High
R08995,1,0.5437449761674157,High
R08996,0,0.4389592140329705,Medium
R08998,0,0.38240300803334926,Medium
R08999,0,0.37636638596885474,Medium
R09000,0,0.3861682521972963,Medium
R09001,0,0.5011087619011696,High
R09002,0,0.3347484817991269,Medium
R09003,0,0.31110448152596215,Medium
R09004,0,0.3832410968483312,Medium
R09005,0,0.4995313598591777,Medium
R09008,0,0.3329684192014413,Medium
R09009,0,0.36609159869763835,Medium
R09010,0,0.42652694803330915,Medium
R09011,0,0.410574062118623,Medium
R09012,0,0.3136017802974079,Medium
R09013,0,0.4484023030235567,Medium
R09014,0,0.43825392822779713,Medium
R09015,0,0.41221089176979353,Medium
R09016,0,0.4103835159905265,Medium
R09017,1,0.505397656471106,High
R09018,0,0.4534842061202459,Medium
R09019,0,0.33697562747377496,Medium
R09020,0,0.3843509259094356,Medium
R09021,0,0.48268275469765654,Medium
R09022,1,0.586530490398528,High
R09023,0,0.47932890639683867,Medium
R09024,0,0.4156930952761332,Medium
R09025,0,0.4185549761217148,Medium
R09026,0,0.3808179549971589,Medium
R09027,0,0.4238946377960204,Medium
R09030,0,0.47216644305780675,Medium
R09031,0,0.4262889257124683,Medium
R09032,0,0.4419302949903311,Medium
R09033,0,0.42385643391807876,Medium
R09034,0,0.369892477625774,Medium
R09035,0,0.38061624663169047,Medium
R09037,1,0.42645952815896765,Medium
R09038,0,0.3905967583911513,Medium
R09039,0,0.4117766757149168,Medium
R09040,0,0.3860406519887158,Medium
R09041,0,0.3913710139124313,Medium
R09042,0,0.3769973254745551,Medium
R09043,0,0.38021488612312554,Medium
R09044,0,0.43798980392766546,Medium
R09045,0,0.48719272038265443,Medium
R09046,0,0.38317265546511226,Medium
R09048,0,0.41617889582464357,Medium
R09049,0,0.4118274757044869,Medium
R09050,1,0.5426742106962665,High
R09051,0,0.45610003010235567,Medium
R09052,0,0.4268914122661191,Medium
R09053,0,0.3601007347309392,Medium
R09054,0,0.4249657242447485,Medium
R09055,0,0.3932679625871529,Medium
R09056,0,0.4143040841381071,Medium
R09057,0,0.40309379073327656,Medium
R09058,0,0.4485568262931887,Medium
R09059,0,0.43579712192152287,Medium
R09060,0,0.5007781331885748,High
R09061,0,0.5098042742809358,High
R09062,0,0.4083690953430392,Medium
R09063,0,0.4238465964594696,Medium
R09064,0,0.4703104919605208,Medium
R09065,1,0.48853616312882164,Medium
R09067,0,0.41627323123986204,Medium
R09068,0,0.36677707754404487,Medium
R09069,0,0.4079327311912606,Medium
R09070,0,0.4231985244623194,Medium
R09071,0,0.3312712680953187,Medium
R09072,0,0.4085244758608656,Medium
R09074,0,0.42680637300199303,Medium
R09075,1,0.5344547085589155,High
R09076,0,0.40648699446395997,Medium
R09077,0,0.37116578667456773,Medium
R09078,0,0.41675422602769724,Medium
R09079,0,0.47904863843555145,Medium
R09080,0,0.42137458345678025,Medium
R09081,0,0.47284223001394454,Medium
R09082,0,0.28334169969090156,Low
R09083,0,0.3618104719921733,Medium
R09084,0,0.42571719077466513,Medium
R09085,1,0.5097620033599306,High
R09086,0,0.3268508651990592,Medium
R09087,0,0.4062547766755318,Medium
R09088,0,0.43626724843231585,Medium
R09089,1,0.4452104374817558,Medium
R09090,0,0.33369194303533456,Medium
R09091,0,0.3885368720165341,Medium
R09092,0,0.403398970929458,Medium
R09093,0,0.5156622865777709,High
R09094,0,0.41617720841916195,Medium
R09095,0,0.33908554071720753,Medium
R09096,1,0.5296044109060017,High
R09097,1,0.4831640381560725,Medium
R09098,0,0.3942760724794712,Medium
R09099,0,0.3739511041070497,Medium
R09100,0,0.43024411887648617,Medium
R09101,0,0.4136429973397038,Medium
R09102,0,0.4350102284955079,Medium
R09104,0,0.45241575633556663,Medium
R09105,0,0.46122222510998445,Medium
R09106,0,0.43898105954453287,Medium
R09107,0,0.41430593780206104,Medium
R09108,0,0.3544486871644935,Medium
R09109,0,0.405915412504057,Medium
R09110,1,0.5459827274730193,High
R09112,1,0.4506164380474819,Medium
R09113,0,0.40123497451016976,Medium
R09114,0,0.413116372608886,Medium
R09115,0,0.4335813532340795,Medium
R09116,0,0.4078196740177074,Medium
R09117,0,0.39671317982528215,Medium
R09118,0,0.42894250317720006,Medium
R09119,0,0.363360802460493,Medium
R09120,0,0.4181075158884824,Medium
R09121,1,0.5199283568794155,High
R09122,0,0.4867353665192219,Medium
R09124,0,0.31933382047906733,Medium
R09125,0,0.442427604925711,Medium
R09126,0,0.35999022472419556,Medium
R09127,0,0.45415937656469596,Medium
R09128,0,0.48959712777717324,Medium
R09129,1,0.5307175620821958,High
R09130,0,0.4126502035132009,Medium
R09131,0,0.3797409250837991,Medium
R09132,0,0.3620904908199303,Medium
R09134,0,0.394694755765983,Medium
R09135,0,0.32253736860895776,Medium
R09136,0,0.38275747175978525,Medium
R09137,0,0.4023984887183707,Medium
R09138,0,0.39480332667547435,Medium
R09139,0,0.501562831734697,High
R09140,0,0.4240459278625544,Medium
R09141,0,0.36518317684523405,Medium
R09142,0,0.4617347671603853,Medium
R09143,0,0.4240234531271894,Medium
R09144,0,0.3827336763448506,Medium
R09145,0,0.35832035392848743,Medium
R09146,0,0.43241242890983095,Medium
R09147,0,0.4008245399968889,Medium
R09148,0,0.3791461027429812,Medium
R09149,0,0.3833915232638614,Medium
R09151,0,0.43901175562813427,Medium
R09152,1,0.5847080296673937,High
R09153,1,0.5368321377061651,High
R09154,0,0.4332520029768151,Medium
R09155,0,0.441827753790902,Medium
R09156,0,0.3890656333566018,Medium
R09157,0,0.4025873069947244,Medium
R09158,0,0.40576660641325496,Medium
R09160,0,0.3724003390486939,Medium
R09161,0,0.42946086271516476,Medium
R09162,0,0.40425278027876316,Medium
R09163,0,0.3857437184735044,Medium
R09164,0,0.4435658105585313,Medium
R09165,0,0.330803761316993,Medium
R09166,0,0.39058368117964387,Medium
R09167,0,0.42860997062952316,Medium
R09168,0,0.39896584287930226,Medium
R09169,0,0.4661136735124837,Medium
R09170,0,0.4510246940800487,Medium
R09171,0,0.3480152986769733,Medium
R09172,0,0.4522753643942093,Medium
R09174,0,0.40581202538221894,Medium
R09175,0,0.4553125293349882,Medium
R09176,0,0.38082030550618834,Medium
R09177,0,0.44174380921840617,Medium
R09179,1,0.5225493966640918,High
R09180,0,0.36911694529136013,Medium
R09181,0,0.3537043373993676,Medium
R09182,0,0.46652928133912314,Medium
R09183,0,0.37302016447119984,Medium
R09184,0,0.39051951611043845,Medium
R09185,0,0.4166199842254663,Medium
R09186,0,0.3647190360106321,Medium
R09187,0,0.41119974958806055,Medium
R09188,0,0.3225361100270528,Medium
R09189,0,0.3444963156692584,Medium
R09191,1,0.5436110642192851,High
R09192,1,0.5399599766386295,High
R09193,0,0.33885105947232447,Medium
R09194,0,0.3330055904478612,Medium
R09195,0,0.4800286384602521,Medium
R09196,1,0.3267450919433913,Medium
R09197,0,0.44341880088504854,Medium
R09198,0,0.4241328081284126,Medium
R09199,0,0.3958848756659707,Medium
R09200,0,0.42432302550006384,Medium
R09201,0,0.36544689440895317,Medium
R09202,0,0.3098139923842869,Medium
R09203,0,0.4619191579024772,Medium
R09204,0,0.3795074451967693,Medium
R09205,0,0.4207908710391443,Medium
R09206,1,0.5380571399094446,High
R09207,0,0.3826352506057642,Medium
R09208,0,0.3864498734076684,Medium
R09209,0,0.4655918252022498,Medium
R09210,0,0.4259194751094037,Medium
R09211,0,0.4140166834856612,Medium
R09212,0,0.3381005446098488,Medium
R09213,0,0.3324585361665631,Medium
R09214,0,0.33158746614985163,Medium
R09215,0,0.4484393945052353,Medium
R09216,0,0.43801758896185744,Medium
R09217,0,0.40532295132957585,Medium
R09218,0,0.4294309475691716,Medium
R09221,0,0.44046593186739696,Medium
R09222,0,0.43194633199781,Medium
R09223,0,0.32295505318924694,Medium
R09224,0,0.34159805782206104,Medium
R09225,0,0.38074216264555333,Medium
R09226,0,0.2951080306171441,Low
R09227,0,0.4035539847858665,Medium
R09228,0,0.4037475670762658,Medium
R09229,0,0.39747646575651957,Medium
R09230,0,0.4216608094263071,Medium
R09231,1,0.3806920164730051,Medium
R09233,0,0.49344400423868895,Medium
R09234,0,0.3881193275772655,Medium
R09235,0,0.3535315134108845,Medium
R09236,0,0.4514054123408433,Medium
R09237,0,0.3955489587503912,Medium
R09238,0,0.5070025608488902,High
R09239,0,0.4643411878381826,Medium
R09240,0,0.38251098410752987,Medium
R09241,0,0.33464597766898424,Medium
R09242,0,0.41677250015153744,Medium
R09243,1,0.6027071369488651,High
R09244,0,0.38494034132462374,Medium
R09245,0,0.36401896180013105,Medium
R09246,0,0.45603665488200995,Medium
R09247,0,0.4636581601231517,Medium
R09249,0,0.346098927600781,Medium
R09250,0,0.3871136503630383,Medium
R09251,0,0.3547643569322234,Medium
R09252,0,0.3717273527156153,Medium
R09253,0,0.3053528606329438,Medium
R09254,0,0.4541495029422576,Medium
R09256,0,0.4380614223046967,Medium
R09257,0,0.3871264103014432,Medium
R09259,0,0.36773298200355137,Medium
R09260,0,0.45179910926006167,Medium
R09261,0,0.35970892966898144,Medium
R09262,0,0.39997554935046353,Medium
R09263,1,0.3927399559235367,Medium
R09264,0,0.3631452408231974,Medium
R09265,0,0.30475480374027286,Medium
R09266,0,0.4555030801581372,Medium
R09267,0,0.39221422712380877,Medium
R09268,0,0.43918117412795354,Medium
R09269,1,0.5831567077092251,High
R09270,0,0.34317149612499764,Medium
R09271,0,0.41522239218596985,Medium
R09273,0,0.31859602303241813,Medium
R09276,0,0.44668954221405344,Medium
R09277,0,0.42639322905673216,Medium
R09278,0,0.4007841115369227,Medium
R09279,0,0.44206586610040355,Medium
R09280,1,0.5062110346945733,High
R09281,0,0.42798939473289793,Medium
R09282,1,0.501573842351941,High
R09284,0,0.4352367979898181,Medium
R09286,0,0.45249357021227965,Medium
R09288,0,0.4392033133299901,Medium
R09289,0,0.442643486234918,Medium
R09291,0,0.44485147155009414,Medium
R09292,0,0.46574575059720336,Medium
R09293,0,0.47899724260540544,Medium
R09295,0,0.4636966221638189,Medium
R09296,0,0.4331095650552168,Medium
R09298,0,0.4779818188139766,Medium
R09299,0,0.49323865601288397,Medium
R09300,0,0.3893787219683034,Medium
R09301,1,0.45593911387589187,Medium
R09302,0,0.43369192495710107,Medium
R09303,1,0.45724208264730976,Medium
R09304,0,0.38281832273713823,Medium
R09305,0,0.3634780054896595,Medium
R09306,0,0.3547720950973041,Medium
R09307,0,0.4522897024217542,Medium
R09308,0,0.35812406038455163,Medium
R09309,0,0.2661577785842256,Low
R09310,0,0.37017089979461815,Medium
R09311,0,0.4568019947427255,Medium
R09312,0,0.36989483750693836,Medium
R09313,0,0.4242774011123973,Medium
R09314,0,0.38974266162053245,Medium
R09315,0,0.4560575991929281,Medium
R09316,0,0.3771098202158145,Medium
R09317,0,0.39672550578193894,Medium
R09318,0,0.4174873644910844,Medium
R09319,0,0.3301551520580612,Medium
R09320,0,0.4492298491725388,Medium
R09321,0,0.47073993530603786,Medium
R09322,0,0.40159372775011365,Medium
R09323,0,0.3934626293596392,Medium
R09324,0,0.4131160604363576,Medium
R09325,0,0.4349982929184825,Medium
R09326,0,0.47760253853468476,Medium
R09327,0,0.39840823797109015,Medium
R09328,0,0.3622829814005217,Medium
R09329,0,0.41859535604182996,Medium
R09330,0,0.4396411887715695,Medium
R09331,0,0.4289199897529562,Medium
R09332,0,0.43302386052768604,Medium
R09333,0,0.39846196207458817,Medium
R09334,0,0.44470967671673206,Medium
R09335,1,0.5060862638918178,High
R09336,0,0.39691343238816196,Medium
R09337,0,0.40057351401078817,Medium
R09338,0,0.4080086871254697,Medium
R09339,0,0.3441152669436609,Medium
R09340,0,0.3769022377419677,Medium
R09341,0,0.4790346687729685,Medium
R09342,0,0.396631709967901,Medium
R09343,0,0.354893533962088,Medium
R09344,0,0.39115803930766146,Medium
R09345,0,0.42135797155104976,Medium
R09346,0,0.39511562585303245,Medium
R09347,0,0.4404600724916111,Medium
R09348,1,0.5367346088248032,High
R09349,0,0.35478469347600766,Medium
R09350,0,0.4127500459975817,Medium
R09351,0,0.3457586158369969,Medium
R09352,0,0.4438302050103929,Medium
R09353,0,0.42066075070002396,Medium
R09354,1,0.5046914204970069,High
R09355,0,0.5526964007485927,High
R09356,0,0.3741492007743697,Medium
R09357,0,0.37274749651320915,Medium
R09358,0,0.4250408790056161,Medium
R09360,0,0.3988393798084103,Medium
R09361,0,0.5256668037390465,High
R09362,0,0.39267184244229525,Medium
R09363,0,0.39461741583448573,Medium
R09364,0,0.3241636194953507,Medium
R09365,0,0.3816209217119521,Medium
R09366,0,0.4070203718646645,Medium
R09367,0,0.42256630494033254,Medium
R09368,0,0.443919479006379,Medium
R09369,1,0.5525064426571337,High
R09370,0,0.4132707287931327,Medium
R09371,1,0.4819543403310769,Medium
R09372,0,0.4382770711779477,Medium
R09373,0,0.34374879630727617,Medium
R09374,0,0.35384864328429133,Medium
R09375,0,0.4406856988588314,Medium
R09376,0,0.37532324411643403,Medium
R09377,1,0.5362128506288731,High
R09378,0,0.36749224287722804,Medium
R09379,0,0.3838363331768243,Medium
R09381,0,0.4238287947837964,Medium
R09383,1,0.4821360454862144,Medium
R09384,0,0.42630354491503747,Medium
R09385,0,0.41646593455231495,Medium
R09386,1,0.5315720344820202,High
R09387,0,0.37164784598943706,Medium
R09388,0,0.4021783286548499,Medium
R09389,0,0.43909883228714036,Medium
R09390,0,0.3828385434916589,Medium
R09391,0,0.38632550320297004,Medium
R09392,0,0.4055815821956076,Medium
R09393,0,0.4722881914967786,Medium
R09394,0,0.40415442326014106,Medium
R09395,0,0.4773129398687452,Medium
R09396,1,0.5000993320777735,High
R09397,0,0.369058789275205,Medium
R09398,0,0.5103383147904563,High
R09399,0,0.44051929951985647,Medium
R09400,0,0.3196625472693794,Medium
R09401,1,0.5141365796192957,High
R09402,0,0.3877294359918506,Medium
R09403,0,0.4380922149977746,Medium
R09404,0,0.3957265495143281,Medium
R09405,0,0.34031475532065003,Medium
R09406,0,0.41082337962509163,Medium
R09407,0,0.4547775138018359,Medium
R09408,0,0.45516702153743904,Medium
R09409,1,0.4860140090692434,Medium
R09411,0,0.4443452127005832,Medium
R09412,0,0.42060234947996383,Medium
R09413,0,0.4237307178300918,Medium
R09414,0,0.3708252424457201,Medium
R09415,0,0.41529364810399244,Medium
R09416,0,0.40444053093458093,Medium
R09417,1,0.4132669213846787,Medium
R09418,0,0.3655722737852977,Medium
R09419,0,0.43286743043700154,Medium
R09420,0,0.4707261036526582,Medium
R09421,0,0.3592840040111706,Medium
R09422,0,0.4558604773573131,Medium
R09423,0,0.3650593570352395,Medium
R09424,0,0.3578894146079446,Medium
R09426,0,0.4268095762300866,Medium
R09427,1,0.5204062710194893,High
R09428,0,0.3623721122944037,Medium
R09429,0,0.3663086733680094,Medium
R09430,0,0.33279655393865787,Medium
R09431,0,0.3083068907476423,Medium
R09432,0,0.4157216753496737,Medium
R09433,0,0.3249051262381923,Medium
R09434,0,0.4081510614141668,Medium
R09435,0,0.4109213113433291,Medium
R09436,0,0.464384808052954,Medium
R09437,0,0.43114407804322147,Medium
R09438,0,0.35956839660990686,Medium
R09439,0,0.4251437796131532,Medium
R09440,0,0.3408204458577042,Medium
R09441,0,0.44543695246297843,Medium
R09442,0,0.35923333597482004,Medium
R09443,0,0.39316728295725034,Medium
R09444,1,0.4156608918136107,Medium
R09445,0,0.42261833276388755,Medium
R09446,0,0.37148524456027915,Medium
R09447,0,0.3860363499643333,Medium
R09448,0,0.4898631527832642,Medium
R09449,0,0.4589958249673887,Medium
R09450,0,0.2956937454188656,Low
R09451,0,0.3598467046774834,Medium
R09452,0,0.3766487082224328,Medium
R09453,0,0.386663938749745,Medium
R09454,0,0.39464187679126267,Medium
R09455,0,0.3389345738814459,Medium
R09456,0,0.4186863370061161,Medium
R09457,0,0.44954552341938664,Medium
R09458,0,0.41230023039764113,Medium
R09459,0,0.37963463982254625,Medium
R09460,0,0.44011879927516817,Medium
R09461,1,0.5548593004012413,High
R09462,0,0.38368178782605183,Medium
R09463,0,0.4712040149639293,Medium
R09464,0,0.39003760467074217,Medium
R09465,0,0.5090972328182326,High
R09466,0,0.361644199403899,Medium
R09467,0,0.428952588717527,Medium
R09468,0,0.4021640002533258,Medium
R09469,0,0.46699308466887296,Medium
R09470,0,0.4353453190498613,Medium
R09471,0,0.393226428473201,Medium
R09472,0,0.4139944136519988,Medium
R09473,1,0.5565586651112655,High
R09474,0,0.4414272630077383,Medium
R09475,0,0.34935257791505137,Medium
R09476,0,0.4548727608283292,Medium
R09477,0,0.3705686464936618,Medium
R09479,0,0.40077943061054677,Medium
R09480,0,0.3516473817718999,Medium
R09481,0,0.35626240472018755,Medium
R09482,0,0.3431133544626295,Medium
R09483,0,0.45683429375783613,Medium
R09484,0,0.3506857516759251,Medium
R09485,0,0.42224237410976145,Medium
R09486,0,0.43914710290818926,Medium
R09487,0,0.3724912899416759,Medium
R09488,0,0.34225351272570026,Medium
R09489,0,0.39562326696205186,Medium
R09491,0,0.3734104471918707,Medium
R09492,0,0.4063525964617289,Medium
R09494,0,0.41064742648579367,Medium
R09495,0,0.44603697419265365,Medium
R09496,0,0.42768921633273144,Medium
R09499,0,0.40725367363496917,Medium
R09500,0,0.4467544737738733,Medium
R09501,1,0.5567077632416565,High
R09503,0,0.24059560007456393,Low
R09505,1,0.5552506379865164,High
R09506,0,0.3655251122268336,Medium
R09507,0,0.3782838681429773,Medium
R09508,0,0.4752483294330468,Medium
R09509,0,0.4047303990480765,Medium
R09510,0,0.4356250407059414,Medium
R09511,1,0.5306002669194827,High
R09512,1,0.4355010647617745,Medium
R09513,0,0.41405697170747546,Medium
R09514,0,0.41828748874380245,Medium
R09515,0,0.33381499483527244,Medium
R09516,0,0.35568192110051605,Medium
R09517,0,0.38742134574371506,Medium
R09518,0,0.41091354280159664,Medium
R09519,1,0.5353948674506266,High
R09520,0,0.41598721512205244,Medium
R09521,1,0.4966424411640866,Medium
R09522,0,0.4081868004835353,Medium
R09523,0,0.4145177106756727,Medium
R09524,0,0.3957500199778307,Medium
R09525,0,0.3456169668060784,Medium
R09527,0,0.410724744646018,Medium
R09528,0,0.3922035209722656,Medium
R09529,0,0.3621848663652474,Medium
R09530,0,0.3927423944855171,Medium
R09531,0,0.44153270076549433,Medium
R09532,0,0.3681243798170514,Medium
R09533,0,0.41889752498321636,Medium
R09534,0,0.3850513830184014,Medium
R09535,0,0.35707009581478316,Medium
R09536,0,0.4167681379614466,Medium
R09537,0,0.3359730208731663,Medium
R09538,1,0.3775392195951005,Medium
R09539,1,0.49370208514324093,Medium
R09540,0,0.43740772658694993,Medium
R09541,0,0.35223719207298565,Medium
R09542,0,0.3140454391811192,Medium
R09543,0,0.41874521139858084,Medium
R09544,0,0.3897499784316226,Medium
R09545,0,0.389957614015378,Medium
R09546,0,0.39568403764656324,Medium
R09547,0,0.4321369462391469,Medium
R09548,0,0.40132586586973445,Medium
R09549,0,0.3761127104151042,Medium
R09550,0,0.3669158088744588,Medium
R09551,0,0.33954247500639434,Medium
R09552,0,0.3550596623349685,Medium
R09553,0,0.3201007424252888,Medium
R09554,0,0.31069994613885776,Medium
R09555,0,0.35979252903352504,Medium
R09556,0,0.3716787243904619,Medium
R09558,0,0.4408460313616208,Medium
R09559,0,0.4640662674011594,Medium
R09560,0,0.4160267171296759,Medium
R09561,0,0.41387255917790405,Medium
R09562,0,0.46113146511376046,Medium
R09563,0,0.3874350432174903,Medium
R09564,0,0.46887300150680294,Medium
R09565,0,0.4566286876395936,Medium
R09566,0,0.34713676639243735,Medium
R09567,0,0.3880363573341322,Medium
R09568,0,0.3618181347517073,Medium
R09569,0,0.4234705358974336,Medium
R09570,0,0.35620615016873314,Medium
R09572,0,0.35933149098930967,Medium
R09573,0,0.41002691663250646,Medium
R09574,0,0.3845729044965783,Medium
R09575,0,0.43487145878466393,Medium
R09576,0,0.35493115139576253,Medium
R09577,0,0.4144464380683217,Medium
R09578,1,0.5846348267596774,High
R09579,0,0.40631664815058516,Medium
R09580,0,0.41506243577946383,Medium
R09581,0,0.3842389957626192,Medium
R09582,0,0.4189991737453762,Medium
R09583,0,0.4636932376480164,Medium
R09584,0,0.3862294220058996,Medium
R09585,0,0.4578558442291713,Medium
R09586,0,0.3668614281858302,Medium
R09587,0,0.4740036503324868,Medium
R09588,0,0.41274575424088633,Medium
R09589,0,0.398735369721235,Medium
R09590,1,0.543178050028448,High
R09591,0,0.42876521994186384,Medium
R09592,0,0.37775978554495154,Medium
R09593,0,0.35723972378719376,Medium
R09594,0,0.42155194769107274,Medium
R09595,0,0.37069171417143415,Medium
R09596,0,0.41052144080453684,Medium
R09597,0,0.4030682152201115,Medium
R09598,0,0.399265058013089,Medium
R09599,0,0.46634017101674985,Medium
R09600,0,0.38921115521204475,Medium
R09601,0,0.3199031973496958,Medium
R09602,0,0.38727712363316513,Medium
R09603,0,0.3955172640143102,Medium
R09604,0,0.35122893398436017,Medium
R09605,0,0.4015533773722938,Medium
R09606,0,0.39249157212246055,Medium
R09608,0,0.44473663811621994,Medium
R09609,0,0.3746149147539031,Medium
R09610,0,0.41610741512780053,Medium
R09611,0,0.38481695093926616,Medium
R09612,0,0.36968686546980206,Medium
R09613,0,0.36424415298511653,Medium
R09614,0,0.40984235583741735,Medium
R09615,0,0.4207758773580242,Medium
R09616,0,0.40194886696996746,Medium
R09617,1,0.45635612118789576,Medium
R09618,0,0.40616689047671783,Medium
R09619,0,0.4401108615750284,Medium
R09620,0,0.42464275418683284,Medium
R09621,0,0.3900288620673419,Medium
R09622,0,0.4148585233094645,Medium
R09623,0,0.48466172604741137,Medium
R09625,0,0.37982427863950347,Medium
R09626,0,0.37924925509224877,Medium
R09627,0,0.4123231305845846,Medium
R09628,0,0.3729722824192293,Medium
R09629,0,0.3825563124671983,Medium
R09630,0,0.3754645275589691,Medium
R09631,0,0.31282621269230276,Medium
R09632,0,0.3942674688259091,Medium
R09633,0,0.45796324918995635,Medium
R09634,0,0.44340292375843915,Medium
R09635,0,0.3909774714311024,Medium
R09636,0,0.30739588209588653,Medium
R09637,0,0.3767727448828178,Medium
R09638,0,0.434921092064904,Medium
R09640,0,0.38759931438110695,Medium
R09641,0,0.39971623575251897,Medium
R09642,0,0.3768072505701263,Medium
R09643,0,0.4743127615100046,Medium
R09644,0,0.5247031958888903,High
R09645,0,0.36506292852863714,Medium
R09646,0,0.41350616793860745,Medium
R09647,0,0.41893112726920056,Medium
R09648,0,0.3604240994276768,Medium
R09649,1,0.5650285544085307,High
R09650,0,0.39369800833991436,Medium
R09651,0,0.3958219550715145,Medium
R09652,0,0.33387977085328,Medium
R09653,1,0.5089966256870957,High
R09654,0,0.3919453366384542,Medium
R09655,0,0.4590331325486823,Medium
R09656,0,0.4525990504405052,Medium
R09658,0,0.46025659454347384,Medium
R09659,0,0.3971942422472475,Medium
R09660,0,0.34685689979784196,Medium
R09661,0,0.4870846283514723,Medium
R09664,0,0.3590553652925408,Medium
R09666,0,0.4168551189742386,Medium
R09667,0,0.4390943782973368,Medium
R09668,0,0.3179979232740522,Medium
R09669,0,0.39064273863089566,Medium
R09670,0,0.43825897798171803,Medium
R09671,0,0.36922140717594387,Medium
R09672,0,0.39658032765895507,Medium
R09673,0,0.4224181585903283,Medium
R09674,0,0.4048053421072826,Medium
R09675,0,0.45640831981328,Medium
R09676,0,0.3852482532356025,Medium
R09677,1,0.5628421355194475,High
R09678,0,0.3623667409042146,Medium
R09679,0,0.43921380599042936,Medium
R09680,1,0.48327012660990853,Medium
R09681,0,0.4370456264918182,Medium
R09682,0,0.3614738873262049,Medium
R09683,0,0.4804147945278696,Medium
R09684,0,0.40178984529735595,Medium
R09685,0,0.285705816419086,Low
R09687,0,0.3904010741917918,Medium
R09688,0,0.3980736562901136,Medium
R09689,0,0.4384579315598327,Medium
R09690,0,0.44608320788070943,Medium
R09691,0,0.43301051049358913,Medium
R09692,1,0.3901012534593011,Medium
R09693,0,0.3089826142591766,Medium
R09694,0,0.4589818132406366,Medium
R09695,1,0.5929222178566356,High
R09696,0,0.36414909885748625,Medium
R09697,0,0.4556341592732634,Medium
R09698,0,0.38617294919563816,Medium
R09699,0,0.4143169749592752,Medium
R09700,0,0.40198390663911104,Medium
R09701,0,0.38796769808944964,Medium
R09702,0,0.44687105095692503,Medium
R09703,1,0.3804433292178534,Medium
R09705,0,0.45930603927397423,Medium
R09706,0,0.3806459971407017,Medium
R09707,0,0.3560714314212957,Medium
R09708,0,0.43907111602223936,Medium
R09709,0,0.44890285506388017,Medium
R09710,0,0.3748690901173582,Medium
R09712,0,0.2851860882850803,Low
R09713,0,0.39663563584479566,Medium
R09714,0,0.4007567408021277,Medium
R09716,0,0.4228886562395355,Medium
R09717,0,0.44915821179502124,Medium
R09718,0,0.3762795913586335,Medium
R09719,1,0.5286709722057619,High
R09720,0,0.364906472160121,Medium
R09722,0,0.4043075739177125,Medium
R09723,0,0.4087126806354918,Medium
R09724,0,0.4252535117178601,Medium
R09725,0,0.39916199413953285,Medium
R09726,0,0.44281394646022937,Medium
R09727,0,0.43682343460338935,Medium
R09728,0,0.40322942367027714,Medium
R09729,0,0.41375422166606446,Medium
R09730,0,0.29689851667783357,Low
R09731,0,0.46966124505403306,Medium
R09732,0,0.3958341684615152,Medium
R09733,0,0.42466198910922826,Medium
R09734,0,0.35139967748471285,Medium
R09735,0,0.42276424727570094,Medium
R09736,0,0.3626947230413372,Medium
R09737,1,0.5446955232008559,High
R09738,1,0.5174434134155094,High
R09739,0,0.4023988475976942,Medium
R09740,0,0.39855187291133026,Medium
R09741,0,0.35857619036783966,Medium
R09743,0,0.376243072127941,Medium
R09744,0,0.3448569495073305,Medium
R09745,0,0.37363043332866835,Medium
R09746,0,0.38757073339032044,Medium
R09748,0,0.38330300719009197,Medium
R09749,0,0.44895726048323903,Medium
R09750,0,0.4220012683663781,Medium
R09751,0,0.40982292380698715,Medium
R09752,0,0.4064674217092719,Medium
R09754,0,0.45681531548123877,Medium
R09755,0,0.44623285826686937,Medium
R09756,0,0.40970556000292213,Medium
R09757,0,0.4290646044512305,Medium
R09758,0,0.36009982827725523,Medium
R09759,0,0.40181741118286673,Medium
R09760,0,0.43346752799370214,Medium
R09761,0,0.4208753085163538,Medium
R09762,0,0.44120830608098943,Medium
R09763,1,0.5313257748933707,High
R09764,0,0.42401227581356676,Medium
R09765,1,0.4927212013013578,Medium
R09766,0,0.3487791911162808,Medium
R09767,0,0.40226179027263237,Medium
R09768,0,0.47253801095027187,Medium
R09769,0,0.38709531326580715,Medium
R09770,0,0.48681631263795844,Medium
R09771,0,0.44207226527431454,Medium
R09772,0,0.4235847731379813,Medium
R09773,0,0.36223549508345537,Medium
R09774,0,0.38200259136888465,Medium
R09775,0,0.34492520248500946,Medium
R09776,0,0.31334627867030895,Medium
R09777,0,0.40344789589499164,Medium
R09779,0,0.35359833587206535,Medium
R09780,0,0.3663340465628769,Medium
R09781,0,0.3744149484667737,Medium
R09782,0,0.434858171401358,Medium
R09783,0,0.3466338962090825,Medium
R09784,0,0.45220324606911677,Medium
R09785,1,0.5455070576561996,High
R09786,1,0.581766205510974,High
R09787,0,0.395690932262707,Medium
R09788,0,0.36931449550799633,Medium
R09789,0,0.3654493098503873,Medium
R09790,0,0.4302273614449845,Medium
R09791,0,0.41020089062912796,Medium
R09792,0,0.43709451151744666,Medium
R09793,0,0.33162484199022446,Medium
R09794,0,0.3872967235170044,Medium
R09795,1,0.5407230801188704,High
R09796,0,0.3916812309218387,Medium
R09797,0,0.4090605938184749,Medium
R09798,0,0.39095644722072914,Medium
R09799,0,0.33815392380472126,Medium
R09800,0,0.38777032723230465,Medium
R09801,0,0.34370238690304966,Medium
R09803,0,0.33534989361133705,Medium
R09804,0,0.3132603948009236,Medium
R09805,0,0.4205380026527783,Medium
R09806,0,0.3557171784642956,Medium
R09807,0,0.36281484115864293,Medium
R09808,0,0.5211626369830847,High
R09809,0,0.45508112306070475,Medium
R09810,0,0.41742295781653127,Medium
R09811,0,0.35576658375760184,Medium
R09812,1,0.5629467018969762,High
R09813,0,0.387303749859316,Medium
R09814,0,0.3753162584477681,Medium
R09815,0,0.43024606067893456,Medium
R09816,0,0.35358406317237123,Medium
R09817,0,0.3990838074597828,Medium
R09819,0,0.40641624295400697,Medium
R09820,0,0.43500512452590895,Medium
R09821,0,0.3769282853841833,Medium
R09822,0,0.37431741280604586,Medium
R09823,0,0.4078143482796375,Medium
R09824,0,0.48151686664169063,Medium
R09825,0,0.32312376057088477,Medium
R09827,0,0.3715661337044209,Medium
R09829,0,0.4767460831556516,Medium
R09830,0,0.37690153479759453,Medium
R09831,0,0.4115669493506981,Medium
R09832,0,0.4233639465942869,Medium
R09833,0,0.4020078075652526,Medium
R09835,1,0.4536323088849217,Medium
R09836,1,0.4842959123150503,Medium
R09837,0,0.4188302235086885,Medium
R09838,0,0.33253342934581953,Medium
R09839,0,0.44235536235980516,Medium
R09840,0,0.3667624396551319,Medium
R09841,0,0.3869334927582564,Medium
R09842,0,0.40398089326809755,Medium
R09843,0,0.4019858148658741,Medium
R09844,0,0.39634941328519757,Medium
R09845,0,0.3949174131830502,Medium
R09846,0,0.3990400540436284,Medium
R09847,0,0.3749378327305029,Medium
R09848,1,0.5510592432267085,High
R09849,0,0.254842822611766,Low
R09850,0,0.3542803970023738,Medium
R09851,0,0.39945762506021487,Medium
R09852,0,0.4720811848911163,Medium
R09853,0,0.47582706125582475,Medium
R09854,0,0.44300266487482354,Medium
R09855,0,0.46126076626853146,Medium
R09856,0,0.3024868266258539,Medium
R09857,1,0.4364625271551006,Medium
R09858,0,0.39747801498464524,Medium
R09861,0,0.3956389959654663,Medium
R09862,0,0.42312015480810117,Medium
R09863,0,0.4088120531799657,Medium
R09865,0,0.499028685154418,Medium
R09866,0,0.41938271120488546,Medium
R09867,0,0.4227286972456744,Medium
R09868,0,0.4303669637867623,Medium
R09869,0,0.39992683880058005,Medium
R09870,0,0.36800679288576105,Medium
R09871,0,0.3970150032059845,Medium
R09872,0,0.36674098600628874,Medium
R09873,0,0.3551692345053041,Medium
R09874,0,0.3514962660218744,Medium
R09875,0,0.40161949160027577,Medium
R09876,0,0.3173088829821291,Medium
R09877,0,0.49588846005862236,Medium
R09878,0,0.3999229440691971,Medium
R09879,0,0.3401402528308808,Medium
R09880,0,0.4339803365808767,Medium
R09882,0,0.387756997548135,Medium
R09883,1,0.37881340251096574,Medium
R09884,1,0.5205286018876089,High
R09885,0,0.37295433651685345,Medium
R09886,0,0.3430983240979939,Medium
R09887,0,0.3742378600827471,Medium
R09888,0,0.4632735110336486,Medium
R09889,0,0.374273358843539,Medium
R09890,0,0.4723590313332472,Medium
R09891,0,0.4306097697083209,Medium
R09892,0,0.3823543059785526,Medium
R09893,0,0.3754672576295921,Medium
R09894,0,0.3370153240816859,Medium
R09895,0,0.4091407722679359,Medium
R09896,0,0.33986060810761204,Medium
R09897,0,0.3381612252248466,Medium
R09898,0,0.4355679638621488,Medium
R09900,1,0.5814996010132389,High
R09901,0,0.43545074236491826,Medium
R09902,0,0.4255297498947536,Medium
R09904,0,0.40552318565321277,Medium
R09905,0,0.41222745133133953,Medium
R09906,0,0.4610898851390201,Medium
R09907,0,0.4237154158328357,Medium
R09908,1,0.5767853833189026,High
R09909,0,0.38074301716123005,Medium
R09910,0,0.40402096725887277,Medium
R09911,0,0.42370053171534855,Medium
R09912,0,0.3582484550230447,Medium
R09913,0,0.35647769063493057,Medium
R09915,0,0.36447027439216895,Medium
R09916,1,0.5788801465639616,High
R09917,1,0.43209477408457775,Medium
R09918,0,0.3605407222445609,Medium
R09919,0,0.4309963826313893,Medium
R09921,0,0.4474780340577344,Medium
R09922,0,0.37649002176733776,Medium
R09923,0,0.4200549495773364,Medium
R09924,0,0.4332620533800574,Medium
R09925,0,0.3531290186843886,Medium
R09926,0,0.4431890946140314,Medium
R09927,0,0.3783060582070281,Medium
R09928,0,0.39380300404708,Medium
R09929,0,0.38902413482282994,Medium
R09930,1,0.4972262873025627,Medium
R09931,0,0.4953841723231393,Medium
R09932,1,0.372696854494697,Medium
R09933,0,0.4112297709256248,Medium
R09934,0,0.4912329307350383,Medium
R09935,0,0.384085673946888,Medium
R09936,0,0.3119127581596497,Medium
R09938,0,0.41571630411850646,Medium
R09939,0,0.4501239829423504,Medium
R09940,0,0.4119396586008574,Medium
R09941,0,0.35944766300396663,Medium
R09942,0,0.4427069704376748,Medium
R09944,0,0.42249847669675966,Medium
R09945,0,0.3706518558172372,Medium
R09946,0,0.4156287180338555,Medium
R09947,0,0.36546410643187904,Medium
R09948,0,0.43630019938064313,Medium
R09949,0,0.43004955945590867,Medium
R09951,0,0.44767446024963276,Medium
R09952,1,0.36566388109684683,Medium
R09953,0,0.38885980328644904,Medium
R09954,0,0.4254112356777105,Medium
R09955,0,0.40171101648491325,Medium
R09956,0,0.4482513646061659,Medium
R09957,0,0.40067810231972034,Medium
R09959,0,0.4193439930166059,Medium
R09960,1,0.43411503436094384,Medium
R09961,0,0.4273514805067573,Medium
R09962,0,0.41087450080629023,Medium
R09963,0,0.31756612436163695,Medium
R09964,0,0.4278450754917996,Medium
R09965,1,0.5026722099463052,High
R09966,0,0.32556124146675147,Medium
R09967,0,0.4373147644518021,Medium
R09968,0,0.3474651085960421,Medium
R09969,0,0.4115163605232474,Medium
R09970,0,0.37798264440505713,Medium
R09972,0,0.31305087305853246,Medium
R09973,0,0.42349900642496685,Medium
R09974,0,0.432740983606575,Medium
R09975,0,0.402597094834768,Medium
R09976,0,0.3983615831190908,Medium
R09977,0,0.44743062473512873,Medium
R09978,1,0.5254754982482648,High
R09979,0,0.41868662492657116,Medium
R09980,0,0.42804108007808345,Medium
R09981,0,0.43799894680971113,Medium
R09982,0,0.3928565657974017,Medium
R09984,0,0.4137677897305806,Medium
R09985,0,0.35547397696852057,Medium
R09986,0,0.5043301608799906,High
R09987,1,0.479817611192761,Medium
R09988,0,0.43056193739400606,Medium
R09989,0,0.44419914098274454,Medium
R09990,0,0.37967215140980026,Medium
R09991,0,0.4236655892752054,Medium
R09992,0,0.43851961270384004,Medium
R09993,0,0.45199750899788904,Medium
R09994,0,0.36705579488640383,Medium
R09996,0,0.3920839088223174,Medium
R09998,0,0.41641733957200183,Medium
