user_id,signup_date,loyalty_status,age,city,avg_rating_given,churned,was_referred
R00000,2025-01-24,Bronze,35,Nairobi,5.0,0,1
R00001,2024-09-09,Bronze,35,Nairobi,4.7,1,0
R00002,2024-09-07,Bronze,47,Lagos,4.2,1,0
R00003,2025-03-17,Bronze,42,Nairobi,4.9,0,0
R00004,2024-08-20,Silver,41,Lagos,3.9,0,1
R00005,2023-07-10,Bronze,40,Lagos,5.0,0,0
R00006,2023-08-17,Gold,44,Lagos,4.4,0,1
R00007,2023-05-13,Bronze,27,Nairobi,4.9,0,0
R00008,2025-04-02,Bronze,30,Nairobi,5.0,0,1
R00009,2023-07-01,Bronze,24,Lagos,4.6,0,0
R00010,2024-04-30,Bronze,41,Nairobi,4.3,0,0
R00011,2025-04-15,Gold,37,Cairo,4.0,0,1
R00012,2023-10-28,Gold,38,Cairo,4.6,0,0
R00013,2023-07-02,Bronze,40,Cairo,4.2,0,0
R00014,2023-09-03,Bronze,45,Nairobi,5.0,0,0
R00015,2025-01-15,Gold,18,Nairobi,5.0,0,1
R00016,2024-05-04,Gold,32,Nairobi,3.9,0,1
R00017,2023-05-02,Gold,25,Lagos,4.2,0,0
R00018,2025-04-19,Gold,51,Nairobi,4.4,0,0
R00019,2025-02-27,Bronze,34,Lagos,4.5,0,0
R00020,2023-07-19,Bronze,18,Cairo,4.9,0,1
R00021,2024-08-14,Bronze,43,Cairo,4.9,0,0
R00022,2025-01-30,Bronze,45,Lagos,4.7,0,0
R00023,2024-09-15,Bronze,51,Lagos,4.6,0,1
R00024,2025-04-16,Gold,41,Nairobi,4.4,0,1
R00025,2023-10-24,Bronze,46,Cairo,3.8,0,1
R00026,2024-08-08,Bronze,19,Lagos,4.7,0,0
R00027,2023-07-13,Silver,35,Cairo,4.7,0,1
R00028,2025-03-15,Silver,42,Cairo,4.9,0,0
R00029,2023-12-25,Bronze,23,Lagos,4.8,0,1
R00030,2024-09-05,Bronze,46,Lagos,4.1,0,1
R00031,2024-03-19,Bronze,30,Lagos,4.1,0,0
R00032,2024-09-21,Bronze,35,Nairobi,5.0,0,0
R00033,2024-02-21,Bronze,25,Cairo,4.6,0,1
R00034,2024-06-08,Silver,45,Nairobi,3.1,0,0
R00035,2025-01-25,Bronze,36,Nairobi,4.7,0,0
R00036,2024-05-04,Bronze,31,Lagos,3.9,0,0
R00037,2024-03-03,Gold,39,Nairobi,3.9,0,0
R00038,2023-12-12,Silver,32,Nairobi,5.0,0,0
R00039,2024-09-04,Bronze,44,Nairobi,4.5,1,0
R00040,2024-07-28,Silver,28,Cairo,3.9,0,0
R00041,2023-12-18,Bronze,35,Lagos,3.7,0,0
R00042,2023-10-05,Bronze,18,Lagos,3.9,0,0
R00043,2024-09-30,Bronze,31,Nairobi,3.7,0,0
R00044,2024-11-24,Bronze,32,Cairo,4.7,0,0
R00045,2024-12-13,Bronze,26,Nairobi,4.8,0,0
R00046,2023-12-15,Bronze,38,Cairo,4.7,0,0
R00047,2024-05-04,Bronze,38,Nairobi,3.9,0,0
R00048,2024-04-26,Bronze,18,Nairobi,4.5,1,0
R00049,2024-01-12,Silver,47,Lagos,4.7,0,0
R00050,2023-11-28,Bronze,48,Lagos,5.0,0,0
R00051,2024-05-03,Bronze,34,Nairobi,4.3,0,1
R00052,2023-12-29,Bronze,18,Nairobi,4.7,1,1
R00053,2024-01-03,Bronze,43,Cairo,4.7,0,0
R00054,2024-03-08,Silver,26,Nairobi,5.0,0,1
R00055,2024-10-04,Bronze,31,Lagos,4.1,1,0
R00056,2024-01-28,Bronze,23,Cairo,5.0,0,1
R00057,2025-04-04,Bronze,39,Lagos,4.8,0,0
R00058,2023-10-12,Gold,35,Nairobi,5.0,0,0
R00059,2025-04-07,Bronze,37,Lagos,4.1,0,1
R00060,2024-12-14,Bronze,40,Lagos,4.7,0,1
R00061,2024-07-10,Bronze,35,Cairo,4.1,0,0
R00062,2023-09-24,Silver,30,Cairo,4.9,0,1
R00063,2025-03-17,Bronze,38,Cairo,3.6,0,0
R00064,2024-07-16,Silver,38,Lagos,4.5,0,0
R00065,2024-04-10,Silver,45,Cairo,4.7,0,0
R00066,2023-12-26,Bronze,44,Cairo,4.6,0,0
R00067,2024-07-12,Platinum,32,Lagos,4.6,0,1
R00068,2024-07-23,Silver,18,Nairobi,4.2,0,0
R00069,2025-02-13,Bronze,20,Nairobi,3.8,0,1
R00070,2024-06-03,Bronze,44,Nairobi,5.0,0,0
R00071,2023-05-23,Bronze,18,Cairo,4.1,0,1
R00072,2024-03-16,Gold,45,Cairo,4.3,0,0
R00073,2023-11-10,Silver,45,Nairobi,5.0,0,0
R00074,2024-05-27,Silver,51,Nairobi,4.7,0,0
R00075,2023-10-10,Bronze,53,Lagos,4.6,1,1
R00076,2025-04-11,Bronze,35,Nairobi,5.0,0,0
R00077,2023-08-13,Silver,40,Nairobi,4.3,0,0
R00078,2024-05-07,Bronze,43,Cairo,4.1,0,0
R00079,2024-08-20,Silver,53,Cairo,4.6,1,1
R00080,2024-08-27,Silver,41,Nairobi,4.0,0,0
R00081,2023-06-20,Bronze,33,Nairobi,4.6,0,1
R00082,2024-04-20,Silver,24,Nairobi,3.7,0,1
R00083,2023-10-02,Bronze,25,Lagos,5.0,0,1
R00084,2025-01-28,Gold,25,Nairobi,4.6,0,0
R00085,2024-03-20,Silver,35,Lagos,4.5,0,0
R00086,2023-06-11,Bronze,35,Lagos,5.0,0,0
R00087,2023-10-12,Silver,23,Nairobi,4.3,1,0
R00088,2024-07-23,Silver,49,Nairobi,3.8,0,0
R00089,2024-07-22,Bronze,38,Lagos,4.6,0,0
R00090,2023-11-09,Gold,37,Lagos,4.0,0,0
R00091,2024-08-08,Silver,44,Nairobi,4.3,0,0
R00092,2023-08-03,Bronze,20,Cairo,4.4,0,0
R00093,2025-02-21,Bronze,35,Nairobi,4.5,0,0
R00094,2023-08-01,Silver,35,Nairobi,5.0,0,0
R00095,2024-08-24,Bronze,39,Nairobi,3.8,0,1
R00096,2024-10-09,Gold,18,Nairobi,4.7,0,1
R00097,2023-11-23,Bronze,26,Cairo,5.0,0,0
R00098,2024-04-25,Bronze,37,Nairobi,4.5,0,0
R00099,2024-09-03,Bronze,35,Lagos,5.0,1,1
R00100,2023-12-30,Bronze,38,Nairobi,4.5,0,1
R00101,2023-11-06,Silver,44,Nairobi,3.7,0,0
R00102,2023-11-01,Silver,38,Cairo,4.4,0,0
R00103,2025-02-27,Silver,23,Lagos,4.5,0,0
R00104,2024-04-22,Silver,27,Nairobi,4.2,0,0
R00105,2024-06-30,Gold,45,Cairo,4.6,0,1
R00106,2024-04-13,Bronze,39,Cairo,5.0,0,0
R00107,2025-04-04,Bronze,30,Lagos,4.5,0,0
R00108,2024-04-24,Bronze,24,Lagos,4.5,0,1
R00109,2024-10-19,Gold,46,Lagos,3.9,0,0
R00110,2024-03-12,Bronze,32,Lagos,3.9,0,1
R00111,2024-03-25,Silver,30,Cairo,4.8,0,1
R00112,2024-08-02,Silver,38,Lagos,4.2,0,0
R00113,2024-06-24,Bronze,29,Lagos,4.9,0,0
R00114,2025-02-13,Bronze,42,Cairo,4.7,0,1
R00115,2025-02-16,Bronze,40,Lagos,4.4,0,0
R00116,2024-01-19,Silver,22,Cairo,5.0,0,1
R00117,2024-04-10,Bronze,36,Lagos,4.4,0,1
R00118,2025-01-08,Silver,37,Cairo,4.5,0,0
R00119,2023-06-21,Bronze,47,Lagos,5.0,0,1
R00120,2024-06-12,Platinum,35,Cairo,4.6,0,0
R00121,2024-05-14,Bronze,35,Cairo,4.3,0,1
R00122,2023-09-17,Bronze,53,Nairobi,4.6,0,1
R00123,2024-01-03,Gold,41,Nairobi,5.0,0,0
R00124,2024-05-27,Bronze,26,Cairo,4.5,0,1
R00125,2024-03-22,Bronze,38,Lagos,4.1,0,0
R00126,2024-05-15,Bronze,41,Cairo,4.3,0,0
R00127,2023-05-26,Bronze,49,Cairo,5.0,0,0
R00128,2024-11-11,Bronze,47,Cairo,3.5,0,0
R00129,2024-03-27,Bronze,48,Cairo,4.2,0,0
R00130,2024-07-04,Bronze,29,Nairobi,4.1,0,0
R00131,2023-08-09,Bronze,34,Lagos,5.0,0,0
R00132,2024-08-24,Silver,41,Nairobi,4.9,0,0
R00133,2024-01-02,Gold,45,Cairo,5.0,0,0
R00134,2025-01-26,Bronze,43,Lagos,3.9,1,0
R00135,2024-02-06,Bronze,23,Cairo,3.6,0,0
R00136,2024-10-20,Gold,42,Lagos,4.8,0,0
R00137,2023-05-02,Bronze,60,Lagos,4.6,0,1
R00138,2023-11-25,Silver,35,Cairo,4.7,0,0
R00139,2024-12-26,Bronze,28,Cairo,4.9,0,1
R00140,2024-08-07,Silver,29,Lagos,4.1,0,0
R00141,2023-06-18,Gold,38,Cairo,5.0,0,1
R00142,2024-05-15,Bronze,37,Nairobi,4.5,0,0
R00143,2025-04-14,Bronze,28,Nairobi,4.2,0,0
R00144,2024-04-15,Gold,27,Nairobi,5.0,0,1
R00145,2024-02-08,Bronze,35,Cairo,4.3,1,0
R00146,2024-12-29,Bronze,27,Cairo,5.0,0,0
R00147,2024-03-26,Silver,42,Cairo,4.7,1,0
R00148,2024-11-29,Silver,33,Cairo,5.0,0,0
R00149,2023-12-19,Bronze,18,Cairo,5.0,0,1
R00150,2025-02-21,Silver,35,Lagos,3.9,0,1
R00151,2023-07-24,Silver,26,Nairobi,5.0,0,0
R00152,2024-07-21,Silver,36,Lagos,4.5,0,1
R00153,2023-09-04,Bronze,30,Cairo,5.0,0,0
R00154,2024-04-29,Silver,40,Lagos,4.8,0,0
R00155,2023-09-01,Platinum,49,Lagos,4.5,0,1
R00156,2025-03-10,Bronze,44,Lagos,4.9,0,0
R00157,2024-12-16,Silver,39,Lagos,4.6,1,0
R00158,2024-10-12,Bronze,41,Cairo,4.2,0,1
R00159,2024-12-14,Bronze,23,Cairo,4.5,1,1
R00160,2025-01-08,Bronze,18,Cairo,4.2,0,0
R00161,2025-03-21,Bronze,34,Lagos,4.7,1,1
R00162,2025-01-24,Gold,31,Nairobi,4.9,0,0
R00163,2024-05-09,Bronze,36,Lagos,4.6,0,0
R00164,2023-10-19,Bronze,20,Nairobi,4.0,1,1
R00165,2023-12-02,Gold,31,Cairo,3.6,0,0
R00166,2023-11-30,Bronze,39,Nairobi,4.8,0,0
R00167,2025-01-26,Bronze,28,Lagos,4.8,1,0
R00168,2023-06-16,Bronze,24,Nairobi,4.7,0,0
R00169,2023-09-01,Bronze,49,Cairo,3.9,0,0
R00170,2024-08-18,Platinum,18,Lagos,4.7,0,1
R00171,2024-12-01,Gold,38,Cairo,4.8,0,0
R00172,2024-12-08,Bronze,28,Cairo,5.0,0,0
R00173,2024-03-11,Bronze,40,Lagos,4.1,0,0
R00174,2024-11-10,Gold,18,Nairobi,4.9,0,0
R00175,2024-07-07,Gold,31,Cairo,4.0,1,0
R00176,2023-10-07,Platinum,39,Cairo,4.7,1,0
R00177,2023-06-05,Bronze,48,Lagos,4.9,0,0
R00178,2023-07-06,Bronze,18,Lagos,4.8,0,1
R00179,2024-02-28,Gold,32,Cairo,4.8,0,0
R00180,2023-09-02,Silver,24,Cairo,5.0,0,0
R00181,2025-04-12,Gold,47,Lagos,4.3,0,0
R00182,2024-12-22,Gold,22,Nairobi,3.8,0,0
R00183,2024-04-18,Bronze,36,Cairo,3.9,0,0
R00184,2025-01-17,Bronze,56,Lagos,4.3,0,0
R00185,2024-07-20,Gold,33,Cairo,4.3,0,0
R00186,2023-08-08,Platinum,48,Cairo,5.0,0,0
R00187,2023-04-27,Silver,42,Lagos,4.7,0,0
R00188,2024-05-20,Platinum,49,Nairobi,3.7,0,1
R00189,2025-03-09,Bronze,39,Lagos,4.1,0,0
R00190,2024-02-10,Bronze,25,Lagos,4.5,0,0
R00191,2023-06-10,Silver,34,Nairobi,5.0,0,1
R00192,2024-02-28,Silver,49,Lagos,5.0,0,0
R00193,2024-08-29,Bronze,37,Cairo,4.4,0,0
R00194,2025-03-16,Bronze,41,Nairobi,4.6,0,1
R00195,2024-10-30,Bronze,21,Cairo,4.6,1,1
R00196,2024-02-26,Bronze,45,Lagos,4.2,0,0
R00197,2025-02-09,Bronze,29,Lagos,4.3,0,0
R00198,2023-11-13,Bronze,18,Nairobi,4.3,0,1
R00199,2025-03-14,Bronze,27,Nairobi,4.9,0,1
R00200,2024-01-04,Bronze,27,Nairobi,3.9,0,0
R00201,2025-02-13,Bronze,34,Lagos,4.3,0,1
R00202,2025-01-04,Bronze,28,Lagos,5.0,0,0
R00203,2024-07-14,Silver,47,Nairobi,4.8,0,0
R00204,2023-06-05,Platinum,18,Lagos,4.4,0,0
R00205,2024-04-13,Silver,30,Cairo,4.7,0,1
R00206,2023-07-15,Bronze,40,Nairobi,3.7,0,0
R00207,2024-04-25,Bronze,22,Lagos,4.2,0,0
R00208,2024-04-17,Bronze,43,Cairo,4.8,0,0
R00209,2023-09-23,Bronze,39,Lagos,4.0,0,1
R00210,2024-09-02,Bronze,27,Nairobi,4.5,0,1
R00211,2023-07-22,Silver,36,Lagos,4.1,0,1
R00212,2023-05-18,Bronze,39,Lagos,4.7,0,0
R00213,2024-01-26,Bronze,27,Lagos,4.4,1,0
R00214,2025-04-25,Bronze,26,Cairo,4.5,0,0
R00215,2023-12-19,Gold,40,Lagos,4.9,0,0
R00216,2024-08-18,Silver,33,Lagos,4.1,0,0
R00217,2024-02-27,Gold,53,Cairo,4.1,0,1
R00218,2024-06-14,Bronze,26,Nairobi,4.6,0,0
R00219,2023-07-05,Bronze,26,Cairo,5.0,1,0
R00220,2024-08-10,Bronze,38,Nairobi,4.5,1,1
R00221,2023-07-31,Bronze,39,Nairobi,4.3,0,1
R00222,2023-12-19,Bronze,40,Cairo,3.5,0,1
R00223,2023-09-11,Bronze,33,Cairo,4.5,0,0
R00224,2024-03-17,Bronze,46,Lagos,4.8,0,0
R00225,2023-12-06,Silver,26,Cairo,5.0,0,0
R00226,2025-03-22,Bronze,32,Lagos,3.8,0,1
R00227,2023-07-01,Bronze,51,Lagos,5.0,0,1
R00228,2024-02-01,Bronze,38,Cairo,4.2,0,0
R00229,2023-06-29,Bronze,38,Nairobi,3.6,0,0
R00230,2023-07-03,Silver,34,Cairo,5.0,0,0
R00231,2024-05-23,Bronze,28,Nairobi,3.8,0,0
R00232,2024-06-16,Bronze,35,Cairo,4.1,0,0
R00233,2024-02-29,Bronze,32,Cairo,4.5,0,1
R00234,2023-11-20,Bronze,25,Lagos,4.6,0,0
R00235,2024-07-29,Silver,39,Lagos,4.6,0,0
R00236,2025-02-20,Silver,43,Lagos,4.9,0,0
R00237,2023-05-24,Bronze,27,Lagos,4.9,0,1
R00238,2023-07-01,Bronze,26,Lagos,4.1,0,0
R00239,2024-06-09,Bronze,48,Nairobi,4.7,0,0
R00240,2023-09-13,Bronze,36,Cairo,3.8,0,1
R00241,2023-07-27,Bronze,24,Cairo,4.1,0,0
R00242,2023-07-23,Bronze,34,Cairo,4.2,0,0
R00243,2023-08-02,Bronze,23,Cairo,4.5,0,0
R00244,2024-02-08,Bronze,33,Cairo,5.0,0,0
R00245,2025-02-10,Bronze,30,Nairobi,4.8,0,0
R00246,2024-12-14,Silver,18,Cairo,4.6,0,1
R00247,2025-02-07,Bronze,35,Lagos,4.4,1,0
R00248,2025-04-13,Gold,20,Cairo,5.0,0,0
R00249,2024-06-28,Bronze,40,Nairobi,4.0,0,0
R00250,2023-12-29,Silver,43,Lagos,4.9,0,1
R00251,2024-12-13,Gold,26,Nairobi,3.9,0,0
R00252,2024-05-17,Silver,42,Lagos,4.3,0,0
R00253,2024-02-06,Gold,25,Lagos,5.0,0,0
R00254,2024-02-23,Bronze,22,Lagos,4.7,0,1
R00255,2023-09-01,Silver,29,Lagos,5.0,0,1
R00256,2024-12-25,Bronze,42,Cairo,5.0,0,1
R00257,2024-02-16,Bronze,28,Nairobi,4.2,0,0
R00258,2024-07-01,Silver,29,Nairobi,4.4,0,1
R00259,2024-09-24,Bronze,24,Cairo,5.0,0,0
R00260,2023-12-31,Bronze,39,Lagos,3.4,0,0
R00261,2024-02-02,Bronze,47,Lagos,4.3,0,1
R00262,2024-12-16,Gold,21,Cairo,4.2,0,0
R00263,2024-07-02,Platinum,45,Cairo,4.1,0,0
R00264,2023-08-22,Silver,53,Nairobi,4.1,0,0
R00265,2023-06-02,Gold,49,Cairo,3.4,0,0
R00266,2024-01-01,Gold,38,Cairo,5.0,0,0
R00267,2024-03-03,Bronze,45,Lagos,3.7,0,0
R00268,2024-12-27,Bronze,29,Nairobi,3.6,0,0
R00269,2023-05-22,Silver,39,Cairo,3.7,0,0
R00270,2024-06-13,Bronze,18,Lagos,4.3,0,0
R00271,2025-01-20,Bronze,32,Nairobi,3.9,0,0
R00272,2025-02-23,Gold,32,Nairobi,4.3,0,0
R00273,2025-03-17,Platinum,20,Cairo,4.3,0,1
R00274,2024-11-18,Bronze,30,Nairobi,4.5,0,0
R00275,2024-01-06,Bronze,46,Cairo,4.2,0,1
R00276,2025-01-30,Bronze,34,Nairobi,3.4,0,0
R00277,2025-03-30,Bronze,49,Nairobi,4.6,0,0
R00278,2024-06-17,Platinum,34,Nairobi,5.0,0,0
R00279,2024-06-01,Silver,37,Nairobi,4.0,0,0
R00280,2024-02-27,Bronze,41,Nairobi,4.3,0,0
R00281,2023-08-07,Silver,28,Cairo,4.0,0,0
R00282,2023-06-24,Silver,26,Lagos,4.7,0,0
R00283,2023-05-12,Silver,33,Nairobi,5.0,0,1
R00284,2024-09-23,Gold,22,Cairo,4.0,0,1
R00285,2024-08-13,Bronze,41,Nairobi,4.3,0,1
R00286,2023-08-22,Bronze,37,Cairo,4.6,0,0
R00287,2024-04-18,Bronze,32,Nairobi,4.1,0,0
R00288,2024-03-12,Bronze,23,Nairobi,5.0,0,0
R00289,2024-06-13,Silver,41,Lagos,4.3,0,0
R00290,2023-09-11,Bronze,36,Lagos,4.7,0,0
R00291,2023-09-15,Gold,18,Nairobi,5.0,0,0
R00292,2024-08-29,Platinum,49,Nairobi,4.9,0,0
R00293,2024-12-20,Silver,28,Lagos,4.2,0,0
R00294,2025-03-22,Bronze,32,Cairo,4.8,0,0
R00295,2024-05-14,Bronze,18,Lagos,4.8,0,0
R00296,2024-01-12,Silver,29,Nairobi,4.5,0,0
R00297,2025-03-17,Platinum,25,Lagos,4.6,0,1
R00298,2024-10-19,Gold,30,Cairo,4.8,0,0
R00299,2023-12-10,Silver,42,Cairo,4.6,0,0
R00300,2024-02-20,Bronze,37,Cairo,4.3,0,0
R00301,2024-03-03,Platinum,22,Cairo,4.5,0,0
R00302,2024-02-09,Bronze,40,Cairo,4.7,0,0
R00303,2023-06-02,Bronze,41,Nairobi,5.0,0,0
R00304,2023-12-28,Bronze,31,Cairo,4.0,0,1
R00305,2024-02-28,Bronze,33,Cairo,4.2,0,0
R00306,2024-05-12,Silver,37,Lagos,4.5,0,0
R00307,2024-03-26,Silver,38,Lagos,4.4,0,0
R00308,2024-09-24,Bronze,30,Nairobi,4.4,0,0
R00309,2023-10-03,Platinum,37,Nairobi,3.0,0,0
R00310,2024-08-24,Bronze,28,Nairobi,4.5,0,0
R00311,2024-09-08,Gold,32,Cairo,4.2,0,0
R00312,2023-11-14,Bronze,27,Lagos,4.5,0,0
R00313,2023-06-28,Gold,24,Cairo,5.0,1,0
R00314,2025-04-04,Bronze,18,Lagos,5.0,0,0
R00315,2025-02-14,Gold,45,Cairo,4.5,0,0
R00316,2023-09-11,Bronze,37,Lagos,4.1,0,1
R00317,2023-10-04,Bronze,35,Cairo,4.5,0,1
R00318,2025-02-21,Gold,40,Nairobi,4.3,1,1
R00319,2024-03-13,Gold,42,Nairobi,3.9,0,0
R00320,2024-10-03,Bronze,41,Lagos,4.4,0,0
R00321,2024-01-16,Silver,26,Cairo,5.0,0,0
R00322,2024-10-16,Bronze,39,Nairobi,4.6,1,0
R00323,2025-04-05,Bronze,43,Nairobi,4.1,0,0
R00324,2024-11-09,Bronze,46,Cairo,5.0,0,0
R00325,2024-08-27,Gold,37,Nairobi,4.4,1,0
R00326,2025-03-07,Gold,18,Lagos,4.0,0,0
R00327,2024-08-20,Bronze,28,Nairobi,4.6,1,1
R00328,2023-05-22,Bronze,33,Cairo,4.8,0,0
R00329,2024-12-22,Silver,31,Nairobi,4.7,0,0
R00330,2025-03-15,Bronze,26,Nairobi,4.5,0,1
R00331,2023-07-21,Bronze,25,Cairo,5.0,0,0
R00332,2023-06-16,Bronze,44,Nairobi,4.4,1,1
R00333,2024-04-20,Bronze,44,Nairobi,4.7,0,0
R00334,2024-01-19,Silver,33,Nairobi,3.4,0,1
R00335,2023-07-16,Bronze,23,Nairobi,4.4,0,0
R00336,2024-02-02,Bronze,40,Lagos,4.3,0,0
R00337,2023-10-15,Bronze,32,Lagos,4.4,0,0
R00338,2024-02-16,Bronze,50,Nairobi,4.7,0,0
R00339,2023-11-06,Bronze,28,Cairo,4.7,0,0
R00340,2024-02-19,Bronze,18,Nairobi,5.0,0,1
R00341,2024-08-22,Bronze,57,Nairobi,3.7,0,0
R00342,2023-07-05,Silver,42,Nairobi,3.6,0,0
R00343,2023-11-21,Gold,29,Nairobi,4.8,0,1
R00344,2024-01-03,Silver,53,Cairo,4.5,0,1
R00345,2024-09-03,Bronze,36,Cairo,4.6,0,0
R00346,2025-04-25,Bronze,52,Nairobi,4.6,0,1
R00347,2025-02-17,Bronze,34,Nairobi,4.0,0,0
R00348,2024-05-21,Silver,18,Cairo,4.7,1,0
R00349,2024-11-18,Bronze,41,Cairo,4.5,0,0
R00350,2024-01-22,Bronze,28,Nairobi,4.9,0,1
R00351,2024-04-05,Bronze,18,Cairo,3.7,0,1
R00352,2023-07-01,Silver,45,Cairo,5.0,0,0
R00353,2024-10-10,Silver,48,Cairo,4.6,0,0
R00354,2024-07-17,Silver,28,Nairobi,4.6,0,0
R00355,2023-06-27,Silver,35,Cairo,4.3,0,1
R00356,2024-06-03,Silver,48,Nairobi,5.0,0,1
R00357,2024-04-06,Silver,29,Lagos,4.6,0,0
R00358,2024-04-20,Silver,36,Nairobi,4.8,0,1
R00359,2023-06-20,Bronze,39,Nairobi,5.0,1,0
R00360,2024-05-10,Silver,39,Lagos,4.3,1,0
R00361,2025-01-08,Bronze,41,Nairobi,5.0,0,1
R00362,2023-08-30,Silver,25,Cairo,5.0,0,1
R00363,2023-10-15,Silver,36,Nairobi,4.4,0,0
R00364,2023-06-14,Silver,41,Nairobi,4.9,0,1
R00365,2023-05-05,Silver,30,Cairo,4.5,0,0
R00366,2025-03-13,Gold,46,Nairobi,3.6,1,0
R00367,2024-11-09,Silver,37,Nairobi,4.1,0,0
R00368,2023-05-22,Silver,39,Cairo,4.7,0,0
R00369,2023-08-28,Bronze,41,Cairo,4.0,0,1
R00370,2024-01-24,Bronze,40,Cairo,5.0,0,0
R00371,2023-12-04,Bronze,33,Nairobi,4.3,0,1
R00372,2024-03-31,Bronze,31,Cairo,5.0,0,0
R00373,2024-05-23,Silver,52,Lagos,4.3,0,1
R00374,2025-04-16,Silver,34,Lagos,4.7,1,0
R00375,2024-09-05,Bronze,36,Nairobi,5.0,0,1
R00376,2024-07-12,Bronze,54,Nairobi,4.4,0,1
R00377,2023-06-26,Bronze,36,Lagos,4.7,0,0
R00378,2024-05-22,Bronze,28,Nairobi,4.4,0,0
R00379,2024-06-17,Bronze,41,Nairobi,4.3,0,0
R00380,2024-08-27,Bronze,36,Nairobi,4.0,0,1
R00381,2024-08-14,Bronze,42,Lagos,4.7,0,1
R00382,2023-05-13,Bronze,54,Nairobi,4.2,0,0
R00383,2024-01-05,Platinum,45,Lagos,4.6,1,0
R00384,2024-11-12,Bronze,35,Nairobi,4.4,0,1
R00385,2024-05-01,Silver,31,Nairobi,4.5,0,0
R00386,2023-06-12,Bronze,39,Lagos,4.2,0,1
R00387,2024-12-28,Bronze,33,Lagos,4.4,0,0
R00388,2024-12-09,Bronze,56,Nairobi,4.3,0,0
R00389,2023-05-17,Platinum,29,Lagos,4.5,0,0
R00390,2023-12-26,Bronze,42,Cairo,4.3,0,0
R00391,2023-12-24,Platinum,37,Lagos,4.1,0,1
R00392,2024-10-20,Gold,53,Nairobi,3.9,0,0
R00393,2024-02-29,Silver,18,Nairobi,5.0,0,0
R00394,2024-03-17,Platinum,42,Lagos,3.4,0,0
R00395,2023-09-02,Bronze,31,Lagos,4.6,0,1
R00396,2024-02-04,Silver,25,Cairo,4.6,0,0
R00397,2025-04-05,Bronze,36,Lagos,4.5,0,0
R00398,2023-08-23,Bronze,37,Nairobi,4.6,0,0
R00399,2024-05-05,Bronze,31,Nairobi,5.0,0,1
R00400,2023-12-16,Silver,27,Lagos,4.6,0,1
R00401,2023-06-22,Bronze,41,Cairo,5.0,0,0
R00402,2023-06-20,Silver,32,Lagos,4.2,0,0
R00403,2024-07-28,Bronze,33,Nairobi,4.6,0,0
R00404,2024-05-23,Bronze,25,Cairo,4.2,0,0
R00405,2024-04-02,Bronze,26,Lagos,4.0,0,0
R00406,2025-02-19,Bronze,32,Nairobi,4.2,0,0
R00407,2023-05-02,Silver,41,Lagos,4.1,0,0
R00408,2023-09-06,Bronze,26,Cairo,4.4,0,0
R00409,2023-10-05,Silver,27,Cairo,4.6,0,1
R00410,2024-10-27,Bronze,25,Cairo,5.0,0,0
R00411,2024-04-07,Bronze,46,Nairobi,4.4,0,0
R00412,2024-05-07,Silver,34,Nairobi,4.7,0,0
R00413,2024-12-20,Bronze,24,Cairo,4.8,0,0
R00414,2024-06-11,Gold,23,Nairobi,3.7,0,0
R00415,2023-08-26,Gold,52,Cairo,4.2,0,1
R00416,2023-10-26,Bronze,53,Cairo,3.6,0,0
R00417,2025-04-05,Platinum,36,Nairobi,5.0,0,0
R00418,2024-01-26,Bronze,33,Nairobi,4.7,0,0
R00419,2024-10-18,Bronze,55,Nairobi,4.2,0,1
R00420,2025-02-28,Bronze,48,Cairo,5.0,0,0
R00421,2023-06-25,Bronze,35,Nairobi,4.3,0,0
R00422,2024-10-04,Bronze,44,Cairo,4.0,0,0
R00423,2024-05-30,Gold,35,Nairobi,4.3,0,0
R00424,2025-01-04,Bronze,41,Cairo,4.5,0,0
R00425,2024-03-17,Silver,34,Lagos,4.0,0,1
R00426,2025-04-18,Bronze,38,Cairo,4.7,0,0
R00427,2024-04-09,Bronze,28,Lagos,4.6,0,1
R00428,2025-04-01,Bronze,52,Cairo,4.4,0,0
R00429,2023-09-05,Bronze,26,Lagos,4.6,0,1
R00430,2025-03-29,Bronze,44,Nairobi,4.1,0,0
R00431,2023-06-16,Bronze,37,Lagos,4.0,0,1
R00432,2023-09-30,Bronze,37,Cairo,3.8,0,0
R00433,2024-05-11,Gold,30,Nairobi,3.9,0,1
R00434,2023-06-15,Bronze,28,Nairobi,5.0,1,0
R00435,2025-03-23,Bronze,55,Nairobi,5.0,1,0
R00436,2023-11-30,Bronze,33,Nairobi,3.9,0,1
R00437,2023-07-21,Bronze,41,Lagos,5.0,0,0
R00438,2024-05-04,Bronze,30,Lagos,4.9,0,0
R00439,2024-05-18,Silver,50,Cairo,4.3,0,0
R00440,2024-04-29,Bronze,51,Cairo,4.2,1,0
R00441,2024-05-06,Bronze,39,Cairo,5.0,0,1
R00442,2024-04-23,Bronze,38,Lagos,4.9,0,0
R00443,2024-08-26,Silver,40,Cairo,4.3,0,0
R00444,2023-07-26,Bronze,23,Lagos,4.9,0,0
R00445,2024-10-12,Gold,18,Lagos,4.4,0,1
R00446,2023-08-05,Bronze,33,Cairo,5.0,0,0
R00447,2023-07-15,Bronze,26,Cairo,5.0,0,1
R00448,2025-02-11,Silver,34,Nairobi,3.7,1,0
R00449,2024-04-16,Bronze,25,Cairo,4.5,0,1
R00450,2025-03-20,Silver,36,Lagos,5.0,0,1
R00451,2024-08-01,Silver,30,Nairobi,5.0,0,1
R00452,2023-10-14,Bronze,32,Cairo,5.0,0,0
R00453,2024-10-13,Bronze,37,Nairobi,4.1,0,0
R00454,2023-05-26,Bronze,44,Lagos,4.5,0,0
R00455,2024-03-22,Bronze,25,Nairobi,4.7,0,0
R00456,2023-10-13,Gold,45,Cairo,4.8,1,1
R00457,2025-01-27,Gold,30,Cairo,4.4,0,0
R00458,2024-01-15,Silver,24,Lagos,4.9,0,0
R00459,2024-11-19,Silver,42,Lagos,3.7,0,0
R00460,2023-07-11,Silver,30,Lagos,4.3,0,0
R00461,2023-10-25,Bronze,49,Nairobi,4.9,0,0
R00462,2025-02-14,Bronze,32,Nairobi,4.4,1,0
R00463,2024-10-14,Platinum,40,Lagos,5.0,0,1
R00464,2023-06-26,Silver,41,Nairobi,4.1,0,1
R00465,2023-10-14,Bronze,25,Cairo,5.0,0,1
R00466,2024-12-12,Bronze,31,Nairobi,4.5,0,0
R00467,2025-02-26,Platinum,34,Lagos,4.7,0,1
R00468,2023-07-28,Bronze,46,Lagos,4.5,0,0
R00469,2024-04-06,Silver,36,Nairobi,4.2,0,0
R00470,2024-02-29,Bronze,40,Cairo,5.0,0,0
R00471,2023-10-03,Bronze,39,Lagos,3.4,0,0
R00472,2023-11-03,Gold,27,Cairo,4.6,0,0
R00473,2023-10-15,Bronze,23,Cairo,5.0,0,0
R00474,2025-03-15,Bronze,33,Cairo,4.7,0,0
R00475,2025-02-18,Bronze,29,Lagos,3.6,0,0
R00476,2024-02-11,Bronze,46,Lagos,4.8,1,1
R00477,2025-04-23,Bronze,25,Cairo,4.0,0,0
R00478,2025-03-20,Bronze,25,Lagos,4.5,0,0
R00479,2023-10-26,Bronze,43,Cairo,4.6,0,0
R00480,2023-09-25,Gold,47,Lagos,3.8,0,1
R00481,2024-01-20,Bronze,41,Nairobi,4.8,1,1
R00482,2024-11-28,Gold,23,Cairo,4.1,0,1
R00483,2024-02-12,Bronze,34,Nairobi,5.0,0,0
R00484,2024-03-18,Bronze,40,Nairobi,3.4,0,0
R00485,2025-04-09,Bronze,26,Cairo,5.0,0,1
R00486,2025-03-29,Bronze,42,Nairobi,4.5,0,0
R00487,2024-03-20,Silver,39,Nairobi,4.3,0,0
R00488,2024-08-13,Bronze,46,Lagos,4.2,0,0
R00489,2024-11-18,Silver,38,Lagos,4.3,0,0
R00490,2024-03-07,Silver,30,Cairo,4.9,0,0
R00491,2025-01-23,Bronze,50,Cairo,4.3,0,1
R00492,2025-04-14,Platinum,49,Lagos,4.0,0,0
R00493,2025-03-09,Bronze,23,Cairo,4.7,0,0
R00494,2025-02-20,Bronze,36,Cairo,5.0,0,0
R00495,2023-07-02,Bronze,31,Nairobi,4.6,0,0
R00496,2024-01-06,Bronze,47,Nairobi,4.5,0,1
R00497,2024-03-23,Gold,33,Cairo,4.1,0,0
R00498,2024-05-11,Bronze,31,Nairobi,4.8,1,0
R00499,2023-12-02,Bronze,36,Lagos,5.0,0,0
R00500,2025-03-21,Bronze,27,Lagos,4.5,0,1
R00501,2023-09-12,Bronze,18,Cairo,4.5,0,0
R00502,2025-04-18,Bronze,47,Cairo,4.7,0,0
R00503,2023-08-27,Platinum,32,Lagos,4.6,0,0
R00504,2023-12-11,Gold,34,Lagos,4.6,1,1
R00505,2023-07-14,Gold,45,Nairobi,4.8,0,0
R00506,2024-06-24,Gold,49,Lagos,4.9,0,0
R00507,2023-11-10,Bronze,26,Lagos,4.2,0,1
R00508,2023-10-09,Bronze,28,Lagos,5.0,0,0
R00509,2025-02-22,Bronze,34,Lagos,4.7,0,0
R00510,2023-06-28,Platinum,19,Nairobi,4.3,0,0
R00511,2025-01-17,Silver,34,Cairo,4.1,0,0
R00512,2024-07-13,Bronze,41,Lagos,4.8,0,1
R00513,2024-11-10,Bronze,39,Cairo,4.6,0,1
R00514,2024-07-26,Bronze,40,Nairobi,4.7,0,0
R00515,2024-03-30,Silver,34,Lagos,4.6,0,0
R00516,2025-04-18,Bronze,35,Nairobi,5.0,0,0
R00517,2025-03-09,Bronze,31,Lagos,4.4,0,1
R00518,2023-08-09,Gold,24,Nairobi,4.9,0,0
R00519,2023-05-08,Bronze,42,Lagos,4.7,0,1
R00520,2025-02-21,Gold,46,Nairobi,4.6,0,1
R00521,2024-12-07,Gold,47,Cairo,4.6,0,0
R00522,2023-07-25,Bronze,40,Cairo,5.0,1,0
R00523,2024-09-25,Silver,23,Nairobi,4.0,1,0
R00524,2024-02-16,Bronze,34,Cairo,5.0,0,0
R00525,2024-01-08,Bronze,25,Lagos,4.5,0,0
R00526,2024-10-10,Silver,39,Nairobi,3.8,0,0
R00527,2025-04-14,Bronze,29,Nairobi,5.0,0,0
R00528,2023-05-10,Bronze,41,Cairo,4.8,0,0
R00529,2025-02-06,Bronze,23,Nairobi,4.7,0,0
R00530,2024-10-06,Bronze,23,Lagos,4.7,1,0
R00531,2023-06-30,Bronze,33,Cairo,4.9,0,1
R00532,2023-07-09,Bronze,32,Lagos,4.1,0,0
R00533,2023-09-05,Silver,37,Lagos,5.0,0,0
R00534,2024-11-11,Bronze,44,Cairo,4.3,0,0
R00535,2024-04-24,Bronze,30,Nairobi,3.8,0,0
R00536,2023-07-16,Bronze,23,Cairo,4.4,0,0
R00537,2023-04-27,Gold,35,Lagos,4.6,0,0
R00538,2024-03-20,Bronze,23,Cairo,4.1,0,0
R00539,2024-09-18,Silver,35,Lagos,4.6,0,1
R00540,2025-03-17,Bronze,30,Cairo,4.7,0,0
R00541,2024-07-05,Gold,18,Lagos,5.0,0,0
R00542,2024-01-06,Platinum,40,Nairobi,4.8,0,0
R00543,2024-01-26,Silver,35,Nairobi,4.3,0,1
R00544,2023-08-27,Silver,29,Lagos,4.7,0,0
R00545,2024-07-18,Silver,31,Nairobi,5.0,0,1
R00546,2024-11-30,Silver,28,Nairobi,4.3,1,1
R00547,2024-02-20,Bronze,41,Cairo,4.9,0,0
R00548,2024-08-24,Silver,23,Cairo,4.1,0,1
R00549,2024-07-19,Bronze,22,Cairo,4.1,0,0
R00550,2023-05-01,Bronze,38,Cairo,4.0,0,0
R00551,2025-01-15,Silver,39,Nairobi,4.0,0,1
R00552,2024-03-27,Bronze,44,Nairobi,4.4,0,0
R00553,2023-09-30,Bronze,34,Cairo,4.8,0,0
R00554,2023-10-03,Silver,54,Nairobi,5.0,1,0
R00555,2024-11-12,Silver,18,Lagos,4.2,0,0
R00556,2023-10-24,Bronze,36,Nairobi,4.6,1,1
R00557,2024-09-30,Bronze,42,Nairobi,4.9,0,0
R00558,2024-11-07,Silver,32,Nairobi,4.2,0,1
R00559,2025-01-10,Bronze,23,Cairo,4.8,1,0
R00560,2024-03-27,Bronze,38,Lagos,5.0,0,0
R00561,2023-10-01,Bronze,44,Lagos,4.9,0,0
R00562,2024-02-18,Bronze,35,Lagos,3.5,0,1
R00563,2023-10-31,Bronze,18,Cairo,5.0,0,1
R00564,2023-07-08,Bronze,35,Lagos,5.0,0,1
R00565,2023-09-21,Bronze,30,Nairobi,4.8,0,0
R00566,2025-01-12,Bronze,35,Lagos,4.3,0,0
R00567,2023-12-03,Bronze,45,Nairobi,3.8,0,1
R00568,2023-10-31,Silver,32,Nairobi,4.3,0,0
R00569,2025-03-13,Bronze,42,Lagos,4.4,1,0
R00570,2024-06-25,Silver,32,Nairobi,4.1,0,1
R00571,2023-10-20,Gold,31,Nairobi,4.6,0,1
R00572,2023-10-19,Gold,33,Lagos,3.5,1,0
R00573,2024-11-11,Bronze,37,Lagos,4.2,0,1
R00574,2024-10-27,Bronze,41,Lagos,4.4,0,0
R00575,2024-01-06,Gold,42,Cairo,4.6,0,0
R00576,2025-04-04,Silver,32,Cairo,4.4,0,1
R00577,2024-06-03,Bronze,57,Lagos,3.7,0,0
R00578,2024-10-12,Bronze,22,Lagos,4.3,0,1
R00579,2024-04-12,Bronze,44,Nairobi,4.6,0,1
R00580,2023-06-02,Bronze,39,Nairobi,4.5,0,0
R00581,2025-04-15,Bronze,41,Lagos,3.4,0,0
R00582,2023-05-27,Bronze,52,Nairobi,3.9,0,1
R00583,2023-10-29,Bronze,50,Cairo,4.3,0,1
R00584,2023-09-13,Silver,51,Cairo,5.0,0,0
R00585,2023-10-20,Gold,48,Nairobi,3.9,0,0
R00586,2023-11-22,Silver,18,Lagos,4.7,0,0
R00587,2025-02-25,Bronze,33,Cairo,4.6,0,0
R00588,2023-10-10,Silver,37,Cairo,4.9,0,0
R00589,2024-02-18,Bronze,26,Cairo,3.5,1,0
R00590,2024-02-28,Gold,35,Nairobi,4.5,0,1
R00591,2024-07-10,Bronze,18,Nairobi,4.5,0,1
R00592,2023-05-24,Platinum,28,Nairobi,3.3,0,1
R00593,2024-07-26,Bronze,40,Cairo,4.9,0,0
R00594,2024-05-27,Bronze,51,Lagos,4.2,1,0
R00595,2023-08-23,Bronze,47,Cairo,4.3,0,0
R00596,2024-12-29,Bronze,40,Lagos,4.1,0,0
R00597,2023-08-09,Bronze,31,Lagos,4.9,1,1
R00598,2023-09-04,Bronze,42,Cairo,5.0,0,0
R00599,2024-11-19,Silver,35,Lagos,4.6,0,1
R00600,2025-02-01,Bronze,27,Cairo,4.9,0,0
R00601,2023-06-09,Bronze,35,Nairobi,4.5,0,0
R00602,2023-05-28,Bronze,47,Nairobi,3.8,0,1
R00603,2025-03-15,Bronze,35,Cairo,4.8,0,0
R00604,2023-11-15,Platinum,30,Cairo,4.4,1,0
R00605,2023-06-13,Bronze,35,Lagos,3.9,0,0
R00606,2024-07-26,Bronze,28,Lagos,3.4,0,0
R00607,2024-04-19,Platinum,51,Cairo,4.5,0,0
R00608,2024-05-31,Bronze,54,Lagos,4.5,0,0
R00609,2023-12-01,Bronze,31,Nairobi,4.6,0,0
R00610,2024-11-17,Silver,45,Nairobi,3.7,0,0
R00611,2024-06-20,Gold,36,Lagos,3.7,0,1
R00612,2024-05-05,Bronze,44,Lagos,4.8,0,0
R00613,2023-06-24,Silver,29,Cairo,4.4,0,0
R00614,2024-02-21,Silver,20,Lagos,4.2,0,1
R00615,2023-08-11,Silver,47,Nairobi,4.9,0,0
R00616,2023-12-30,Silver,40,Lagos,3.8,0,0
R00617,2024-01-04,Silver,50,Lagos,4.7,0,0
R00618,2024-07-20,Bronze,29,Cairo,4.3,0,0
R00619,2025-03-12,Silver,20,Cairo,5.0,0,0
R00620,2024-07-07,Bronze,18,Lagos,4.1,1,0
R00621,2024-07-25,Bronze,34,Nairobi,4.9,0,1
R00622,2023-12-07,Bronze,49,Nairobi,4.8,1,0
R00623,2024-11-19,Gold,38,Lagos,3.8,0,0
R00624,2023-07-26,Bronze,48,Lagos,3.6,0,1
R00625,2024-08-01,Gold,30,Cairo,4.2,1,0
R00626,2024-07-15,Silver,39,Lagos,4.4,0,0
R00627,2024-06-15,Silver,33,Lagos,4.0,0,0
R00628,2024-04-20,Bronze,36,Cairo,5.0,1,0
R00629,2023-07-18,Silver,35,Cairo,5.0,0,0
R00630,2025-01-13,Bronze,18,Cairo,4.6,1,0
R00631,2024-03-11,Silver,23,Cairo,4.2,0,0
R00632,2024-08-02,Silver,26,Lagos,4.5,0,0
R00633,2023-10-20,Bronze,35,Nairobi,3.5,0,0
R00634,2024-07-09,Bronze,27,Lagos,4.0,0,1
R00635,2025-03-22,Gold,48,Cairo,5.0,0,0
R00636,2024-07-09,Bronze,22,Lagos,5.0,1,1
R00637,2024-07-05,Bronze,34,Lagos,4.9,0,1
R00638,2024-09-16,Bronze,32,Cairo,4.7,0,0
R00639,2024-12-27,Silver,46,Nairobi,4.1,0,1
R00640,2024-07-24,Bronze,35,Nairobi,3.7,0,1
R00641,2024-10-30,Bronze,47,Nairobi,5.0,0,1
R00642,2023-12-24,Bronze,24,Nairobi,5.0,0,0
R00643,2024-01-11,Silver,39,Cairo,4.4,0,1
R00644,2025-02-04,Gold,30,Lagos,4.2,0,1
R00645,2024-07-26,Bronze,55,Nairobi,5.0,0,1
R00646,2025-02-08,Bronze,46,Cairo,5.0,0,0
R00647,2025-01-16,Silver,36,Cairo,3.9,0,0
R00648,2024-09-23,Bronze,36,Lagos,4.4,0,1
R00649,2023-09-08,Bronze,37,Nairobi,4.4,0,0
R00650,2025-03-01,Bronze,41,Lagos,3.9,0,0
R00651,2023-05-02,Silver,32,Lagos,5.0,0,0
R00652,2024-01-13,Bronze,51,Cairo,4.1,0,0
R00653,2024-01-20,Bronze,49,Cairo,4.4,0,1
R00654,2023-09-22,Silver,29,Nairobi,4.6,0,0
R00655,2024-03-03,Silver,55,Cairo,5.0,0,0
R00656,2023-05-20,Bronze,44,Lagos,4.6,0,0
R00657,2024-02-09,Bronze,18,Cairo,4.5,0,0
R00658,2023-05-29,Bronze,35,Lagos,5.0,0,0
R00659,2025-02-20,Bronze,61,Cairo,5.0,1,0
R00660,2023-10-25,Bronze,34,Cairo,4.1,0,0
R00661,2023-07-17,Silver,43,Lagos,4.6,0,0
R00662,2023-05-19,Bronze,38,Lagos,4.3,0,1
R00663,2024-11-02,Bronze,49,Nairobi,4.3,0,0
R00664,2025-04-13,Platinum,41,Lagos,4.6,0,1
R00665,2024-09-27,Bronze,47,Nairobi,4.4,0,0
R00666,2023-12-25,Bronze,51,Cairo,4.9,0,0
R00667,2024-07-12,Bronze,32,Lagos,5.0,0,1
R00668,2024-09-25,Bronze,37,Cairo,4.4,0,1
R00669,2023-04-27,Gold,42,Nairobi,4.0,0,0
R00670,2024-07-11,Bronze,35,Nairobi,5.0,0,0
R00671,2025-03-29,Bronze,18,Lagos,5.0,0,0
R00672,2024-06-10,Silver,34,Nairobi,5.0,0,0
R00673,2024-01-22,Bronze,47,Nairobi,4.1,0,0
R00674,2023-09-09,Gold,51,Cairo,5.0,0,1
R00675,2023-09-30,Bronze,32,Nairobi,5.0,0,1
R00676,2024-07-20,Bronze,36,Cairo,4.8,0,0
R00677,2025-01-18,Silver,31,Cairo,4.5,0,1
R00678,2023-06-14,Silver,43,Nairobi,4.5,0,0
R00679,2024-09-13,Gold,20,Lagos,4.3,0,0
R00680,2023-07-17,Silver,45,Cairo,4.5,0,1
R00681,2024-03-28,Bronze,22,Cairo,3.8,0,0
R00682,2024-11-01,Bronze,46,Nairobi,5.0,1,0
R00683,2025-01-17,Bronze,37,Lagos,4.1,0,1
R00684,2023-10-24,Bronze,42,Cairo,4.8,0,0
R00685,2023-11-17,Bronze,32,Cairo,3.8,0,1
R00686,2024-03-29,Bronze,32,Cairo,3.3,0,0
R00687,2024-12-29,Silver,42,Lagos,4.4,0,0
R00688,2024-05-02,Bronze,18,Lagos,4.8,0,0
R00689,2024-09-12,Silver,53,Cairo,4.4,0,0
R00690,2025-04-17,Bronze,37,Cairo,4.1,0,0
R00691,2025-02-26,Silver,38,Nairobi,4.3,0,0
R00692,2023-06-01,Silver,33,Lagos,4.4,1,0
R00693,2023-09-10,Bronze,38,Nairobi,4.8,0,0
R00694,2023-08-28,Silver,18,Nairobi,4.4,0,1
R00695,2024-09-22,Gold,50,Lagos,3.9,0,0
R00696,2023-06-15,Gold,22,Lagos,4.5,0,0
R00697,2023-06-28,Bronze,24,Cairo,3.8,0,0
R00698,2023-10-28,Bronze,32,Cairo,4.3,0,1
R00699,2024-04-22,Silver,48,Cairo,4.6,0,1
R00700,2023-07-20,Gold,34,Cairo,3.9,0,1
R00701,2023-08-20,Bronze,34,Nairobi,4.2,1,1
R00702,2025-03-14,Bronze,37,Lagos,5.0,0,0
R00703,2024-11-02,Silver,18,Cairo,4.0,0,0
R00704,2023-05-28,Gold,42,Cairo,4.9,0,0
R00705,2023-08-08,Bronze,40,Cairo,4.7,0,1
R00706,2023-12-30,Bronze,43,Lagos,4.9,1,0
R00707,2025-03-24,Bronze,38,Nairobi,4.1,0,0
R00708,2025-02-21,Bronze,36,Cairo,4.7,0,0
R00709,2024-05-12,Bronze,21,Nairobi,3.7,1,0
R00710,2024-03-02,Silver,50,Cairo,3.8,0,0
R00711,2025-01-18,Bronze,42,Cairo,4.7,0,0
R00712,2023-10-16,Bronze,36,Nairobi,5.0,0,1
R00713,2023-10-19,Silver,27,Cairo,4.3,0,1
R00714,2023-11-10,Bronze,33,Cairo,4.2,0,1
R00715,2025-01-27,Bronze,18,Nairobi,4.6,0,0
R00716,2024-06-27,Silver,42,Cairo,3.5,0,1
R00717,2024-08-03,Bronze,47,Cairo,4.7,0,0
R00718,2024-03-05,Bronze,30,Lagos,4.1,0,1
R00719,2024-05-30,Silver,62,Cairo,3.9,0,1
R00720,2024-12-16,Bronze,40,Cairo,4.9,0,0
R00721,2023-08-17,Bronze,28,Cairo,4.6,0,1
R00722,2023-06-18,Gold,21,Nairobi,4.6,0,0
R00723,2024-12-20,Bronze,33,Lagos,4.3,0,0
R00724,2023-10-22,Bronze,47,Cairo,5.0,0,0
R00725,2023-05-02,Bronze,28,Nairobi,4.3,0,0
R00726,2023-06-20,Bronze,45,Nairobi,3.6,0,0
R00727,2023-11-18,Bronze,31,Lagos,4.6,0,0
R00728,2025-03-27,Platinum,25,Nairobi,5.0,0,0
R00729,2024-01-09,Bronze,18,Nairobi,4.8,1,0
R00730,2024-06-04,Bronze,35,Lagos,5.0,0,0
R00731,2023-06-20,Bronze,33,Cairo,4.2,0,0
R00732,2024-01-29,Silver,18,Cairo,5.0,0,1
R00733,2024-09-14,Silver,40,Nairobi,4.6,0,1
R00734,2024-12-24,Gold,18,Cairo,4.6,0,1
R00735,2024-10-06,Platinum,40,Lagos,4.7,0,1
R00736,2025-04-26,Gold,49,Cairo,5.0,0,0
R00737,2024-11-16,Gold,27,Cairo,3.7,0,0
R00738,2025-04-20,Platinum,47,Nairobi,5.0,0,1
R00739,2023-08-08,Bronze,20,Cairo,4.1,0,0
R00740,2023-07-21,Bronze,22,Cairo,4.6,0,0
R00741,2024-11-21,Gold,36,Cairo,4.7,0,0
R00742,2024-10-01,Bronze,53,Lagos,4.9,0,0
R00743,2024-07-18,Platinum,22,Lagos,3.2,0,0
R00744,2024-01-18,Bronze,39,Cairo,4.1,1,1
R00745,2024-10-13,Silver,27,Lagos,4.0,0,0
R00746,2024-10-17,Silver,51,Lagos,4.9,0,1
R00747,2024-10-18,Gold,50,Nairobi,4.0,0,0
R00748,2025-04-09,Silver,30,Nairobi,4.7,0,0
R00749,2023-08-26,Bronze,24,Cairo,4.2,0,0
R00750,2024-08-03,Bronze,41,Nairobi,5.0,0,0
R00751,2024-05-06,Bronze,40,Nairobi,4.4,0,0
R00752,2025-01-03,Bronze,35,Cairo,5.0,0,0
R00753,2025-01-08,Silver,32,Cairo,4.0,0,0
R00754,2023-12-02,Silver,29,Nairobi,4.0,0,1
R00755,2023-05-08,Gold,49,Lagos,4.8,0,1
R00756,2024-12-04,Platinum,26,Nairobi,4.2,0,0
R00757,2024-01-31,Bronze,39,Cairo,4.8,1,1
R00758,2024-08-18,Silver,36,Lagos,4.3,0,0
R00759,2024-12-01,Bronze,27,Nairobi,4.8,0,0
R00760,2024-12-02,Silver,41,Nairobi,5.0,0,0
R00761,2024-08-01,Gold,40,Cairo,4.3,0,1
R00762,2023-09-01,Bronze,45,Cairo,4.2,0,0
R00763,2025-04-15,Bronze,48,Cairo,4.2,0,0
R00764,2023-08-02,Bronze,38,Nairobi,4.3,0,0
R00765,2024-03-14,Silver,42,Cairo,4.6,0,1
R00766,2023-07-12,Bronze,43,Cairo,4.2,0,0
R00767,2024-02-17,Bronze,36,Nairobi,4.9,0,0
R00768,2024-06-10,Gold,36,Nairobi,4.1,0,0
R00769,2023-11-22,Bronze,42,Lagos,4.4,0,0
R00770,2023-10-28,Gold,18,Nairobi,4.2,0,0
R00771,2024-02-01,Bronze,18,Cairo,5.0,0,0
R00772,2024-02-10,Bronze,47,Lagos,5.0,0,0
R00773,2024-09-17,Bronze,25,Cairo,4.2,0,1
R00774,2024-02-08,Gold,34,Nairobi,4.6,1,1
R00775,2023-06-04,Bronze,34,Lagos,4.7,1,0
R00776,2024-06-26,Bronze,43,Cairo,5.0,0,0
R00777,2024-08-27,Bronze,32,Nairobi,4.0,1,1
R00778,2024-05-16,Bronze,18,Cairo,4.7,0,0
R00779,2024-08-03,Platinum,52,Lagos,4.9,0,0
R00780,2024-06-23,Bronze,39,Cairo,5.0,0,1
R00781,2024-04-12,Bronze,35,Cairo,5.0,0,0
R00782,2024-05-23,Silver,35,Nairobi,4.0,0,1
R00783,2024-11-03,Gold,22,Nairobi,4.6,0,0
R00784,2023-07-03,Silver,33,Lagos,5.0,1,0
R00785,2023-08-06,Silver,19,Lagos,5.0,0,0
R00786,2024-06-02,Bronze,48,Cairo,4.4,0,0
R00787,2023-09-02,Bronze,35,Cairo,4.7,0,0
R00788,2024-09-02,Bronze,35,Cairo,4.9,0,0
R00789,2025-04-13,Bronze,40,Lagos,4.9,0,0
R00790,2023-07-14,Bronze,37,Lagos,4.3,1,0
R00791,2023-07-28,Silver,44,Nairobi,4.7,0,1
R00792,2024-06-19,Platinum,38,Cairo,3.9,0,1
R00793,2024-07-30,Silver,50,Lagos,4.8,0,1
R00794,2024-09-25,Bronze,29,Nairobi,5.0,0,0
R00795,2024-02-05,Bronze,22,Lagos,4.8,0,1
R00796,2024-09-13,Bronze,18,Lagos,5.0,0,1
R00797,2023-12-20,Platinum,18,Lagos,3.8,0,0
R00798,2025-01-28,Silver,23,Nairobi,4.6,0,0
R00799,2023-12-07,Bronze,41,Lagos,4.2,0,1
R00800,2023-05-11,Bronze,29,Cairo,5.0,0,1
R00801,2024-09-24,Bronze,44,Cairo,5.0,1,0
R00802,2023-08-26,Bronze,34,Cairo,4.6,0,0
R00803,2023-06-27,Silver,18,Nairobi,5.0,0,0
R00804,2023-07-07,Silver,45,Cairo,4.5,0,0
R00805,2024-07-28,Silver,27,Lagos,4.5,0,1
R00806,2023-10-05,Bronze,39,Lagos,4.7,0,0
R00807,2023-06-01,Bronze,52,Nairobi,4.4,0,0
R00808,2023-09-18,Gold,30,Cairo,5.0,0,1
R00809,2024-10-13,Bronze,37,Lagos,5.0,0,0
R00810,2023-06-15,Bronze,52,Nairobi,4.7,0,1
R00811,2024-05-11,Silver,23,Nairobi,4.9,0,0
R00812,2024-05-13,Silver,22,Cairo,4.1,0,1
R00813,2025-01-17,Bronze,28,Cairo,5.0,0,0
R00814,2024-07-27,Silver,44,Cairo,3.5,0,1
R00815,2024-07-04,Gold,33,Nairobi,5.0,0,0
R00816,2024-07-18,Bronze,25,Cairo,4.2,0,0
R00817,2024-04-24,Bronze,38,Lagos,4.8,0,0
R00818,2024-04-14,Bronze,18,Cairo,4.1,0,0
R00819,2024-10-05,Bronze,26,Lagos,4.9,0,0
R00820,2024-09-23,Gold,27,Lagos,4.1,0,0
R00821,2024-07-12,Bronze,41,Lagos,4.7,0,0
R00822,2023-07-05,Bronze,24,Nairobi,5.0,0,1
R00823,2025-03-27,Bronze,38,Lagos,5.0,0,0
R00824,2024-01-18,Bronze,53,Cairo,4.1,0,1
R00825,2025-04-24,Silver,20,Lagos,5.0,1,1
R00826,2024-08-04,Bronze,34,Lagos,4.8,0,0
R00827,2024-02-27,Bronze,33,Lagos,4.7,0,0
R00828,2025-03-05,Bronze,41,Cairo,4.5,0,1
R00829,2023-04-30,Platinum,50,Lagos,5.0,0,0
R00830,2024-05-29,Gold,26,Lagos,4.6,0,0
R00831,2024-09-03,Silver,24,Lagos,4.4,0,0
R00832,2024-01-16,Gold,34,Nairobi,4.9,0,1
R00833,2024-10-31,Bronze,30,Lagos,4.3,0,0
R00834,2025-01-09,Bronze,33,Nairobi,5.0,0,0
R00835,2023-09-13,Bronze,28,Lagos,4.5,0,0
R00836,2023-06-09,Bronze,33,Cairo,4.8,0,1
R00837,2024-02-03,Bronze,46,Lagos,4.6,1,1
R00838,2024-10-12,Bronze,32,Nairobi,4.0,0,1
R00839,2023-06-13,Gold,35,Nairobi,4.4,0,1
R00840,2025-04-24,Silver,43,Lagos,4.7,0,1
R00841,2024-03-08,Silver,32,Lagos,5.0,0,1
R00842,2024-02-06,Bronze,24,Nairobi,4.0,0,0
R00843,2024-10-05,Bronze,48,Cairo,4.4,0,0
R00844,2025-01-23,Bronze,37,Nairobi,4.3,0,1
R00845,2023-06-15,Bronze,36,Nairobi,4.3,0,0
R00846,2024-10-08,Bronze,43,Lagos,4.0,0,0
R00847,2023-11-01,Bronze,32,Cairo,4.6,0,0
R00848,2025-02-25,Bronze,31,Nairobi,3.9,0,0
R00849,2024-05-29,Bronze,34,Cairo,4.5,0,0
R00850,2023-10-17,Bronze,29,Cairo,4.9,0,0
R00851,2024-12-27,Bronze,19,Cairo,3.7,0,0
R00852,2025-02-22,Bronze,18,Nairobi,4.0,0,1
R00853,2025-02-17,Silver,30,Lagos,4.7,0,0
R00854,2023-08-10,Bronze,32,Lagos,3.8,1,0
R00855,2025-02-05,Bronze,49,Nairobi,4.5,0,1
R00856,2023-11-06,Gold,45,Nairobi,5.0,0,0
R00857,2023-12-18,Bronze,28,Cairo,4.8,0,0
R00858,2023-07-16,Bronze,38,Lagos,5.0,0,1
R00859,2023-09-21,Bronze,42,Nairobi,5.0,0,0
R00860,2024-07-02,Bronze,48,Nairobi,5.0,0,0
R00861,2023-06-20,Bronze,20,Nairobi,4.9,0,1
R00862,2024-08-21,Bronze,27,Cairo,3.7,0,0
R00863,2023-12-04,Bronze,49,Nairobi,4.4,0,0
R00864,2024-06-06,Bronze,28,Nairobi,4.6,0,0
R00865,2025-03-29,Bronze,38,Cairo,3.8,0,1
R00866,2023-10-06,Bronze,18,Nairobi,4.7,1,1
R00867,2023-05-21,Silver,45,Nairobi,3.9,1,0
R00868,2023-05-28,Bronze,35,Cairo,4.3,1,1
R00869,2025-02-21,Gold,35,Cairo,3.6,0,1
R00870,2024-03-30,Bronze,36,Lagos,4.6,0,0
R00871,2023-12-07,Bronze,56,Cairo,4.4,0,0
R00872,2024-05-12,Bronze,27,Nairobi,3.8,0,0
R00873,2025-02-08,Bronze,18,Cairo,4.2,0,0
R00874,2023-05-28,Bronze,19,Lagos,4.6,0,1
R00875,2024-08-25,Bronze,61,Nairobi,5.0,0,0
R00876,2023-10-11,Silver,18,Nairobi,4.4,1,0
R00877,2023-10-20,Bronze,39,Cairo,5.0,0,0
R00878,2024-02-20,Gold,49,Lagos,4.6,0,0
R00879,2023-06-20,Silver,29,Cairo,4.3,0,0
R00880,2024-04-15,Bronze,18,Nairobi,4.4,0,1
R00881,2024-09-28,Platinum,52,Lagos,5.0,0,0
R00882,2024-03-16,Silver,36,Lagos,4.7,0,0
R00883,2023-06-15,Silver,32,Lagos,4.7,0,0
R00884,2024-06-09,Bronze,45,Lagos,4.4,0,1
R00885,2023-06-20,Bronze,25,Cairo,5.0,0,0
R00886,2023-05-08,Bronze,53,Nairobi,4.0,0,0
R00887,2024-11-08,Platinum,25,Lagos,5.0,0,0
R00888,2023-05-28,Bronze,34,Cairo,4.7,0,0
R00889,2024-05-24,Silver,27,Nairobi,4.2,0,1
R00890,2023-09-21,Bronze,41,Cairo,4.1,0,1
R00891,2024-04-22,Bronze,27,Nairobi,4.8,0,0
R00892,2024-06-13,Bronze,38,Cairo,4.9,1,0
R00893,2025-04-19,Bronze,29,Cairo,4.4,0,0
R00894,2025-03-29,Bronze,22,Cairo,4.1,0,0
R00895,2023-12-18,Bronze,31,Nairobi,3.6,0,1
R00896,2025-01-20,Bronze,32,Nairobi,4.7,0,1
R00897,2024-01-22,Bronze,33,Nairobi,4.3,1,1
R00898,2024-06-11,Bronze,42,Nairobi,4.2,0,0
R00899,2025-01-02,Bronze,32,Nairobi,5.0,0,0
R00900,2024-02-13,Bronze,32,Nairobi,4.0,0,0
R00901,2024-08-08,Bronze,18,Lagos,4.9,1,0
R00902,2025-01-09,Silver,26,Cairo,4.0,0,0
R00903,2024-11-14,Gold,34,Cairo,3.9,0,0
R00904,2024-11-28,Bronze,26,Nairobi,4.9,0,1
R00905,2024-06-20,Bronze,30,Nairobi,5.0,1,0
R00906,2024-03-03,Gold,36,Lagos,4.7,0,1
R00907,2023-05-15,Silver,24,Lagos,4.7,0,0
R00908,2024-10-06,Bronze,42,Lagos,5.0,0,1
R00909,2024-02-07,Bronze,26,Nairobi,5.0,0,0
R00910,2024-11-01,Bronze,26,Cairo,4.6,0,1
R00911,2025-03-06,Bronze,35,Nairobi,3.8,0,0
R00912,2023-06-08,Silver,37,Nairobi,3.8,0,0
R00913,2023-10-07,Platinum,18,Nairobi,4.7,0,1
R00914,2025-02-03,Silver,26,Lagos,4.9,0,1
R00915,2024-07-14,Bronze,24,Nairobi,5.0,0,0
R00916,2024-05-29,Bronze,24,Cairo,4.9,0,0
R00917,2024-09-03,Bronze,45,Lagos,4.7,0,0
R00918,2023-07-25,Bronze,37,Cairo,4.7,0,0
R00919,2024-10-01,Bronze,36,Lagos,4.2,0,0
R00920,2025-03-10,Bronze,45,Cairo,3.3,0,0
R00921,2024-12-01,Silver,40,Nairobi,5.0,0,0
R00922,2023-10-25,Bronze,25,Nairobi,4.5,0,0
R00923,2023-12-21,Gold,37,Lagos,3.7,0,0
R00924,2025-01-26,Bronze,52,Cairo,4.4,0,1
R00925,2024-05-08,Silver,41,Lagos,4.6,0,0
R00926,2025-03-29,Bronze,42,Lagos,3.9,0,0
R00927,2025-02-21,Bronze,24,Nairobi,4.4,0,0
R00928,2025-03-14,Silver,21,Lagos,4.9,0,0
R00929,2023-08-13,Bronze,24,Lagos,4.9,0,1
R00930,2023-05-15,Gold,53,Cairo,4.4,0,0
R00931,2024-02-25,Bronze,65,Lagos,4.3,0,0
R00932,2024-03-08,Bronze,41,Lagos,3.9,0,1
R00933,2023-10-02,Bronze,46,Nairobi,4.3,0,1
R00934,2025-01-04,Bronze,55,Cairo,5.0,0,0
R00935,2024-05-12,Bronze,51,Cairo,4.4,0,1
R00936,2024-07-17,Silver,33,Cairo,5.0,1,1
R00937,2024-08-06,Silver,31,Nairobi,4.6,0,1
R00938,2024-06-17,Bronze,36,Cairo,4.7,0,0
R00939,2024-06-21,Bronze,18,Lagos,4.8,0,0
R00940,2023-05-15,Gold,43,Cairo,4.9,0,0
R00941,2024-05-31,Bronze,33,Cairo,4.2,0,0
R00942,2024-08-14,Gold,39,Cairo,4.4,0,0
R00943,2024-12-09,Silver,18,Cairo,4.9,0,0
R00944,2024-07-18,Gold,25,Cairo,4.7,0,0
R00945,2024-03-08,Gold,49,Lagos,4.6,0,0
R00946,2025-02-19,Bronze,31,Lagos,4.7,0,0
R00947,2025-02-08,Gold,38,Nairobi,5.0,0,1
R00948,2024-12-23,Silver,59,Lagos,4.6,0,0
R00949,2023-06-21,Bronze,37,Lagos,4.1,0,0
R00950,2025-01-22,Bronze,36,Nairobi,4.7,0,0
R00951,2024-12-15,Bronze,39,Cairo,4.4,0,0
R00952,2024-08-20,Bronze,43,Lagos,5.0,0,0
R00953,2024-06-13,Bronze,28,Nairobi,3.5,0,0
R00954,2023-06-03,Bronze,44,Cairo,4.5,0,0
R00955,2024-08-18,Bronze,41,Cairo,4.2,0,0
R00956,2024-12-20,Gold,28,Lagos,3.6,0,0
R00957,2024-06-20,Gold,48,Lagos,4.2,0,0
R00958,2024-07-05,Bronze,22,Nairobi,4.1,0,0
R00959,2024-10-13,Bronze,22,Cairo,5.0,0,0
R00960,2023-09-27,Bronze,43,Cairo,4.7,0,1
R00961,2024-10-19,Bronze,51,Nairobi,5.0,0,1
R00962,2024-07-28,Silver,39,Nairobi,4.3,0,0
R00963,2024-08-25,Silver,39,Cairo,5.0,0,0
R00964,2025-04-11,Gold,22,Nairobi,4.0,0,1
R00965,2023-06-28,Gold,36,Lagos,3.8,0,1
R00966,2024-05-23,Silver,47,Lagos,4.8,0,0
R00967,2023-05-20,Platinum,34,Lagos,4.5,0,1
R00968,2024-08-13,Bronze,31,Lagos,3.6,0,0
R00969,2025-04-02,Silver,36,Cairo,4.9,1,0
R00970,2024-08-02,Bronze,30,Cairo,5.0,0,1
R00971,2023-09-01,Bronze,33,Cairo,5.0,0,0
R00972,2023-10-16,Silver,40,Cairo,4.8,0,1
R00973,2024-06-29,Bronze,36,Cairo,4.6,1,0
R00974,2023-09-06,Silver,39,Cairo,4.9,0,0
R00975,2025-03-14,Bronze,42,Nairobi,4.1,0,0
R00976,2024-11-06,Bronze,41,Nairobi,5.0,0,0
R00977,2023-05-27,Bronze,23,Lagos,3.6,0,0
R00978,2023-04-29,Bronze,38,Cairo,4.6,0,0
R00979,2023-10-24,Bronze,23,Cairo,4.9,0,1
R00980,2024-02-01,Bronze,33,Nairobi,4.1,0,0
R00981,2025-04-01,Bronze,18,Nairobi,4.6,0,1
R00982,2023-05-28,Bronze,45,Cairo,5.0,0,0
R00983,2025-03-24,Gold,22,Nairobi,5.0,0,0
R00984,2023-05-27,Silver,38,Nairobi,4.4,0,0
R00985,2024-10-21,Bronze,38,Lagos,4.7,0,0
R00986,2023-06-16,Silver,35,Lagos,5.0,0,0
R00987,2024-02-11,Bronze,28,Lagos,4.3,1,0
R00988,2023-11-08,Silver,21,Lagos,4.1,0,0
R00989,2023-05-10,Bronze,21,Nairobi,4.5,0,0
R00990,2023-06-03,Bronze,38,Lagos,4.9,0,0
R00991,2024-08-01,Silver,35,Lagos,4.6,0,0
R00992,2024-07-31,Silver,18,Nairobi,4.5,0,0
R00993,2025-02-04,Bronze,37,Lagos,4.5,0,0
R00994,2025-02-08,Bronze,30,Cairo,4.7,0,1
R00995,2024-04-07,Silver,23,Lagos,4.9,0,0
R00996,2024-02-22,Bronze,48,Nairobi,4.3,0,0
R00997,2023-10-12,Bronze,34,Lagos,4.6,0,0
R00998,2023-12-06,Bronze,43,Nairobi,4.6,0,1
R00999,2024-07-25,Bronze,35,Lagos,4.7,0,0
R01000,2024-07-27,Bronze,38,Nairobi,5.0,0,0
R01001,2023-08-16,Bronze,25,Nairobi,4.0,0,1
R01002,2023-07-26,Platinum,24,Nairobi,4.4,0,1
R01003,2023-08-11,Platinum,20,Lagos,4.9,0,0
R01004,2023-07-23,Bronze,39,Cairo,4.1,0,0
R01005,2024-07-15,Silver,45,Lagos,4.4,0,0
R01006,2024-10-03,Bronze,53,Cairo,4.6,0,0
R01007,2023-09-13,Silver,23,Nairobi,5.0,0,1
R01008,2023-08-11,Silver,36,Lagos,5.0,0,1
R01009,2024-05-18,Silver,41,Cairo,4.8,1,0
R01010,2024-05-09,Bronze,28,Lagos,5.0,0,0
R01011,2024-06-02,Bronze,29,Lagos,4.5,0,0
R01012,2024-05-01,Bronze,51,Nairobi,4.5,0,0
R01013,2023-09-24,Bronze,23,Nairobi,3.8,0,1
R01014,2023-11-06,Bronze,39,Nairobi,3.6,0,1
R01015,2023-06-11,Bronze,37,Lagos,4.7,0,0
R01016,2023-05-13,Bronze,36,Lagos,4.8,0,0
R01017,2024-03-24,Bronze,28,Lagos,3.7,0,0
R01018,2023-05-25,Silver,28,Nairobi,4.4,0,0
R01019,2023-11-18,Bronze,21,Nairobi,4.6,0,1
R01020,2023-09-29,Bronze,41,Lagos,4.6,0,1
R01021,2025-04-21,Gold,36,Cairo,5.0,0,0
R01022,2024-04-05,Bronze,35,Nairobi,4.5,0,0
R01023,2024-04-28,Gold,34,Cairo,4.7,0,1
R01024,2023-07-03,Silver,18,Nairobi,4.6,0,0
R01025,2024-06-19,Silver,38,Lagos,5.0,0,1
R01026,2025-03-03,Platinum,60,Nairobi,4.7,0,0
R01027,2024-11-16,Bronze,40,Nairobi,3.9,0,1
R01028,2023-09-06,Bronze,26,Lagos,4.8,0,0
R01029,2025-04-16,Silver,40,Nairobi,4.6,0,0
R01030,2023-11-12,Bronze,44,Nairobi,4.7,1,0
R01031,2023-05-23,Bronze,36,Nairobi,5.0,0,1
R01032,2023-12-10,Silver,32,Lagos,4.7,0,1
R01033,2023-05-16,Bronze,38,Nairobi,4.7,0,1
R01034,2025-04-21,Gold,35,Cairo,4.8,1,1
R01035,2025-01-21,Silver,36,Lagos,4.6,1,0
R01036,2024-01-31,Gold,23,Nairobi,4.9,0,0
R01037,2025-03-25,Silver,33,Nairobi,4.7,0,0
R01038,2023-07-27,Bronze,36,Nairobi,5.0,0,0
R01039,2024-12-25,Bronze,28,Cairo,4.5,0,0
R01040,2024-08-16,Bronze,42,Cairo,5.0,1,0
R01041,2024-10-28,Bronze,48,Cairo,4.1,0,0
R01042,2024-02-18,Bronze,30,Nairobi,4.0,0,0
R01043,2024-02-07,Bronze,32,Lagos,5.0,0,1
R01044,2024-05-05,Bronze,23,Nairobi,4.5,1,0
R01045,2024-11-11,Silver,38,Cairo,3.7,1,0
R01046,2025-02-15,Silver,50,Cairo,4.0,0,0
R01047,2025-01-14,Silver,37,Nairobi,5.0,0,0
R01048,2024-10-16,Silver,49,Cairo,5.0,0,1
R01049,2024-05-17,Silver,36,Cairo,3.7,0,0
R01050,2023-11-22,Bronze,47,Lagos,4.1,0,0
R01051,2024-07-12,Silver,44,Nairobi,4.8,0,0
R01052,2023-12-08,Bronze,31,Cairo,5.0,0,0
R01053,2023-06-26,Silver,38,Lagos,5.0,0,0
R01054,2023-10-06,Bronze,37,Cairo,5.0,0,0
R01055,2025-02-20,Bronze,30,Cairo,3.8,0,0
R01056,2024-11-22,Silver,31,Lagos,4.1,0,1
R01057,2024-11-03,Bronze,37,Cairo,4.1,0,0
R01058,2023-10-18,Bronze,22,Cairo,4.4,0,1
R01059,2025-02-17,Silver,44,Lagos,4.9,0,1
R01060,2024-01-10,Platinum,31,Lagos,4.5,0,0
R01061,2024-01-28,Silver,59,Lagos,4.7,0,1
R01062,2024-08-27,Bronze,41,Lagos,3.3,0,0
R01063,2025-01-16,Bronze,38,Nairobi,4.8,0,0
R01064,2024-04-04,Bronze,52,Cairo,4.8,0,1
R01065,2023-05-01,Gold,40,Nairobi,4.4,0,0
R01066,2023-07-18,Bronze,34,Lagos,5.0,0,1
R01067,2025-03-29,Bronze,29,Nairobi,4.0,0,0
R01068,2025-03-20,Bronze,54,Lagos,5.0,0,0
R01069,2023-11-15,Platinum,55,Nairobi,4.4,0,1
R01070,2023-11-30,Bronze,36,Nairobi,4.2,0,1
R01071,2023-09-05,Bronze,35,Nairobi,4.6,0,0
R01072,2024-11-08,Bronze,58,Nairobi,5.0,0,0
R01073,2025-02-21,Silver,41,Cairo,4.2,0,0
R01074,2025-04-10,Platinum,40,Nairobi,4.6,0,0
R01075,2024-07-19,Bronze,39,Cairo,4.5,1,0
R01076,2023-09-28,Bronze,43,Lagos,4.7,0,1
R01077,2024-04-10,Bronze,36,Cairo,4.3,1,0
R01078,2025-04-18,Bronze,37,Cairo,4.6,0,1
R01079,2023-07-22,Bronze,18,Lagos,3.9,0,0
R01080,2024-06-19,Bronze,31,Cairo,4.4,0,0
R01081,2025-03-13,Bronze,21,Lagos,3.9,1,0
R01082,2025-01-15,Bronze,59,Cairo,4.0,1,1
R01083,2023-05-26,Bronze,25,Lagos,4.3,0,0
R01084,2025-02-20,Bronze,42,Cairo,4.1,0,0
R01085,2025-04-22,Bronze,34,Lagos,4.5,0,0
R01086,2024-06-18,Gold,45,Cairo,5.0,0,1
R01087,2023-10-19,Bronze,53,Cairo,4.0,1,0
R01088,2024-11-04,Silver,30,Lagos,5.0,0,1
R01089,2023-09-19,Bronze,19,Nairobi,4.8,0,0
R01090,2024-06-18,Bronze,36,Nairobi,3.8,0,0
R01091,2024-09-04,Silver,41,Nairobi,4.2,0,0
R01092,2023-07-04,Bronze,40,Lagos,5.0,0,1
R01093,2025-01-17,Bronze,45,Lagos,4.8,0,1
R01094,2024-07-10,Bronze,34,Nairobi,4.5,0,0
R01095,2024-10-29,Bronze,39,Nairobi,4.9,0,0
R01096,2025-02-21,Bronze,24,Cairo,4.9,0,0
R01097,2024-01-15,Bronze,32,Nairobi,4.9,1,1
R01098,2024-05-21,Silver,32,Lagos,4.5,0,0
R01099,2023-06-08,Bronze,18,Cairo,5.0,0,1
R01100,2025-02-08,Silver,49,Nairobi,5.0,0,1
R01101,2024-04-22,Bronze,47,Lagos,4.8,0,0
R01102,2025-02-11,Bronze,30,Nairobi,4.7,0,0
R01103,2023-11-04,Bronze,25,Nairobi,4.9,0,0
R01104,2024-01-08,Bronze,41,Lagos,4.1,0,0
R01105,2023-07-18,Bronze,39,Nairobi,4.3,0,0
R01106,2025-01-06,Silver,36,Cairo,4.8,1,1
R01107,2023-06-30,Bronze,48,Nairobi,3.7,0,0
R01108,2024-08-30,Bronze,41,Nairobi,4.8,0,0
R01109,2024-05-14,Silver,32,Lagos,4.5,1,0
R01110,2024-10-15,Bronze,25,Lagos,4.0,1,0
R01111,2024-07-17,Bronze,33,Lagos,4.4,0,0
R01112,2024-10-03,Bronze,36,Cairo,5.0,0,1
R01113,2023-12-06,Silver,36,Lagos,4.6,0,1
R01114,2024-07-07,Silver,34,Lagos,4.0,1,0
R01115,2024-08-24,Bronze,48,Lagos,4.4,0,0
R01116,2024-11-02,Bronze,32,Cairo,4.7,0,0
R01117,2024-07-06,Bronze,36,Cairo,4.7,0,1
R01118,2023-11-27,Platinum,32,Cairo,5.0,0,0
R01119,2023-09-25,Silver,31,Cairo,3.9,0,0
R01120,2024-09-30,Bronze,18,Nairobi,4.3,0,1
R01121,2025-02-20,Gold,30,Lagos,4.2,0,0
R01122,2024-09-05,Bronze,26,Cairo,4.9,0,1
R01123,2025-01-12,Bronze,30,Nairobi,4.2,0,1
R01124,2023-08-15,Bronze,66,Nairobi,4.2,0,1
R01125,2024-03-20,Bronze,29,Cairo,4.3,0,0
R01126,2024-05-23,Bronze,35,Nairobi,4.6,0,0
R01127,2024-06-29,Bronze,18,Lagos,5.0,0,0
R01128,2024-03-22,Silver,42,Cairo,4.6,0,1
R01129,2023-06-17,Platinum,41,Lagos,4.0,0,1
R01130,2024-03-12,Bronze,33,Nairobi,4.5,0,0
R01131,2023-08-31,Bronze,31,Cairo,3.6,0,0
R01132,2023-07-24,Bronze,25,Cairo,5.0,0,0
R01133,2025-03-12,Silver,31,Cairo,4.0,0,1
R01134,2024-02-07,Gold,33,Nairobi,4.2,0,0
R01135,2023-08-09,Bronze,25,Nairobi,5.0,0,0
R01136,2024-06-25,Silver,46,Cairo,4.8,0,0
R01137,2024-07-17,Silver,30,Lagos,4.6,0,0
R01138,2024-08-14,Gold,18,Nairobi,4.2,0,0
R01139,2025-04-19,Silver,38,Lagos,4.2,0,0
R01140,2024-11-27,Bronze,51,Cairo,4.1,0,1
R01141,2024-02-17,Bronze,35,Cairo,4.7,0,0
R01142,2024-01-13,Silver,41,Nairobi,5.0,0,1
R01143,2024-07-27,Silver,34,Nairobi,4.6,0,0
R01144,2023-09-18,Bronze,29,Nairobi,4.6,0,0
R01145,2024-07-18,Bronze,42,Nairobi,5.0,1,0
R01146,2024-12-21,Silver,41,Lagos,4.8,0,0
R01147,2025-01-26,Bronze,18,Cairo,4.6,0,1
R01148,2023-11-18,Silver,18,Cairo,3.7,0,0
R01149,2024-06-17,Bronze,38,Lagos,4.7,0,0
R01150,2023-05-20,Bronze,58,Cairo,4.4,0,1
R01151,2023-08-22,Bronze,34,Nairobi,4.2,0,0
R01152,2024-06-10,Bronze,49,Nairobi,3.8,0,0
R01153,2023-07-15,Bronze,33,Nairobi,4.9,1,0
R01154,2025-03-27,Bronze,35,Nairobi,4.9,0,1
R01155,2023-12-23,Bronze,28,Lagos,3.4,0,0
R01156,2024-11-18,Silver,30,Nairobi,4.9,1,1
R01157,2025-02-19,Bronze,26,Cairo,5.0,0,0
R01158,2023-10-26,Bronze,24,Cairo,4.2,0,0
R01159,2024-09-14,Silver,35,Lagos,4.3,0,0
R01160,2024-07-29,Bronze,34,Cairo,4.5,0,0
R01161,2024-02-19,Silver,33,Nairobi,4.2,1,1
R01162,2024-02-28,Bronze,29,Lagos,4.9,0,1
R01163,2023-06-17,Bronze,33,Cairo,4.6,0,0
R01164,2023-05-03,Bronze,27,Lagos,4.6,0,1
R01165,2023-11-24,Platinum,20,Nairobi,5.0,0,1
R01166,2024-01-29,Silver,21,Cairo,4.4,0,1
R01167,2024-01-21,Gold,33,Nairobi,4.0,0,0
R01168,2023-10-31,Bronze,34,Cairo,4.6,0,1
R01169,2024-05-07,Gold,32,Cairo,3.7,0,1
R01170,2023-11-16,Silver,48,Cairo,4.9,0,0
R01171,2024-10-26,Bronze,23,Cairo,5.0,0,0
R01172,2023-11-15,Bronze,48,Nairobi,5.0,0,0
R01173,2024-03-21,Gold,40,Nairobi,4.7,0,1
R01174,2024-03-15,Silver,32,Lagos,4.8,0,0
R01175,2025-03-20,Bronze,40,Lagos,4.6,0,1
R01176,2025-03-05,Silver,38,Lagos,4.6,0,0
R01177,2024-11-05,Bronze,29,Nairobi,4.1,0,1
R01178,2024-12-07,Bronze,18,Nairobi,5.0,0,1
R01179,2024-07-10,Silver,31,Nairobi,5.0,0,1
R01180,2024-01-19,Bronze,23,Cairo,4.8,0,1
R01181,2023-05-18,Bronze,28,Lagos,5.0,0,0
R01182,2024-08-19,Bronze,31,Lagos,5.0,0,1
R01183,2024-06-29,Bronze,41,Nairobi,5.0,0,1
R01184,2025-04-24,Bronze,26,Cairo,4.5,0,0
R01185,2023-07-26,Gold,37,Cairo,5.0,0,0
R01186,2024-03-06,Bronze,42,Lagos,3.6,0,1
R01187,2024-08-13,Bronze,22,Lagos,5.0,0,0
R01188,2023-11-28,Silver,53,Lagos,3.9,0,0
R01189,2023-09-24,Platinum,52,Lagos,5.0,0,0
R01190,2024-01-27,Bronze,31,Cairo,4.7,0,0
R01191,2023-11-23,Bronze,29,Cairo,4.3,0,0
R01192,2024-06-17,Platinum,33,Nairobi,4.4,0,1
R01193,2024-01-03,Bronze,25,Cairo,4.1,1,0
R01194,2024-07-23,Platinum,46,Nairobi,5.0,1,0
R01195,2023-09-17,Silver,38,Nairobi,4.8,0,0
R01196,2023-10-30,Gold,49,Lagos,5.0,1,0
R01197,2024-10-20,Bronze,38,Cairo,4.7,0,0
R01198,2023-10-31,Bronze,21,Nairobi,4.7,1,1
R01199,2025-01-17,Silver,41,Lagos,4.6,0,1
R01200,2025-03-14,Bronze,30,Lagos,4.7,0,1
R01201,2023-05-31,Bronze,28,Nairobi,4.2,0,0
R01202,2023-12-25,Bronze,45,Cairo,4.1,0,0
R01203,2023-11-08,Bronze,38,Lagos,5.0,0,0
R01204,2023-05-30,Silver,36,Nairobi,4.1,0,0
R01205,2025-01-19,Gold,25,Lagos,4.3,0,0
R01206,2025-03-01,Gold,66,Cairo,4.7,0,0
R01207,2024-11-07,Bronze,28,Nairobi,4.8,0,0
R01208,2023-12-15,Bronze,29,Cairo,5.0,0,0
R01209,2025-04-07,Gold,42,Lagos,4.2,0,1
R01210,2024-01-13,Bronze,24,Cairo,4.1,0,0
R01211,2023-07-29,Bronze,26,Cairo,5.0,0,0
R01212,2023-06-11,Silver,32,Lagos,4.1,0,0
R01213,2023-08-17,Bronze,34,Cairo,4.2,0,1
R01214,2024-12-20,Bronze,40,Lagos,4.2,0,1
R01215,2024-02-26,Bronze,38,Lagos,3.7,0,0
R01216,2023-07-09,Platinum,23,Nairobi,5.0,0,0
R01217,2024-10-24,Silver,24,Nairobi,5.0,0,1
R01218,2024-12-29,Gold,28,Lagos,3.9,0,0
R01219,2025-04-25,Bronze,41,Lagos,4.8,1,0
R01220,2024-11-16,Bronze,32,Nairobi,5.0,0,0
R01221,2023-12-26,Bronze,40,Cairo,4.0,0,0
R01222,2023-07-03,Bronze,37,Nairobi,4.3,0,1
R01223,2024-12-02,Bronze,42,Lagos,4.9,0,0
R01224,2024-08-16,Silver,23,Cairo,4.3,0,0
R01225,2025-04-10,Bronze,40,Nairobi,4.2,0,1
R01226,2024-06-23,Silver,38,Cairo,4.6,0,1
R01227,2024-12-04,Bronze,30,Cairo,3.8,0,0
R01228,2023-10-12,Bronze,35,Cairo,4.4,0,0
R01229,2023-09-04,Silver,28,Nairobi,4.7,0,1
R01230,2025-03-29,Bronze,46,Nairobi,3.9,0,0
R01231,2024-08-29,Silver,28,Cairo,4.3,0,0
R01232,2023-07-15,Silver,35,Nairobi,5.0,0,0
R01233,2024-05-22,Bronze,29,Cairo,5.0,0,0
R01234,2024-11-11,Silver,37,Cairo,4.8,0,1
R01235,2024-11-22,Silver,18,Cairo,4.5,0,0
R01236,2023-08-14,Bronze,38,Nairobi,5.0,0,0
R01237,2024-06-25,Silver,48,Nairobi,4.5,0,0
R01238,2025-02-12,Bronze,33,Nairobi,4.3,0,0
R01239,2024-09-02,Bronze,44,Nairobi,4.4,0,1
R01240,2023-07-12,Platinum,39,Cairo,5.0,0,0
R01241,2024-06-17,Bronze,44,Nairobi,4.4,0,0
R01242,2024-05-07,Silver,42,Cairo,4.9,1,0
R01243,2025-01-14,Silver,42,Lagos,4.2,0,1
R01244,2023-09-19,Platinum,18,Cairo,4.2,0,0
R01245,2024-01-13,Bronze,41,Lagos,4.5,0,0
R01246,2023-10-14,Silver,19,Lagos,4.0,0,0
R01247,2023-08-22,Gold,54,Lagos,5.0,0,0
R01248,2024-07-27,Bronze,42,Lagos,4.4,0,0
R01249,2025-02-16,Bronze,35,Cairo,4.8,0,1
R01250,2024-11-21,Gold,42,Cairo,3.8,0,0
R01251,2024-09-17,Silver,30,Cairo,4.9,0,0
R01252,2024-09-30,Bronze,38,Lagos,4.8,0,0
R01253,2025-02-01,Bronze,29,Nairobi,4.0,0,0
R01254,2025-02-03,Gold,37,Cairo,3.7,0,0
R01255,2025-04-04,Gold,32,Cairo,4.3,0,1
R01256,2024-08-27,Bronze,33,Cairo,5.0,0,1
R01257,2023-12-29,Bronze,37,Lagos,4.3,0,1
R01258,2023-05-08,Bronze,34,Lagos,4.6,0,0
R01259,2024-02-12,Bronze,28,Nairobi,4.4,0,0
R01260,2025-01-25,Silver,40,Cairo,4.3,0,0
R01261,2024-12-04,Bronze,35,Nairobi,4.2,0,0
R01262,2023-11-01,Silver,26,Nairobi,5.0,0,0
R01263,2024-03-20,Bronze,41,Nairobi,4.0,0,0
R01264,2023-05-29,Bronze,35,Lagos,5.0,0,0
R01265,2025-03-20,Bronze,47,Cairo,3.5,0,0
R01266,2023-07-29,Bronze,36,Nairobi,4.3,0,0
R01267,2024-07-18,Gold,34,Cairo,3.9,0,0
R01268,2024-01-02,Bronze,32,Nairobi,4.9,0,1
R01269,2024-01-19,Silver,43,Lagos,4.8,0,0
R01270,2024-11-28,Bronze,26,Nairobi,4.2,0,0
R01271,2024-01-30,Bronze,34,Nairobi,5.0,0,0
R01272,2023-05-11,Bronze,27,Nairobi,4.7,0,0
R01273,2024-04-28,Bronze,47,Nairobi,4.1,0,0
R01274,2023-05-11,Bronze,42,Cairo,4.0,0,1
R01275,2024-07-24,Platinum,31,Nairobi,4.2,1,0
R01276,2024-03-22,Bronze,42,Nairobi,4.9,0,0
R01277,2024-05-12,Bronze,24,Cairo,4.9,0,0
R01278,2025-04-25,Silver,31,Nairobi,4.2,0,0
R01279,2023-10-13,Silver,30,Lagos,4.4,0,1
R01280,2023-06-27,Bronze,18,Cairo,5.0,0,1
R01281,2025-01-07,Silver,32,Cairo,4.8,0,0
R01282,2024-10-02,Bronze,23,Cairo,4.6,0,1
R01283,2024-09-22,Bronze,43,Lagos,4.8,0,1
R01284,2024-04-25,Gold,32,Cairo,4.6,0,0
R01285,2023-12-19,Bronze,32,Cairo,4.2,0,0
R01286,2023-07-25,Bronze,41,Lagos,4.5,0,1
R01287,2024-08-17,Bronze,34,Cairo,4.7,0,0
R01288,2024-09-08,Bronze,31,Lagos,4.6,1,1
R01289,2023-12-15,Silver,36,Lagos,4.0,1,0
R01290,2024-02-17,Bronze,30,Cairo,4.4,1,0
R01291,2024-02-21,Silver,37,Nairobi,5.0,0,1
R01292,2024-05-13,Bronze,24,Cairo,4.7,0,0
R01293,2024-02-19,Bronze,41,Lagos,4.9,0,0
R01294,2024-11-24,Bronze,42,Lagos,4.2,0,0
R01295,2024-05-03,Bronze,44,Nairobi,4.9,0,1
R01296,2023-05-27,Bronze,42,Lagos,5.0,0,0
R01297,2024-10-26,Silver,35,Lagos,5.0,0,0
R01298,2023-07-18,Bronze,30,Nairobi,3.8,0,0
R01299,2024-11-06,Silver,31,Lagos,4.3,0,1
R01300,2023-08-15,Gold,31,Cairo,4.5,0,0
R01301,2025-04-07,Bronze,30,Nairobi,4.8,0,0
R01302,2024-03-10,Bronze,20,Nairobi,4.3,0,0
R01303,2024-04-11,Bronze,39,Cairo,3.8,0,1
R01304,2023-08-30,Bronze,39,Lagos,4.8,0,1
R01305,2024-09-20,Bronze,56,Lagos,5.0,0,1
R01306,2023-07-14,Gold,32,Nairobi,4.5,0,0
R01307,2024-11-11,Bronze,20,Nairobi,4.8,0,0
R01308,2023-11-23,Platinum,27,Nairobi,3.9,1,0
R01309,2023-06-07,Bronze,31,Lagos,5.0,0,1
R01310,2024-03-05,Silver,25,Lagos,4.2,0,0
R01311,2024-09-10,Bronze,26,Lagos,4.1,1,0
R01312,2023-10-28,Bronze,45,Cairo,4.1,0,0
R01313,2024-05-31,Platinum,37,Lagos,4.6,0,1
R01314,2023-05-08,Silver,46,Nairobi,4.6,1,1
R01315,2023-08-06,Bronze,45,Lagos,4.6,0,0
R01316,2024-05-31,Silver,42,Cairo,4.7,0,0
R01317,2025-02-13,Bronze,46,Lagos,3.7,0,0
R01318,2024-06-27,Silver,43,Nairobi,4.0,0,1
R01319,2024-07-23,Bronze,33,Cairo,4.5,0,1
R01320,2023-07-04,Silver,18,Lagos,3.8,0,0
R01321,2024-06-22,Silver,18,Nairobi,4.6,0,1
R01322,2023-10-01,Bronze,39,Lagos,5.0,0,1
R01323,2023-11-03,Silver,40,Lagos,4.2,0,0
R01324,2025-01-01,Bronze,32,Nairobi,4.2,0,0
R01325,2025-03-24,Bronze,26,Cairo,4.3,0,1
R01326,2025-04-19,Bronze,19,Cairo,3.9,0,1
R01327,2024-08-20,Gold,34,Cairo,4.5,0,0
R01328,2023-10-30,Bronze,35,Cairo,4.9,0,0
R01329,2024-06-27,Bronze,35,Nairobi,4.7,0,1
R01330,2025-02-18,Bronze,35,Cairo,4.9,0,0
R01331,2024-05-16,Bronze,46,Cairo,4.2,0,0
R01332,2025-01-31,Bronze,42,Cairo,4.6,1,0
R01333,2023-05-13,Bronze,40,Cairo,5.0,1,0
R01334,2024-05-18,Bronze,30,Lagos,4.4,0,0
R01335,2025-01-05,Gold,21,Lagos,5.0,0,0
R01336,2024-09-09,Bronze,35,Lagos,5.0,1,1
R01337,2023-08-13,Bronze,26,Lagos,4.5,1,1
R01338,2025-03-09,Silver,26,Cairo,4.3,0,0
R01339,2023-07-09,Bronze,18,Cairo,4.9,0,1
R01340,2023-12-30,Bronze,35,Lagos,4.4,0,0
R01341,2025-02-08,Bronze,45,Lagos,4.5,1,1
R01342,2023-12-02,Bronze,24,Cairo,5.0,0,0
R01343,2023-11-02,Platinum,28,Cairo,4.2,0,0
R01344,2024-05-08,Silver,40,Lagos,4.2,0,0
R01345,2024-04-04,Bronze,26,Nairobi,4.0,0,0
R01346,2023-11-19,Bronze,36,Cairo,5.0,0,1
R01347,2023-07-13,Bronze,18,Nairobi,4.9,0,0
R01348,2024-06-20,Bronze,28,Lagos,4.4,1,0
R01349,2024-05-16,Bronze,35,Nairobi,4.0,0,0
R01350,2023-11-26,Bronze,35,Cairo,4.3,0,0
R01351,2023-12-13,Silver,26,Cairo,5.0,0,1
R01352,2024-05-12,Bronze,30,Cairo,4.3,1,1
R01353,2023-07-21,Silver,35,Lagos,4.6,0,0
R01354,2025-01-23,Gold,35,Nairobi,3.9,0,0
R01355,2024-10-18,Bronze,40,Nairobi,4.2,0,0
R01356,2024-03-02,Bronze,52,Lagos,3.9,0,0
R01357,2025-02-09,Bronze,35,Cairo,5.0,0,0
R01358,2023-08-21,Bronze,18,Cairo,4.7,1,0
R01359,2024-05-23,Silver,53,Nairobi,4.4,0,0
R01360,2025-02-20,Bronze,48,Nairobi,4.0,0,1
R01361,2023-12-01,Silver,36,Cairo,4.0,0,1
R01362,2024-08-05,Silver,27,Lagos,4.0,0,0
R01363,2025-02-24,Silver,39,Cairo,5.0,0,0
R01364,2024-09-22,Silver,33,Cairo,4.0,0,1
R01365,2024-03-28,Bronze,48,Cairo,4.3,0,1
R01366,2025-04-23,Silver,48,Lagos,4.5,0,1
R01367,2024-11-28,Gold,45,Lagos,4.6,0,0
R01368,2024-09-15,Bronze,49,Cairo,5.0,1,1
R01369,2024-03-12,Bronze,54,Nairobi,4.8,0,0
R01370,2024-08-06,Bronze,43,Nairobi,4.9,1,1
R01371,2024-03-13,Bronze,44,Cairo,4.2,0,0
R01372,2024-08-31,Bronze,33,Nairobi,4.9,0,0
R01373,2025-01-19,Bronze,33,Cairo,4.8,0,0
R01374,2023-08-30,Gold,35,Nairobi,4.9,0,0
R01375,2023-04-29,Silver,51,Lagos,4.5,1,0
R01376,2025-02-15,Gold,42,Lagos,4.2,0,0
R01377,2025-01-28,Bronze,47,Lagos,5.0,0,0
R01378,2023-06-01,Bronze,30,Nairobi,3.8,0,0
R01379,2023-09-24,Bronze,47,Nairobi,4.3,0,0
R01380,2025-04-21,Platinum,58,Nairobi,4.9,0,0
R01381,2024-09-20,Gold,42,Nairobi,4.4,0,0
R01382,2025-01-24,Bronze,47,Cairo,4.1,0,1
R01383,2025-02-13,Bronze,34,Nairobi,4.6,0,0
R01384,2025-01-20,Gold,25,Nairobi,5.0,0,0
R01385,2024-12-21,Bronze,33,Nairobi,4.1,0,0
R01386,2024-07-25,Bronze,41,Cairo,4.0,0,1
R01387,2024-04-30,Silver,27,Nairobi,4.0,0,1
R01388,2023-10-02,Bronze,45,Lagos,4.6,0,1
R01389,2024-05-03,Bronze,42,Nairobi,4.8,0,0
R01390,2025-04-24,Bronze,27,Nairobi,4.2,0,1
R01391,2023-10-02,Bronze,41,Cairo,4.1,0,0
R01392,2023-09-06,Bronze,45,Nairobi,5.0,0,0
R01393,2023-06-23,Bronze,55,Lagos,5.0,0,0
R01394,2023-06-25,Bronze,41,Cairo,4.3,0,0
R01395,2023-07-16,Bronze,35,Lagos,4.5,0,1
R01396,2024-09-30,Bronze,35,Nairobi,3.9,0,1
R01397,2023-09-25,Bronze,43,Lagos,4.0,0,0
R01398,2024-08-06,Bronze,36,Lagos,5.0,0,0
R01399,2024-10-25,Platinum,20,Nairobi,4.2,0,0
R01400,2023-12-31,Silver,28,Nairobi,3.6,0,0
R01401,2023-09-20,Bronze,20,Cairo,4.3,0,1
R01402,2025-02-06,Bronze,30,Lagos,4.2,0,1
R01403,2024-01-06,Bronze,42,Nairobi,4.7,0,0
R01404,2024-07-15,Bronze,54,Lagos,4.3,0,0
R01405,2024-04-26,Silver,30,Nairobi,4.5,0,0
R01406,2023-10-10,Bronze,37,Nairobi,3.7,0,1
R01407,2024-01-02,Silver,31,Lagos,5.0,0,0
R01408,2023-09-10,Bronze,26,Cairo,4.2,0,0
R01409,2023-06-19,Silver,27,Nairobi,4.3,0,0
R01410,2024-07-04,Bronze,46,Lagos,5.0,0,0
R01411,2024-02-20,Bronze,34,Nairobi,4.7,0,0
R01412,2024-05-23,Bronze,25,Cairo,4.6,0,0
R01413,2025-03-07,Silver,18,Lagos,4.8,0,0
R01414,2023-07-25,Platinum,31,Cairo,3.9,0,1
R01415,2024-08-20,Silver,53,Cairo,5.0,0,0
R01416,2023-05-04,Bronze,35,Nairobi,4.9,1,0
R01417,2024-09-15,Silver,22,Nairobi,5.0,0,0
R01418,2024-01-17,Silver,39,Nairobi,4.2,0,0
R01419,2024-07-03,Bronze,28,Lagos,4.9,0,0
R01420,2024-03-25,Bronze,25,Cairo,5.0,0,1
R01421,2023-08-04,Bronze,44,Nairobi,3.8,0,1
R01422,2025-03-30,Bronze,33,Nairobi,5.0,0,0
R01423,2024-04-15,Bronze,53,Cairo,4.3,0,0
R01424,2024-06-21,Bronze,34,Lagos,3.8,0,0
R01425,2024-03-23,Bronze,42,Cairo,4.2,0,0
R01426,2024-11-28,Silver,39,Cairo,4.2,0,0
R01427,2023-08-14,Silver,22,Lagos,4.0,0,0
R01428,2025-01-14,Silver,40,Lagos,4.8,1,1
R01429,2023-08-27,Silver,22,Nairobi,4.2,0,1
R01430,2024-04-11,Bronze,33,Nairobi,5.0,0,0
R01431,2024-09-26,Bronze,21,Cairo,4.2,0,1
R01432,2023-07-31,Platinum,18,Cairo,5.0,0,0
R01433,2024-12-22,Platinum,36,Cairo,4.6,0,1
R01434,2024-09-25,Bronze,38,Lagos,4.2,0,0
R01435,2023-08-14,Bronze,43,Cairo,4.9,1,1
R01436,2024-12-31,Silver,55,Cairo,4.0,0,0
R01437,2023-05-06,Bronze,43,Lagos,4.8,0,0
R01438,2024-06-02,Bronze,21,Cairo,3.6,0,0
R01439,2023-12-21,Silver,35,Nairobi,5.0,0,1
R01440,2024-05-01,Bronze,30,Lagos,5.0,0,0
R01441,2024-06-04,Bronze,31,Nairobi,4.8,0,0
R01442,2023-12-08,Bronze,31,Cairo,5.0,0,0
R01443,2023-08-29,Silver,48,Cairo,4.4,0,1
R01444,2023-08-29,Bronze,22,Lagos,4.7,0,0
R01445,2025-04-11,Bronze,35,Lagos,4.8,1,1
R01446,2023-10-28,Bronze,30,Lagos,4.3,0,0
R01447,2023-07-14,Bronze,20,Lagos,4.3,1,1
R01448,2024-04-08,Silver,48,Cairo,5.0,0,0
R01449,2024-04-18,Bronze,33,Lagos,4.2,0,0
R01450,2023-10-24,Silver,24,Lagos,4.5,0,0
R01451,2024-10-20,Bronze,18,Nairobi,3.9,0,1
R01452,2025-02-23,Bronze,46,Lagos,5.0,0,0
R01453,2024-11-08,Bronze,31,Nairobi,4.5,1,1
R01454,2023-05-02,Bronze,29,Cairo,4.2,0,0
R01455,2023-09-09,Silver,33,Lagos,4.1,0,1
R01456,2025-01-17,Silver,26,Cairo,3.1,0,0
R01457,2024-02-19,Bronze,38,Nairobi,3.8,0,1
R01458,2023-06-07,Silver,41,Nairobi,3.9,0,1
R01459,2024-03-06,Bronze,32,Nairobi,5.0,0,0
R01460,2024-10-26,Silver,52,Nairobi,4.6,1,1
R01461,2025-04-21,Bronze,20,Nairobi,3.9,0,1
R01462,2023-06-18,Bronze,31,Nairobi,4.6,1,0
R01463,2024-11-27,Silver,44,Lagos,4.3,0,0
R01464,2025-03-24,Bronze,33,Nairobi,4.1,1,0
R01465,2024-11-06,Silver,33,Nairobi,4.2,1,0
R01466,2024-01-05,Bronze,29,Lagos,5.0,0,0
R01467,2024-07-25,Silver,45,Lagos,4.2,0,0
R01468,2025-01-20,Bronze,33,Cairo,4.1,0,1
R01469,2024-10-27,Bronze,38,Nairobi,4.8,0,1
R01470,2024-05-19,Bronze,37,Lagos,4.9,0,1
R01471,2025-02-05,Silver,25,Lagos,3.7,0,0
R01472,2024-12-22,Gold,38,Cairo,4.9,0,0
R01473,2023-09-23,Bronze,58,Lagos,4.3,0,0
R01474,2024-03-28,Bronze,44,Lagos,5.0,0,0
R01475,2025-03-01,Bronze,51,Nairobi,4.6,0,0
R01476,2023-07-09,Bronze,29,Nairobi,3.5,0,0
R01477,2024-11-18,Bronze,42,Cairo,4.1,0,0
R01478,2024-11-13,Silver,34,Lagos,4.2,0,0
R01479,2023-12-19,Silver,35,Nairobi,5.0,0,0
R01480,2023-11-21,Silver,38,Cairo,4.6,0,0
R01481,2023-12-21,Bronze,44,Lagos,4.9,1,0
R01482,2025-01-24,Bronze,48,Nairobi,5.0,0,1
R01483,2025-03-03,Gold,35,Cairo,4.6,0,0
R01484,2024-05-23,Silver,44,Nairobi,4.1,0,0
R01485,2025-02-26,Silver,24,Nairobi,4.5,0,0
R01486,2024-12-13,Bronze,25,Cairo,3.5,0,0
R01487,2023-10-16,Gold,55,Nairobi,3.8,0,1
R01488,2023-07-03,Bronze,31,Nairobi,5.0,0,0
R01489,2024-01-23,Silver,23,Cairo,4.5,1,0
R01490,2025-01-18,Silver,33,Nairobi,5.0,0,0
R01491,2023-11-16,Bronze,31,Cairo,3.9,0,0
R01492,2024-01-24,Silver,32,Lagos,4.7,0,0
R01493,2024-09-11,Platinum,37,Cairo,4.4,0,0
R01494,2023-05-21,Bronze,55,Nairobi,4.6,0,0
R01495,2024-02-14,Gold,38,Lagos,4.0,0,0
R01496,2023-07-05,Bronze,37,Lagos,4.5,1,0
R01497,2024-07-21,Silver,40,Lagos,4.9,0,1
R01498,2023-12-16,Bronze,35,Cairo,4.7,0,0
R01499,2023-05-14,Bronze,40,Lagos,3.5,0,0
R01500,2023-09-15,Bronze,30,Nairobi,4.1,0,0
R01501,2025-04-21,Bronze,18,Nairobi,4.3,0,0
R01502,2023-09-07,Platinum,33,Cairo,5.0,0,0
R01503,2024-10-05,Bronze,34,Lagos,4.8,0,0
R01504,2025-02-25,Silver,19,Lagos,4.6,0,1
R01505,2024-12-18,Silver,32,Lagos,3.5,0,1
R01506,2024-09-09,Bronze,30,Nairobi,5.0,0,0
R01507,2024-12-06,Gold,22,Cairo,4.4,0,0
R01508,2023-08-19,Silver,20,Lagos,4.3,0,0
R01509,2023-11-04,Gold,46,Lagos,4.0,0,0
R01510,2024-11-28,Bronze,18,Nairobi,4.5,0,0
R01511,2024-03-16,Bronze,20,Nairobi,4.1,1,1
R01512,2025-04-09,Bronze,63,Lagos,5.0,0,0
R01513,2024-07-07,Bronze,33,Lagos,4.5,0,0
R01514,2024-11-01,Platinum,45,Cairo,4.0,0,0
R01515,2023-08-03,Gold,40,Lagos,4.2,0,0
R01516,2023-07-05,Gold,44,Lagos,4.7,0,1
R01517,2023-06-25,Silver,28,Nairobi,4.2,1,1
R01518,2024-06-16,Bronze,61,Cairo,4.0,0,1
R01519,2023-05-04,Bronze,42,Cairo,4.9,0,0
R01520,2025-01-08,Bronze,36,Lagos,3.8,1,1
R01521,2025-04-08,Gold,31,Nairobi,4.6,0,0
R01522,2023-11-20,Bronze,25,Lagos,5.0,0,0
R01523,2024-05-19,Bronze,20,Nairobi,4.4,0,0
R01524,2024-05-02,Silver,38,Nairobi,5.0,0,1
R01525,2025-01-26,Bronze,27,Nairobi,4.8,0,0
R01526,2023-10-19,Silver,52,Lagos,5.0,0,0
R01527,2024-02-18,Bronze,24,Nairobi,5.0,0,0
R01528,2023-12-29,Silver,39,Lagos,4.1,0,0
R01529,2024-08-30,Bronze,41,Cairo,5.0,0,1
R01530,2024-04-02,Silver,37,Lagos,4.5,0,0
R01531,2023-06-14,Gold,46,Cairo,4.4,0,0
R01532,2024-11-23,Bronze,24,Cairo,4.1,0,0
R01533,2023-10-08,Silver,60,Lagos,3.8,0,1
R01534,2024-03-11,Platinum,21,Lagos,5.0,0,1
R01535,2024-07-03,Bronze,18,Cairo,5.0,0,0
R01536,2024-08-24,Gold,38,Cairo,4.1,0,0
R01537,2023-10-10,Bronze,30,Cairo,5.0,0,0
R01538,2025-03-01,Silver,35,Nairobi,4.9,0,0
R01539,2023-12-23,Gold,47,Cairo,4.4,0,0
R01540,2025-01-04,Bronze,22,Nairobi,4.2,0,0
R01541,2024-12-17,Silver,40,Cairo,4.3,0,1
R01542,2024-11-12,Bronze,27,Nairobi,3.8,0,0
R01543,2025-01-30,Silver,59,Cairo,4.6,0,0
R01544,2024-03-27,Bronze,31,Cairo,3.6,0,0
R01545,2024-05-01,Bronze,43,Nairobi,3.9,0,1
R01546,2024-05-22,Gold,42,Cairo,4.8,0,1
R01547,2023-08-02,Silver,25,Cairo,4.5,1,0
R01548,2024-11-26,Platinum,36,Nairobi,4.2,0,1
R01549,2023-06-13,Bronze,38,Cairo,4.7,0,1
R01550,2025-03-13,Bronze,43,Cairo,4.9,0,0
R01551,2023-09-02,Bronze,37,Cairo,4.4,0,0
R01552,2024-06-26,Bronze,57,Cairo,4.4,1,1
R01553,2025-03-21,Bronze,44,Nairobi,5.0,0,0
R01554,2025-03-20,Bronze,18,Nairobi,4.3,0,0
R01555,2024-10-06,Gold,42,Nairobi,4.3,0,0
R01556,2024-02-03,Bronze,37,Nairobi,3.9,0,0
R01557,2023-10-17,Bronze,53,Cairo,4.6,0,0
R01558,2023-06-09,Bronze,19,Lagos,4.8,0,0
R01559,2025-01-24,Bronze,28,Cairo,4.0,0,0
R01560,2024-09-04,Bronze,41,Lagos,4.2,0,0
R01561,2024-03-11,Bronze,48,Nairobi,4.7,0,1
R01562,2023-11-13,Bronze,54,Nairobi,4.4,0,0
R01563,2025-03-30,Bronze,55,Lagos,5.0,1,0
R01564,2025-04-05,Silver,29,Cairo,4.9,0,0
R01565,2025-01-18,Bronze,44,Nairobi,5.0,0,0
R01566,2025-01-07,Silver,39,Cairo,3.8,0,0
R01567,2024-09-12,Silver,42,Lagos,4.3,0,0
R01568,2023-05-07,Bronze,19,Cairo,3.4,0,1
R01569,2023-05-03,Silver,18,Nairobi,4.5,0,1
R01570,2024-09-23,Bronze,18,Cairo,3.6,0,0
R01571,2024-09-19,Bronze,55,Lagos,4.2,0,0
R01572,2023-07-27,Silver,36,Cairo,4.4,0,0
R01573,2024-04-20,Bronze,40,Cairo,4.2,0,0
R01574,2024-11-07,Silver,36,Lagos,4.0,1,0
R01575,2023-12-09,Silver,55,Nairobi,5.0,0,1
R01576,2023-06-23,Silver,33,Nairobi,4.5,1,0
R01577,2024-09-16,Silver,40,Nairobi,4.9,0,0
R01578,2023-06-09,Silver,47,Cairo,4.6,1,1
R01579,2023-07-25,Bronze,26,Lagos,4.9,0,1
R01580,2025-02-05,Bronze,46,Cairo,4.9,0,0
R01581,2024-04-21,Gold,27,Lagos,4.4,0,0
R01582,2024-06-16,Bronze,30,Cairo,4.9,0,0
R01583,2024-07-08,Bronze,41,Cairo,4.5,0,1
R01584,2023-07-03,Silver,42,Lagos,4.4,0,1
R01585,2023-08-11,Silver,48,Cairo,4.5,0,0
R01586,2024-02-25,Silver,44,Lagos,3.8,1,0
R01587,2025-04-17,Bronze,43,Lagos,4.8,0,0
R01588,2023-09-08,Bronze,32,Nairobi,5.0,0,0
R01589,2025-02-03,Bronze,21,Lagos,4.2,0,0
R01590,2024-06-21,Bronze,18,Lagos,4.4,0,1
R01591,2025-01-27,Gold,32,Lagos,4.0,0,0
R01592,2025-02-07,Bronze,24,Nairobi,4.4,0,0
R01593,2024-05-09,Bronze,23,Nairobi,4.2,0,1
R01594,2023-09-17,Silver,39,Nairobi,4.9,0,0
R01595,2024-11-21,Platinum,37,Lagos,4.2,0,0
R01596,2024-12-09,Silver,40,Lagos,4.2,0,0
R01597,2024-02-03,Bronze,31,Cairo,4.5,0,1
R01598,2023-10-25,Gold,25,Cairo,3.6,0,1
R01599,2023-08-16,Bronze,33,Lagos,4.0,0,0
R01600,2023-05-10,Silver,40,Nairobi,4.4,1,0
R01601,2023-06-24,Bronze,27,Cairo,3.6,0,0
R01602,2023-12-11,Silver,28,Cairo,4.6,1,1
R01603,2023-09-18,Bronze,30,Cairo,5.0,0,0
R01604,2024-06-16,Silver,45,Nairobi,4.1,0,0
R01605,2023-08-17,Bronze,48,Cairo,4.5,0,0
R01606,2024-07-05,Bronze,38,Cairo,4.1,0,0
R01607,2023-05-05,Gold,39,Nairobi,4.2,0,0
R01608,2024-05-24,Bronze,42,Lagos,4.5,0,0
R01609,2025-01-20,Silver,35,Cairo,5.0,0,0
R01610,2025-03-26,Bronze,21,Nairobi,3.5,0,1
R01611,2024-08-20,Bronze,37,Nairobi,5.0,0,0
R01612,2023-09-28,Bronze,18,Nairobi,4.3,0,0
R01613,2024-09-16,Bronze,34,Nairobi,4.6,0,0
R01614,2024-12-08,Silver,23,Nairobi,3.7,1,0
R01615,2024-12-23,Bronze,29,Nairobi,4.2,0,1
R01616,2024-07-18,Gold,45,Cairo,4.3,1,0
R01617,2025-01-23,Bronze,22,Nairobi,4.5,0,0
R01618,2025-01-21,Bronze,35,Lagos,4.7,0,0
R01619,2024-10-04,Gold,25,Cairo,4.2,0,0
R01620,2023-07-01,Silver,34,Lagos,4.4,0,0
R01621,2024-05-04,Silver,50,Cairo,4.2,0,0
R01622,2023-05-11,Silver,30,Nairobi,4.1,0,0
R01623,2024-02-22,Bronze,52,Nairobi,4.4,0,0
R01624,2025-03-21,Silver,48,Cairo,4.1,0,0
R01625,2024-06-18,Silver,30,Lagos,3.7,0,0
R01626,2025-02-11,Silver,47,Nairobi,4.2,0,0
R01627,2024-07-23,Silver,37,Cairo,4.1,0,0
R01628,2024-03-04,Silver,27,Nairobi,4.7,0,0
R01629,2024-03-05,Bronze,32,Lagos,3.6,0,0
R01630,2023-11-01,Gold,23,Lagos,4.1,0,0
R01631,2024-10-25,Bronze,48,Nairobi,4.6,0,0
R01632,2024-09-08,Gold,43,Lagos,4.1,1,0
R01633,2024-03-22,Bronze,44,Cairo,4.7,0,0
R01634,2024-05-05,Bronze,49,Lagos,3.4,1,0
R01635,2025-04-08,Bronze,36,Cairo,5.0,0,0
R01636,2025-03-08,Silver,26,Lagos,4.2,0,0
R01637,2024-12-17,Bronze,18,Nairobi,5.0,1,0
R01638,2024-06-08,Bronze,30,Nairobi,4.8,0,1
R01639,2024-06-28,Silver,33,Lagos,4.2,0,1
R01640,2023-11-17,Bronze,28,Lagos,4.5,0,0
R01641,2024-07-29,Gold,31,Cairo,4.5,0,0
R01642,2025-03-10,Bronze,23,Nairobi,4.5,0,1
R01643,2023-05-17,Bronze,29,Cairo,3.9,0,0
R01644,2023-05-12,Platinum,48,Nairobi,4.5,0,0
R01645,2024-12-01,Bronze,30,Nairobi,4.7,0,0
R01646,2025-02-12,Bronze,58,Lagos,5.0,0,1
R01647,2024-08-09,Silver,35,Nairobi,4.0,0,0
R01648,2024-12-10,Silver,41,Lagos,5.0,0,0
R01649,2025-01-02,Bronze,50,Nairobi,4.9,0,0
R01650,2023-06-28,Bronze,24,Lagos,4.8,0,0
R01651,2024-02-15,Bronze,44,Nairobi,4.9,0,0
R01652,2025-03-12,Bronze,36,Cairo,4.0,0,0
R01653,2023-10-20,Bronze,29,Cairo,4.6,0,0
R01654,2023-07-08,Bronze,29,Lagos,4.4,0,0
R01655,2024-07-15,Silver,24,Nairobi,4.5,0,0
R01656,2025-01-14,Bronze,34,Cairo,4.0,0,0
R01657,2024-08-19,Bronze,45,Nairobi,4.3,0,0
R01658,2025-01-01,Gold,28,Nairobi,4.5,0,0
R01659,2023-05-03,Bronze,40,Cairo,5.0,0,1
R01660,2024-10-22,Bronze,26,Lagos,5.0,0,0
R01661,2024-01-21,Bronze,48,Cairo,4.4,0,0
R01662,2023-11-06,Bronze,50,Lagos,4.1,0,0
R01663,2025-01-28,Bronze,18,Nairobi,4.7,0,0
R01664,2025-01-30,Silver,22,Nairobi,4.5,0,0
R01665,2023-05-19,Silver,22,Lagos,4.4,0,0
R01666,2024-10-28,Bronze,44,Nairobi,5.0,0,0
R01667,2023-11-14,Silver,42,Nairobi,3.9,0,1
R01668,2024-07-08,Gold,34,Cairo,4.5,0,0
R01669,2024-10-04,Bronze,18,Nairobi,4.6,0,1
R01670,2024-05-17,Bronze,50,Lagos,4.9,0,0
R01671,2023-06-14,Silver,38,Lagos,4.3,0,1
R01672,2024-12-02,Bronze,41,Cairo,4.3,0,0
R01673,2024-04-06,Platinum,35,Cairo,4.0,0,0
R01674,2024-05-14,Silver,36,Cairo,4.5,0,0
R01675,2025-04-15,Bronze,41,Nairobi,5.0,0,0
R01676,2023-12-24,Bronze,49,Nairobi,4.6,0,1
R01677,2023-10-04,Bronze,47,Cairo,4.1,0,1
R01678,2023-08-21,Bronze,49,Cairo,4.4,0,0
R01679,2024-10-09,Bronze,37,Lagos,4.1,0,1
R01680,2024-04-07,Bronze,48,Lagos,5.0,0,0
R01681,2023-10-17,Bronze,35,Lagos,4.0,0,0
R01682,2023-09-01,Gold,26,Nairobi,4.1,0,0
R01683,2023-04-30,Bronze,26,Nairobi,3.8,0,1
R01684,2025-03-06,Silver,36,Lagos,4.0,0,1
R01685,2023-10-30,Bronze,27,Lagos,4.8,0,1
R01686,2023-09-25,Silver,43,Lagos,4.9,0,0
R01687,2023-08-17,Bronze,19,Nairobi,5.0,0,0
R01688,2023-09-12,Bronze,27,Lagos,5.0,0,0
R01689,2023-07-19,Bronze,38,Nairobi,4.2,0,0
R01690,2024-09-22,Bronze,27,Nairobi,4.1,0,0
R01691,2024-06-25,Gold,19,Cairo,4.3,0,0
R01692,2023-06-23,Silver,31,Nairobi,4.1,0,1
R01693,2023-06-16,Bronze,27,Lagos,4.7,0,0
R01694,2023-12-25,Silver,39,Nairobi,4.4,0,0
R01695,2024-02-18,Bronze,23,Nairobi,5.0,0,1
R01696,2025-03-28,Bronze,20,Nairobi,5.0,0,0
R01697,2025-04-03,Bronze,33,Lagos,4.5,0,1
R01698,2024-04-16,Platinum,23,Nairobi,3.9,1,1
R01699,2024-04-14,Bronze,45,Cairo,5.0,0,0
R01700,2023-05-04,Bronze,44,Lagos,4.3,0,1
R01701,2023-06-20,Silver,38,Lagos,3.8,0,0
R01702,2023-08-04,Silver,33,Nairobi,3.7,1,0
R01703,2023-08-13,Silver,28,Lagos,3.8,0,0
R01704,2024-01-14,Bronze,34,Lagos,4.5,0,0
R01705,2024-05-12,Gold,33,Nairobi,4.9,0,0
R01706,2024-06-25,Bronze,33,Cairo,4.0,0,1
R01707,2024-05-27,Gold,30,Nairobi,4.8,0,1
R01708,2024-01-29,Bronze,39,Nairobi,4.9,0,0
R01709,2024-09-14,Bronze,35,Nairobi,5.0,0,0
R01710,2024-01-03,Bronze,35,Nairobi,4.5,0,0
R01711,2024-03-07,Bronze,31,Nairobi,4.6,0,0
R01712,2023-05-22,Silver,38,Cairo,5.0,1,0
R01713,2024-12-21,Bronze,18,Lagos,5.0,1,0
R01714,2025-02-08,Bronze,41,Lagos,4.5,0,0
R01715,2023-12-10,Bronze,49,Lagos,5.0,0,0
R01716,2025-03-16,Bronze,30,Cairo,4.8,0,0
R01717,2023-09-24,Bronze,39,Nairobi,4.7,0,1
R01718,2024-05-31,Bronze,33,Cairo,4.6,0,0
R01719,2024-10-12,Bronze,18,Lagos,4.8,1,1
R01720,2023-09-17,Bronze,24,Lagos,4.1,0,0
R01721,2023-12-30,Silver,38,Nairobi,4.4,0,1
R01722,2024-08-20,Bronze,27,Lagos,4.3,0,1
R01723,2023-08-18,Bronze,47,Cairo,4.1,0,0
R01724,2024-02-21,Silver,36,Nairobi,4.5,0,1
R01725,2024-02-11,Silver,28,Cairo,3.7,0,0
R01726,2023-04-30,Bronze,18,Cairo,3.8,0,0
R01727,2023-08-28,Silver,48,Lagos,4.5,0,0
R01728,2023-12-14,Bronze,41,Nairobi,3.9,0,1
R01729,2023-05-29,Bronze,33,Cairo,4.5,0,0
R01730,2024-01-05,Silver,37,Lagos,5.0,0,0
R01731,2024-07-29,Silver,35,Cairo,4.8,0,1
R01732,2024-04-26,Bronze,44,Lagos,4.7,0,1
R01733,2024-07-31,Bronze,33,Lagos,3.9,0,0
R01734,2023-09-15,Silver,45,Lagos,4.2,1,0
R01735,2024-10-13,Gold,28,Nairobi,4.8,0,1
R01736,2023-07-26,Bronze,34,Nairobi,4.5,0,0
R01737,2024-10-19,Gold,18,Cairo,4.7,0,0
R01738,2024-07-19,Bronze,28,Cairo,5.0,0,1
R01739,2024-09-24,Bronze,31,Lagos,4.2,0,1
R01740,2024-02-20,Silver,41,Nairobi,5.0,0,0
R01741,2024-04-11,Bronze,37,Lagos,4.4,0,0
R01742,2024-08-04,Gold,43,Lagos,4.2,0,1
R01743,2023-08-08,Silver,50,Nairobi,4.0,0,0
R01744,2023-09-26,Bronze,38,Lagos,4.0,0,0
R01745,2024-07-30,Bronze,40,Lagos,4.3,0,1
R01746,2023-07-11,Bronze,30,Nairobi,4.9,0,1
R01747,2024-11-18,Bronze,33,Lagos,4.2,1,1
R01748,2023-12-16,Bronze,32,Nairobi,4.8,0,0
R01749,2024-04-29,Bronze,44,Nairobi,3.8,0,0
R01750,2023-12-26,Bronze,32,Nairobi,3.7,0,0
R01751,2024-11-13,Silver,37,Cairo,4.5,0,0
R01752,2023-05-11,Bronze,41,Nairobi,3.8,1,0
R01753,2023-09-20,Silver,35,Lagos,4.9,0,0
R01754,2023-05-19,Bronze,29,Lagos,4.8,0,0
R01755,2023-08-25,Silver,27,Lagos,4.2,1,1
R01756,2025-01-15,Silver,22,Nairobi,5.0,0,0
R01757,2023-08-17,Bronze,46,Lagos,5.0,0,0
R01758,2023-12-03,Bronze,50,Nairobi,4.3,0,0
R01759,2024-02-10,Bronze,40,Lagos,5.0,0,1
R01760,2025-02-26,Bronze,38,Cairo,4.9,0,1
R01761,2025-03-12,Bronze,30,Lagos,5.0,1,1
R01762,2024-10-25,Bronze,24,Cairo,4.3,0,1
R01763,2024-02-18,Bronze,40,Lagos,3.8,0,1
R01764,2023-07-26,Bronze,45,Nairobi,5.0,0,0
R01765,2025-02-28,Bronze,36,Cairo,4.9,0,0
R01766,2024-07-28,Bronze,22,Lagos,4.3,0,0
R01767,2025-03-20,Platinum,51,Cairo,4.7,0,1
R01768,2024-03-27,Bronze,28,Lagos,4.3,0,1
R01769,2023-08-23,Silver,36,Nairobi,4.9,0,0
R01770,2023-08-25,Bronze,42,Lagos,4.4,0,0
R01771,2024-12-24,Bronze,42,Cairo,4.1,0,0
R01772,2024-03-14,Silver,48,Lagos,4.6,0,1
R01773,2023-07-11,Gold,34,Cairo,4.9,0,1
R01774,2023-06-12,Bronze,35,Cairo,4.4,0,0
R01775,2024-12-24,Silver,30,Cairo,4.7,0,0
R01776,2024-10-31,Gold,31,Cairo,4.7,0,0
R01777,2024-03-08,Bronze,48,Lagos,5.0,0,1
R01778,2023-10-08,Bronze,24,Cairo,4.7,0,0
R01779,2023-11-03,Platinum,18,Cairo,4.4,1,0
R01780,2023-05-22,Bronze,18,Lagos,4.8,0,0
R01781,2024-07-21,Bronze,28,Lagos,5.0,0,0
R01782,2023-10-18,Gold,31,Lagos,4.0,0,0
R01783,2024-01-25,Silver,25,Nairobi,4.6,0,0
R01784,2024-06-09,Silver,31,Lagos,4.5,0,0
R01785,2024-07-31,Bronze,41,Cairo,4.4,0,0
R01786,2024-08-16,Silver,40,Nairobi,5.0,0,1
R01787,2023-08-26,Bronze,35,Cairo,4.7,0,0
R01788,2024-09-08,Bronze,37,Nairobi,4.9,0,0
R01789,2024-12-13,Bronze,51,Cairo,4.5,0,0
R01790,2025-01-06,Bronze,30,Nairobi,4.6,1,1
R01791,2024-07-09,Bronze,23,Lagos,5.0,0,1
R01792,2024-06-09,Bronze,27,Nairobi,4.0,1,1
R01793,2024-01-05,Bronze,42,Cairo,4.1,0,0
R01794,2023-12-11,Silver,32,Cairo,4.1,0,1
R01795,2025-03-18,Bronze,41,Lagos,4.7,0,0
R01796,2023-11-26,Bronze,18,Cairo,4.5,0,0
R01797,2023-06-16,Silver,35,Nairobi,4.1,0,0
R01798,2024-02-15,Gold,47,Cairo,4.9,0,0
R01799,2024-07-10,Bronze,33,Cairo,4.8,0,0
R01800,2023-05-18,Silver,46,Lagos,4.3,0,0
R01801,2024-02-25,Bronze,38,Lagos,4.4,0,1
R01802,2024-03-30,Bronze,34,Cairo,3.3,0,0
R01803,2025-01-01,Bronze,57,Lagos,5.0,0,1
R01804,2025-01-10,Silver,27,Nairobi,4.5,0,1
R01805,2024-05-20,Bronze,44,Cairo,5.0,0,0
R01806,2024-07-18,Bronze,33,Nairobi,5.0,0,0
R01807,2024-08-04,Silver,39,Lagos,4.1,0,0
R01808,2024-06-06,Bronze,20,Cairo,4.3,0,0
R01809,2024-12-11,Bronze,32,Nairobi,4.7,0,0
R01810,2023-07-20,Silver,29,Nairobi,4.1,0,1
R01811,2023-06-12,Bronze,29,Lagos,5.0,0,1
R01812,2024-12-11,Gold,39,Nairobi,4.1,0,1
R01813,2023-11-27,Platinum,35,Lagos,4.6,0,0
R01814,2023-08-20,Bronze,48,Lagos,4.5,0,0
R01815,2023-09-28,Bronze,36,Lagos,4.3,0,1
R01816,2023-10-24,Platinum,18,Nairobi,4.6,1,1
R01817,2024-04-05,Bronze,29,Cairo,4.6,0,0
R01818,2024-07-25,Bronze,46,Nairobi,4.4,0,0
R01819,2024-10-11,Bronze,32,Cairo,4.7,0,1
R01820,2023-05-31,Bronze,33,Lagos,4.6,0,1
R01821,2024-04-13,Bronze,40,Cairo,4.5,0,0
R01822,2023-05-29,Silver,29,Cairo,4.9,1,1
R01823,2024-06-29,Bronze,60,Lagos,4.5,0,0
R01824,2024-03-29,Silver,54,Lagos,4.5,0,0
R01825,2023-11-10,Bronze,45,Nairobi,5.0,0,0
R01826,2023-10-14,Bronze,24,Cairo,4.5,0,0
R01827,2025-03-13,Bronze,41,Nairobi,4.4,0,1
R01828,2023-07-25,Bronze,36,Lagos,4.3,0,0
R01829,2023-07-23,Bronze,25,Lagos,3.6,1,1
R01830,2025-03-06,Bronze,40,Lagos,4.7,0,0
R01831,2023-11-28,Silver,21,Nairobi,4.4,1,1
R01832,2023-09-30,Bronze,43,Cairo,4.4,0,0
R01833,2024-06-20,Silver,47,Nairobi,5.0,0,0
R01834,2023-05-28,Bronze,43,Lagos,5.0,0,1
R01835,2023-11-28,Silver,41,Lagos,3.4,0,1
R01836,2023-11-19,Silver,35,Lagos,3.9,0,1
R01837,2025-01-24,Bronze,18,Nairobi,4.3,0,0
R01838,2024-01-09,Platinum,38,Nairobi,4.5,0,1
R01839,2024-07-26,Bronze,38,Cairo,5.0,1,1
R01840,2024-01-27,Bronze,44,Lagos,4.3,0,0
R01841,2023-06-26,Silver,26,Cairo,5.0,0,0
R01842,2024-10-31,Bronze,34,Cairo,4.5,0,0
R01843,2024-03-19,Platinum,68,Cairo,4.7,0,1
R01844,2025-01-14,Silver,46,Nairobi,4.9,1,0
R01845,2025-03-30,Silver,35,Nairobi,3.7,1,0
R01846,2024-02-21,Silver,36,Nairobi,4.2,0,0
R01847,2023-08-12,Bronze,35,Cairo,4.8,0,1
R01848,2025-01-26,Bronze,28,Cairo,4.0,0,0
R01849,2024-12-17,Bronze,24,Nairobi,3.7,0,0
R01850,2024-09-24,Bronze,30,Cairo,4.4,1,1
R01851,2024-01-12,Bronze,40,Lagos,5.0,0,0
R01852,2023-05-30,Silver,37,Lagos,4.5,0,1
R01853,2024-12-26,Silver,49,Nairobi,3.9,0,0
R01854,2024-09-05,Bronze,21,Nairobi,4.8,1,1
R01855,2024-07-23,Bronze,50,Cairo,3.9,0,0
R01856,2024-09-13,Bronze,25,Nairobi,4.4,0,1
R01857,2023-11-10,Silver,35,Cairo,4.3,0,0
R01858,2023-10-13,Gold,28,Lagos,4.5,1,0
R01859,2024-09-04,Bronze,40,Lagos,4.9,0,1
R01860,2024-02-26,Bronze,43,Cairo,5.0,0,1
R01861,2024-02-14,Bronze,48,Lagos,5.0,0,1
R01862,2025-02-21,Gold,41,Lagos,4.3,0,0
R01863,2023-06-13,Bronze,29,Cairo,3.9,0,1
R01864,2025-01-28,Gold,30,Nairobi,4.5,0,0
R01865,2025-02-26,Bronze,46,Cairo,4.5,0,0
R01866,2023-07-20,Bronze,25,Lagos,4.9,0,0
R01867,2024-06-14,Platinum,51,Lagos,3.7,0,0
R01868,2024-03-11,Platinum,36,Nairobi,4.7,0,1
R01869,2025-04-20,Bronze,20,Nairobi,4.7,0,0
R01870,2023-10-24,Platinum,44,Nairobi,4.6,0,0
R01871,2025-02-19,Bronze,20,Nairobi,3.8,0,0
R01872,2024-09-27,Silver,18,Cairo,4.3,0,0
R01873,2025-03-03,Bronze,35,Lagos,4.4,0,1
R01874,2023-05-03,Bronze,42,Nairobi,4.1,0,0
R01875,2023-08-20,Gold,43,Nairobi,4.6,0,1
R01876,2024-12-25,Platinum,22,Cairo,3.9,0,0
R01877,2024-04-30,Platinum,26,Lagos,4.3,0,0
R01878,2023-08-20,Bronze,38,Lagos,5.0,0,0
R01879,2023-08-01,Silver,21,Cairo,4.7,0,0
R01880,2023-08-22,Bronze,36,Lagos,3.8,0,0
R01881,2023-08-29,Gold,45,Lagos,4.3,0,1
R01882,2023-10-27,Silver,45,Lagos,4.3,0,1
R01883,2023-07-11,Bronze,45,Nairobi,5.0,0,1
R01884,2024-12-06,Bronze,65,Nairobi,5.0,0,0
R01885,2024-03-01,Silver,36,Nairobi,4.2,1,0
R01886,2024-05-24,Silver,36,Lagos,5.0,0,1
R01887,2025-02-08,Bronze,28,Lagos,4.8,0,0
R01888,2024-04-24,Bronze,46,Cairo,4.3,1,0
R01889,2024-12-18,Bronze,31,Nairobi,4.7,0,0
R01890,2025-04-20,Bronze,21,Nairobi,4.4,0,0
R01891,2024-07-01,Silver,44,Lagos,4.5,0,0
R01892,2023-06-14,Bronze,27,Lagos,4.9,0,0
R01893,2024-11-30,Bronze,27,Lagos,4.5,0,0
R01894,2025-03-20,Bronze,51,Cairo,3.6,0,1
R01895,2023-12-14,Bronze,44,Cairo,4.3,0,0
R01896,2024-07-06,Bronze,42,Lagos,3.3,0,0
R01897,2024-07-30,Bronze,38,Nairobi,4.4,0,1
R01898,2025-03-01,Gold,34,Lagos,4.8,0,0
R01899,2024-05-11,Bronze,27,Nairobi,4.8,0,1
R01900,2023-07-04,Bronze,52,Cairo,4.1,0,1
R01901,2023-12-12,Bronze,44,Nairobi,4.4,0,0
R01902,2024-09-23,Bronze,39,Lagos,4.1,0,0
R01903,2024-06-30,Silver,32,Nairobi,5.0,0,1
R01904,2024-10-05,Gold,49,Lagos,5.0,0,1
R01905,2023-12-22,Silver,37,Cairo,3.9,1,0
R01906,2024-12-04,Bronze,37,Lagos,4.7,0,0
R01907,2024-05-29,Bronze,41,Nairobi,5.0,0,0
R01908,2025-01-19,Bronze,26,Lagos,5.0,0,1
R01909,2025-01-27,Bronze,39,Nairobi,4.0,0,0
R01910,2023-08-28,Platinum,48,Lagos,4.1,0,0
R01911,2024-02-04,Bronze,26,Nairobi,5.0,0,0
R01912,2024-11-04,Bronze,25,Lagos,5.0,0,0
R01913,2024-12-06,Bronze,27,Cairo,4.5,0,0
R01914,2023-10-19,Bronze,38,Nairobi,3.8,0,1
R01915,2024-12-11,Silver,42,Lagos,5.0,0,0
R01916,2023-05-04,Bronze,38,Nairobi,5.0,0,1
R01917,2024-10-06,Bronze,33,Lagos,5.0,0,1
R01918,2023-06-25,Platinum,41,Nairobi,4.4,0,1
R01919,2024-05-09,Bronze,38,Nairobi,5.0,0,1
R01920,2023-05-07,Bronze,32,Cairo,3.4,0,0
R01921,2025-02-18,Silver,21,Nairobi,4.7,0,1
R01922,2024-02-17,Bronze,27,Lagos,4.7,0,0
R01923,2024-03-23,Bronze,26,Lagos,4.0,0,0
R01924,2024-01-13,Silver,23,Nairobi,4.2,0,0
R01925,2025-01-18,Bronze,46,Nairobi,4.6,0,0
R01926,2024-02-19,Gold,40,Lagos,5.0,1,0
R01927,2025-02-05,Silver,47,Cairo,4.9,1,0
R01928,2025-03-19,Bronze,45,Cairo,4.8,0,1
R01929,2023-05-20,Silver,53,Cairo,5.0,0,0
R01930,2024-11-26,Bronze,44,Nairobi,4.6,0,0
R01931,2025-04-03,Bronze,50,Lagos,4.2,0,1
R01932,2023-09-26,Bronze,30,Nairobi,4.9,0,0
R01933,2024-11-06,Silver,41,Cairo,3.9,0,0
R01934,2024-02-17,Bronze,18,Lagos,4.0,0,1
R01935,2024-05-22,Bronze,18,Lagos,4.0,0,0
R01936,2024-05-17,Bronze,36,Lagos,4.5,0,0
R01937,2023-09-05,Bronze,33,Nairobi,4.4,0,0
R01938,2024-04-18,Bronze,32,Lagos,4.3,0,0
R01939,2023-05-23,Bronze,28,Lagos,4.8,0,0
R01940,2024-04-28,Silver,29,Lagos,4.7,0,0
R01941,2024-05-21,Silver,33,Nairobi,4.6,0,1
R01942,2023-07-15,Bronze,56,Lagos,4.8,0,0
R01943,2024-07-18,Gold,24,Cairo,4.2,1,0
R01944,2025-02-20,Platinum,35,Cairo,3.5,0,0
R01945,2024-08-28,Silver,19,Cairo,4.3,0,1
R01946,2024-06-27,Silver,42,Nairobi,3.3,0,1
R01947,2023-11-08,Bronze,32,Lagos,4.3,0,1
R01948,2024-03-30,Silver,36,Nairobi,5.0,0,0
R01949,2024-07-24,Silver,41,Nairobi,5.0,0,1
R01950,2023-07-22,Gold,33,Cairo,4.3,0,0
R01951,2024-03-05,Silver,39,Nairobi,4.4,0,0
R01952,2024-01-04,Bronze,26,Cairo,4.9,0,0
R01953,2023-09-30,Bronze,35,Lagos,4.2,0,1
R01954,2024-01-09,Silver,37,Nairobi,3.7,0,0
R01955,2023-08-29,Bronze,50,Cairo,4.2,0,0
R01956,2023-10-01,Bronze,42,Cairo,5.0,0,0
R01957,2024-12-26,Silver,37,Lagos,3.7,0,0
R01958,2024-09-15,Bronze,49,Lagos,4.5,0,1
R01959,2023-07-30,Silver,34,Lagos,4.5,0,0
R01960,2023-10-22,Gold,30,Cairo,4.6,0,0
R01961,2023-07-16,Bronze,30,Nairobi,4.1,1,1
R01962,2024-09-22,Bronze,38,Cairo,3.3,0,1
R01963,2024-05-09,Bronze,18,Lagos,3.9,0,0
R01964,2025-01-28,Gold,49,Nairobi,4.5,0,0
R01965,2024-08-01,Bronze,37,Nairobi,4.6,0,0
R01966,2023-07-31,Platinum,39,Nairobi,4.5,1,0
R01967,2023-10-12,Gold,44,Lagos,4.9,0,1
R01968,2024-04-06,Bronze,23,Cairo,4.6,1,0
R01969,2025-03-05,Bronze,32,Cairo,4.1,0,0
R01970,2024-06-30,Bronze,36,Lagos,4.1,0,0
R01971,2023-12-27,Bronze,27,Nairobi,5.0,0,1
R01972,2025-04-18,Bronze,22,Nairobi,3.7,0,1
R01973,2024-08-27,Gold,38,Cairo,4.3,0,0
R01974,2023-05-21,Bronze,31,Nairobi,4.7,0,0
R01975,2024-09-02,Bronze,34,Cairo,4.5,0,0
R01976,2024-09-29,Silver,35,Nairobi,4.9,0,0
R01977,2023-08-25,Silver,33,Nairobi,5.0,0,0
R01978,2024-08-20,Bronze,37,Lagos,4.1,0,0
R01979,2024-09-26,Bronze,42,Nairobi,5.0,0,0
R01980,2024-06-18,Bronze,38,Lagos,4.6,0,1
R01981,2023-09-18,Bronze,32,Lagos,4.9,0,0
R01982,2023-12-07,Gold,32,Nairobi,3.9,0,0
R01983,2024-01-01,Bronze,35,Cairo,4.6,0,1
R01984,2023-05-13,Silver,38,Lagos,4.5,0,0
R01985,2024-06-29,Bronze,28,Cairo,4.9,1,1
R01986,2024-12-24,Gold,29,Cairo,4.4,0,0
R01987,2024-11-23,Silver,49,Cairo,4.7,0,1
R01988,2023-07-04,Bronze,52,Lagos,4.7,0,0
R01989,2025-02-03,Bronze,33,Cairo,4.5,0,0
R01990,2024-04-09,Gold,40,Lagos,4.3,0,0
R01991,2025-01-29,Bronze,51,Cairo,4.4,0,1
R01992,2024-04-16,Bronze,39,Nairobi,4.6,1,0
R01993,2024-03-07,Silver,42,Cairo,4.7,0,0
R01994,2024-09-11,Silver,31,Lagos,3.9,0,0
R01995,2023-11-17,Gold,49,Lagos,4.3,0,0
R01996,2023-06-01,Bronze,43,Cairo,4.7,0,0
R01997,2024-07-11,Bronze,36,Nairobi,3.9,1,0
R01998,2024-07-13,Bronze,21,Cairo,5.0,0,1
R01999,2024-04-07,Bronze,42,Nairobi,5.0,1,0
R02000,2024-11-24,Bronze,28,Cairo,4.4,1,0
R02001,2024-09-23,Bronze,33,Cairo,3.6,0,0
R02002,2024-12-02,Silver,30,Cairo,4.3,0,1
R02003,2025-03-19,Gold,46,Nairobi,3.7,1,0
R02004,2024-03-16,Bronze,27,Nairobi,4.6,0,1
R02005,2023-12-19,Bronze,33,Cairo,4.3,1,0
R02006,2024-06-23,Bronze,41,Lagos,4.1,0,0
R02007,2024-10-11,Bronze,39,Nairobi,4.6,0,0
R02008,2024-09-22,Bronze,25,Lagos,4.0,0,0
R02009,2024-12-13,Gold,30,Cairo,4.0,0,1
R02010,2025-02-09,Bronze,53,Nairobi,5.0,0,0
R02011,2024-05-20,Bronze,32,Lagos,5.0,0,1
R02012,2023-12-28,Bronze,31,Cairo,3.7,0,0
R02013,2024-08-05,Bronze,32,Lagos,5.0,1,0
R02014,2023-12-06,Gold,41,Cairo,3.6,1,1
R02015,2025-01-21,Bronze,50,Nairobi,4.2,0,0
R02016,2023-12-24,Bronze,29,Nairobi,4.5,0,0
R02017,2024-12-03,Gold,33,Lagos,4.2,0,0
R02018,2023-11-20,Bronze,37,Lagos,4.5,1,1
R02019,2024-07-29,Gold,45,Lagos,4.8,0,0
R02020,2023-11-30,Silver,33,Nairobi,4.3,0,1
R02021,2024-11-05,Bronze,41,Nairobi,3.6,0,0
R02022,2024-01-01,Bronze,36,Lagos,3.9,1,0
R02023,2024-03-04,Bronze,31,Lagos,4.3,0,0
R02024,2023-12-19,Bronze,42,Cairo,4.4,0,0
R02025,2024-12-30,Bronze,44,Lagos,4.8,0,1
R02026,2025-03-15,Platinum,48,Lagos,4.6,0,1
R02027,2023-05-13,Silver,41,Cairo,4.3,0,0
R02028,2024-06-24,Bronze,40,Nairobi,4.3,1,0
R02029,2023-05-24,Bronze,39,Lagos,4.7,0,0
R02030,2025-04-20,Bronze,41,Cairo,4.8,0,0
R02031,2024-10-05,Gold,34,Cairo,4.0,0,0
R02032,2024-09-01,Bronze,37,Lagos,3.3,0,1
R02033,2025-01-29,Bronze,36,Cairo,4.1,0,0
R02034,2025-02-18,Platinum,34,Nairobi,4.3,0,1
R02035,2024-02-25,Silver,38,Nairobi,4.6,0,0
R02036,2023-05-11,Silver,31,Lagos,4.3,0,0
R02037,2024-11-21,Bronze,31,Nairobi,3.9,0,0
R02038,2025-02-10,Bronze,22,Nairobi,4.5,0,0
R02039,2023-12-19,Silver,18,Lagos,4.4,0,0
R02040,2024-08-12,Bronze,34,Lagos,4.3,0,1
R02041,2024-11-19,Silver,45,Lagos,4.5,0,0
R02042,2025-01-14,Bronze,18,Lagos,5.0,1,0
R02043,2024-11-20,Bronze,40,Lagos,4.3,1,0
R02044,2024-03-16,Bronze,51,Nairobi,4.0,0,0
R02045,2024-12-14,Silver,29,Lagos,4.5,0,0
R02046,2024-06-13,Bronze,35,Lagos,4.5,0,1
R02047,2025-03-30,Silver,48,Nairobi,5.0,0,0
R02048,2025-01-17,Bronze,31,Lagos,5.0,0,0
R02049,2023-07-18,Bronze,25,Lagos,3.9,0,0
R02050,2024-06-01,Silver,43,Nairobi,5.0,0,0
R02051,2024-12-13,Bronze,33,Cairo,4.4,0,0
R02052,2024-06-07,Silver,24,Cairo,4.8,0,0
R02053,2023-07-07,Silver,25,Cairo,4.5,0,0
R02054,2024-05-20,Bronze,18,Nairobi,4.2,0,1
R02055,2024-04-24,Bronze,41,Cairo,4.1,0,0
R02056,2023-06-21,Gold,42,Cairo,5.0,0,1
R02057,2024-03-30,Silver,28,Nairobi,4.3,0,0
R02058,2025-01-18,Bronze,25,Lagos,4.1,0,1
R02059,2024-07-11,Silver,27,Lagos,4.9,1,0
R02060,2023-05-30,Bronze,41,Lagos,4.4,0,1
R02061,2025-01-05,Silver,24,Lagos,4.1,0,1
R02062,2024-08-27,Bronze,48,Lagos,3.9,0,1
R02063,2023-04-27,Silver,48,Cairo,4.9,0,0
R02064,2023-11-25,Silver,23,Cairo,5.0,0,0
R02065,2024-02-05,Silver,43,Nairobi,3.9,0,0
R02066,2023-08-31,Silver,51,Nairobi,5.0,0,0
R02067,2023-08-22,Bronze,37,Cairo,5.0,1,0
R02068,2025-03-23,Silver,19,Nairobi,4.4,0,0
R02069,2024-11-18,Bronze,18,Nairobi,4.4,0,0
R02070,2024-09-16,Silver,19,Cairo,4.7,0,1
R02071,2025-02-23,Silver,28,Nairobi,3.2,0,0
R02072,2024-12-20,Bronze,46,Cairo,5.0,0,0
R02073,2023-09-20,Bronze,32,Cairo,4.8,0,0
R02074,2023-08-13,Silver,33,Nairobi,5.0,0,0
R02075,2024-12-22,Bronze,39,Nairobi,4.3,0,0
R02076,2023-10-10,Bronze,32,Lagos,4.7,0,0
R02077,2023-11-01,Bronze,40,Lagos,4.2,0,1
R02078,2025-04-17,Bronze,48,Nairobi,4.1,0,1
R02079,2023-06-18,Platinum,20,Nairobi,4.4,0,0
R02080,2023-10-14,Bronze,29,Nairobi,4.7,0,1
R02081,2024-05-25,Bronze,34,Cairo,4.5,0,0
R02082,2024-05-07,Bronze,36,Cairo,3.6,0,1
R02083,2024-02-05,Platinum,50,Lagos,4.4,0,0
R02084,2024-11-08,Bronze,37,Lagos,5.0,1,1
R02085,2024-11-19,Gold,53,Cairo,4.5,0,1
R02086,2024-01-04,Bronze,37,Nairobi,3.7,0,0
R02087,2024-08-23,Silver,37,Nairobi,4.3,0,0
R02088,2024-08-08,Bronze,32,Cairo,4.7,0,0
R02089,2023-08-06,Bronze,23,Cairo,4.0,0,0
R02090,2024-10-02,Bronze,55,Cairo,4.2,1,0
R02091,2025-04-11,Bronze,52,Lagos,4.4,0,0
R02092,2024-07-19,Silver,25,Lagos,5.0,0,0
R02093,2023-06-17,Bronze,25,Lagos,5.0,0,0
R02094,2023-06-25,Silver,52,Nairobi,4.9,1,1
R02095,2023-10-16,Silver,18,Lagos,4.3,0,0
R02096,2024-01-19,Gold,33,Lagos,4.1,0,0
R02097,2024-12-07,Silver,28,Nairobi,4.9,0,1
R02098,2024-03-02,Silver,27,Lagos,4.2,0,1
R02099,2024-11-18,Gold,18,Nairobi,4.7,0,0
R02100,2024-03-24,Gold,18,Cairo,4.1,0,0
R02101,2023-04-29,Bronze,42,Nairobi,4.9,0,0
R02102,2024-11-07,Bronze,21,Lagos,4.2,0,0
R02103,2024-12-09,Bronze,33,Nairobi,4.4,0,1
R02104,2024-12-10,Gold,37,Lagos,5.0,0,0
R02105,2025-02-12,Gold,49,Cairo,4.7,0,0
R02106,2024-01-06,Gold,27,Nairobi,4.3,0,1
R02107,2024-09-25,Bronze,43,Lagos,3.7,0,0
R02108,2024-01-13,Bronze,38,Lagos,4.2,0,0
R02109,2024-12-18,Bronze,37,Lagos,4.3,0,0
R02110,2023-11-24,Bronze,22,Lagos,4.7,0,0
R02111,2025-01-22,Silver,43,Nairobi,4.5,0,1
R02112,2023-11-01,Bronze,18,Nairobi,4.0,0,1
R02113,2024-05-08,Silver,39,Nairobi,5.0,0,1
R02114,2024-10-21,Bronze,50,Lagos,4.4,1,0
R02115,2024-09-29,Silver,41,Lagos,4.9,0,0
R02116,2024-03-04,Bronze,51,Lagos,4.5,0,1
R02117,2024-02-21,Bronze,18,Cairo,3.8,0,1
R02118,2023-09-21,Bronze,38,Nairobi,4.7,1,0
R02119,2025-01-18,Bronze,36,Lagos,4.8,0,1
R02120,2023-10-28,Bronze,31,Lagos,4.9,0,0
R02121,2023-09-05,Platinum,21,Cairo,4.5,1,0
R02122,2024-09-05,Bronze,29,Nairobi,5.0,0,0
R02123,2024-10-15,Silver,58,Nairobi,5.0,0,0
R02124,2024-04-04,Bronze,28,Cairo,4.7,0,1
R02125,2024-11-06,Bronze,43,Cairo,4.5,1,1
R02126,2024-09-12,Bronze,34,Nairobi,4.9,0,0
R02127,2024-09-05,Silver,48,Nairobi,4.2,0,0
R02128,2023-05-02,Gold,41,Cairo,4.7,0,0
R02129,2024-08-22,Silver,32,Cairo,4.9,0,0
R02130,2024-09-25,Bronze,42,Nairobi,3.7,0,1
R02131,2023-05-20,Bronze,32,Lagos,4.7,0,0
R02132,2023-06-02,Silver,36,Nairobi,4.2,0,1
R02133,2023-09-28,Bronze,28,Nairobi,4.5,0,0
R02134,2025-04-20,Bronze,27,Cairo,4.8,0,0
R02135,2024-08-31,Bronze,29,Lagos,4.0,0,0
R02136,2024-01-20,Silver,24,Cairo,4.3,0,1
R02137,2024-11-13,Bronze,27,Lagos,4.4,0,1
R02138,2024-05-23,Silver,43,Lagos,4.8,1,0
R02139,2024-03-24,Bronze,22,Cairo,4.8,0,1
R02140,2023-07-12,Platinum,19,Nairobi,5.0,0,1
R02141,2024-07-05,Bronze,18,Lagos,5.0,0,0
R02142,2025-02-12,Bronze,33,Cairo,4.1,0,1
R02143,2024-10-01,Bronze,56,Lagos,4.3,0,0
R02144,2024-01-26,Bronze,19,Cairo,3.8,0,0
R02145,2024-11-13,Gold,26,Cairo,4.1,0,1
R02146,2024-12-02,Bronze,25,Nairobi,4.3,0,0
R02147,2023-05-20,Bronze,42,Nairobi,5.0,0,0
R02148,2023-08-28,Bronze,48,Nairobi,4.0,0,1
R02149,2024-07-21,Bronze,31,Nairobi,5.0,0,0
R02150,2025-01-23,Bronze,51,Cairo,4.3,0,0
R02151,2024-11-26,Bronze,33,Nairobi,4.7,0,0
R02152,2025-02-15,Bronze,35,Cairo,5.0,0,1
R02153,2023-11-08,Silver,40,Lagos,4.3,0,0
R02154,2024-11-27,Bronze,21,Nairobi,5.0,0,0
R02155,2024-04-30,Bronze,32,Cairo,4.9,0,0
R02156,2023-08-12,Silver,28,Lagos,5.0,0,0
R02157,2023-05-09,Bronze,35,Nairobi,3.2,0,0
R02158,2024-03-07,Platinum,18,Cairo,3.6,0,1
R02159,2024-07-03,Gold,47,Nairobi,4.8,0,0
R02160,2023-06-04,Bronze,41,Lagos,5.0,1,0
R02161,2023-08-12,Bronze,38,Nairobi,4.8,0,0
R02162,2024-09-05,Silver,43,Cairo,3.3,0,0
R02163,2024-10-02,Bronze,37,Lagos,4.3,0,1
R02164,2024-12-09,Silver,36,Cairo,4.5,0,0
R02165,2023-05-08,Bronze,39,Cairo,4.5,0,0
R02166,2024-01-04,Silver,27,Lagos,5.0,0,0
R02167,2023-12-13,Bronze,49,Nairobi,4.8,0,1
R02168,2024-06-22,Silver,41,Lagos,4.7,0,0
R02169,2024-01-02,Bronze,32,Nairobi,4.3,1,0
R02170,2025-03-13,Bronze,18,Cairo,4.7,0,0
R02171,2024-04-07,Bronze,30,Lagos,5.0,0,0
R02172,2024-06-02,Silver,21,Cairo,4.3,0,0
R02173,2023-07-10,Gold,43,Cairo,3.7,0,0
R02174,2023-07-12,Gold,42,Nairobi,5.0,0,0
R02175,2025-02-25,Bronze,24,Lagos,4.7,0,0
R02176,2024-02-08,Bronze,42,Lagos,4.4,0,0
R02177,2025-03-02,Gold,43,Cairo,4.4,0,0
R02178,2025-03-25,Bronze,37,Nairobi,3.9,0,1
R02179,2023-07-26,Bronze,23,Nairobi,4.6,0,0
R02180,2025-01-15,Bronze,41,Nairobi,3.9,0,1
R02181,2024-03-27,Bronze,30,Lagos,4.1,0,1
R02182,2024-01-13,Bronze,37,Lagos,5.0,1,0
R02183,2024-09-29,Silver,37,Lagos,4.5,0,1
R02184,2024-06-18,Gold,44,Nairobi,5.0,0,0
R02185,2024-10-05,Silver,39,Lagos,4.0,0,0
R02186,2025-02-19,Bronze,27,Cairo,4.0,0,0
R02187,2024-10-15,Bronze,40,Lagos,4.5,0,1
R02188,2024-12-05,Silver,35,Nairobi,4.0,0,1
R02189,2023-10-01,Bronze,25,Cairo,4.8,0,0
R02190,2023-05-30,Bronze,36,Nairobi,4.7,0,0
R02191,2024-03-23,Gold,38,Cairo,3.8,0,1
R02192,2024-09-16,Silver,33,Cairo,3.8,0,0
R02193,2024-01-30,Bronze,42,Lagos,4.2,0,1
R02194,2024-01-16,Bronze,33,Cairo,4.6,0,1
R02195,2025-02-04,Bronze,32,Cairo,4.4,0,0
R02196,2025-01-17,Silver,27,Cairo,4.6,0,0
R02197,2024-04-16,Bronze,42,Nairobi,4.7,0,0
R02198,2024-12-12,Bronze,23,Cairo,5.0,0,0
R02199,2024-12-31,Bronze,47,Cairo,4.4,0,0
R02200,2023-08-13,Bronze,24,Cairo,3.8,0,0
R02201,2025-01-08,Silver,46,Nairobi,4.1,0,1
R02202,2024-06-03,Bronze,34,Nairobi,5.0,0,1
R02203,2024-01-16,Silver,23,Nairobi,4.5,0,1
R02204,2024-11-13,Silver,44,Cairo,5.0,0,0
R02205,2024-07-17,Gold,39,Lagos,5.0,0,0
R02206,2023-10-06,Bronze,26,Lagos,4.4,0,0
R02207,2024-09-21,Gold,45,Cairo,4.2,0,1
R02208,2024-05-15,Bronze,32,Lagos,4.2,0,1
R02209,2023-05-12,Bronze,36,Cairo,4.8,0,1
R02210,2024-11-01,Bronze,37,Nairobi,4.8,1,0
R02211,2025-01-17,Bronze,34,Cairo,3.7,0,1
R02212,2024-07-30,Bronze,31,Cairo,3.4,0,1
R02213,2024-05-26,Silver,35,Lagos,3.7,0,0
R02214,2023-09-18,Bronze,41,Cairo,3.9,0,1
R02215,2024-09-07,Bronze,20,Nairobi,4.3,0,0
R02216,2023-07-14,Bronze,20,Nairobi,4.3,0,0
R02217,2024-03-09,Bronze,32,Cairo,4.3,1,0
R02218,2024-04-28,Silver,55,Nairobi,4.9,0,0
R02219,2024-10-12,Bronze,34,Nairobi,4.6,0,0
R02220,2023-11-13,Bronze,48,Nairobi,4.8,0,1
R02221,2023-09-28,Bronze,38,Lagos,3.8,0,0
R02222,2024-01-03,Bronze,51,Cairo,5.0,0,0
R02223,2025-02-07,Silver,33,Nairobi,4.4,0,0
R02224,2024-02-07,Bronze,18,Nairobi,3.5,0,1
R02225,2025-01-04,Silver,42,Nairobi,5.0,0,0
R02226,2024-09-08,Bronze,26,Lagos,4.6,0,0
R02227,2024-08-03,Bronze,43,Nairobi,4.1,0,1
R02228,2024-03-31,Silver,65,Lagos,5.0,0,1
R02229,2024-12-29,Bronze,42,Lagos,3.4,1,0
R02230,2024-09-01,Bronze,53,Lagos,5.0,0,1
R02231,2024-08-30,Bronze,43,Nairobi,4.4,0,0
R02232,2025-04-09,Bronze,33,Lagos,4.8,1,0
R02233,2024-09-28,Bronze,33,Cairo,5.0,0,1
R02234,2023-07-31,Bronze,34,Nairobi,3.7,0,0
R02235,2024-06-26,Silver,57,Lagos,5.0,1,0
R02236,2024-04-13,Platinum,30,Lagos,4.7,0,0
R02237,2025-01-24,Platinum,30,Nairobi,4.6,0,0
R02238,2023-10-06,Gold,31,Lagos,4.5,1,1
R02239,2024-07-21,Silver,47,Cairo,4.4,0,0
R02240,2023-08-02,Silver,48,Lagos,4.6,0,0
R02241,2024-07-07,Platinum,34,Nairobi,4.4,0,0
R02242,2025-02-15,Bronze,54,Lagos,3.6,0,1
R02243,2024-03-05,Bronze,36,Cairo,5.0,0,1
R02244,2024-02-18,Bronze,29,Lagos,3.8,0,0
R02245,2023-11-11,Bronze,36,Lagos,4.3,0,0
R02246,2024-12-21,Bronze,34,Nairobi,5.0,0,1
R02247,2023-08-30,Bronze,37,Cairo,4.9,0,1
R02248,2024-11-11,Bronze,38,Lagos,4.4,0,1
R02249,2025-01-07,Silver,31,Nairobi,4.1,0,1
R02250,2023-09-16,Bronze,24,Cairo,4.8,0,1
R02251,2024-05-21,Bronze,29,Cairo,3.8,0,0
R02252,2023-10-31,Silver,50,Nairobi,5.0,0,0
R02253,2023-06-12,Platinum,58,Nairobi,4.7,0,0
R02254,2024-02-27,Bronze,55,Nairobi,4.4,0,0
R02255,2023-09-07,Bronze,26,Lagos,4.8,0,0
R02256,2025-04-17,Platinum,35,Nairobi,4.4,0,1
R02257,2024-03-06,Bronze,32,Nairobi,4.1,0,1
R02258,2024-01-07,Bronze,39,Nairobi,4.3,0,0
R02259,2025-03-27,Silver,18,Cairo,4.5,0,1
R02260,2023-08-13,Gold,26,Cairo,4.8,0,0
R02261,2023-06-09,Silver,24,Cairo,4.2,0,0
R02262,2024-06-19,Silver,42,Nairobi,4.5,1,0
R02263,2023-08-08,Bronze,50,Cairo,4.4,1,0
R02264,2023-09-23,Platinum,41,Lagos,5.0,0,0
R02265,2023-07-19,Bronze,35,Nairobi,4.0,0,0
R02266,2024-03-28,Gold,64,Lagos,5.0,0,1
R02267,2023-10-26,Bronze,34,Lagos,5.0,0,1
R02268,2024-04-06,Silver,36,Cairo,5.0,0,1
R02269,2024-03-29,Bronze,18,Lagos,4.1,0,0
R02270,2023-06-12,Bronze,37,Nairobi,4.4,0,0
R02271,2023-08-11,Gold,34,Cairo,3.7,0,0
R02272,2024-04-19,Bronze,31,Cairo,4.6,0,0
R02273,2023-08-11,Bronze,23,Lagos,4.3,0,0
R02274,2025-03-14,Bronze,27,Cairo,5.0,0,0
R02275,2023-05-13,Bronze,47,Lagos,4.7,0,0
R02276,2023-05-25,Gold,41,Lagos,4.7,0,0
R02277,2024-02-29,Bronze,46,Cairo,4.6,0,0
R02278,2024-04-14,Bronze,24,Nairobi,4.6,0,0
R02279,2023-09-04,Bronze,33,Nairobi,4.0,0,1
R02280,2024-02-06,Bronze,19,Cairo,5.0,0,0
R02281,2024-07-06,Platinum,39,Nairobi,5.0,0,0
R02282,2023-12-02,Silver,32,Nairobi,5.0,0,1
R02283,2024-06-25,Silver,21,Nairobi,5.0,1,1
R02284,2024-07-16,Silver,44,Cairo,4.1,0,0
R02285,2023-07-01,Gold,34,Cairo,4.9,0,0
R02286,2025-03-27,Bronze,41,Cairo,4.0,0,0
R02287,2024-04-16,Bronze,29,Cairo,4.4,0,0
R02288,2025-03-28,Silver,35,Nairobi,4.7,0,0
R02289,2025-02-17,Gold,38,Cairo,5.0,0,0
R02290,2024-09-01,Gold,26,Cairo,3.7,0,0
R02291,2024-04-19,Bronze,42,Cairo,5.0,0,0
R02292,2023-09-24,Bronze,33,Nairobi,5.0,0,1
R02293,2024-09-23,Bronze,33,Cairo,4.6,1,0
R02294,2024-02-21,Bronze,51,Lagos,3.7,0,0
R02295,2024-01-01,Bronze,24,Nairobi,4.8,1,0
R02296,2023-05-20,Bronze,49,Lagos,4.7,1,0
R02297,2024-11-06,Bronze,42,Lagos,4.3,0,1
R02298,2024-07-28,Bronze,22,Cairo,3.4,0,0
R02299,2024-09-08,Bronze,27,Cairo,4.4,0,0
R02300,2023-06-27,Bronze,26,Lagos,3.5,0,0
R02301,2023-08-20,Silver,34,Lagos,4.1,0,0
R02302,2023-08-25,Bronze,26,Cairo,5.0,0,0
R02303,2024-01-12,Bronze,62,Nairobi,4.4,0,1
R02304,2025-01-27,Bronze,27,Lagos,4.5,0,1
R02305,2023-06-12,Bronze,27,Cairo,4.2,0,0
R02306,2025-04-14,Bronze,41,Nairobi,4.6,0,1
R02307,2024-01-29,Bronze,36,Nairobi,4.7,0,0
R02308,2024-03-29,Bronze,34,Lagos,4.2,1,0
R02309,2024-02-14,Bronze,28,Lagos,4.9,0,0
R02310,2024-05-16,Bronze,37,Lagos,4.4,0,0
R02311,2023-12-14,Silver,36,Nairobi,5.0,0,1
R02312,2024-08-04,Gold,38,Lagos,4.7,0,1
R02313,2025-04-09,Bronze,33,Cairo,4.2,0,0
R02314,2024-04-25,Silver,35,Lagos,3.8,0,0
R02315,2024-01-19,Silver,28,Lagos,4.4,0,0
R02316,2024-07-31,Bronze,40,Nairobi,4.7,0,1
R02317,2024-11-19,Bronze,26,Nairobi,4.6,0,1
R02318,2024-01-24,Bronze,39,Lagos,4.3,0,0
R02319,2024-04-13,Gold,22,Cairo,4.6,0,1
R02320,2023-08-22,Bronze,32,Nairobi,3.9,0,0
R02321,2023-06-12,Bronze,48,Cairo,4.0,1,0
R02322,2025-02-08,Bronze,36,Nairobi,5.0,0,0
R02323,2024-08-07,Bronze,32,Cairo,5.0,0,1
R02324,2024-07-22,Gold,28,Nairobi,5.0,0,0
R02325,2023-05-04,Bronze,35,Nairobi,5.0,0,0
R02326,2023-11-02,Gold,39,Nairobi,3.7,0,0
R02327,2024-11-28,Silver,39,Cairo,4.1,0,1
R02328,2023-10-20,Bronze,42,Lagos,3.6,0,0
R02329,2023-07-10,Bronze,50,Nairobi,4.9,1,0
R02330,2023-08-22,Silver,18,Lagos,3.8,0,0
R02331,2023-07-17,Bronze,39,Cairo,4.6,0,0
R02332,2023-07-29,Gold,29,Nairobi,5.0,0,1
R02333,2025-03-06,Bronze,35,Cairo,4.7,0,1
R02334,2024-03-31,Bronze,43,Lagos,3.9,0,1
R02335,2023-08-10,Bronze,37,Lagos,5.0,0,0
R02336,2024-05-15,Bronze,25,Nairobi,4.5,0,1
R02337,2023-12-20,Silver,35,Nairobi,4.4,0,0
R02338,2025-01-21,Bronze,34,Cairo,5.0,1,0
R02339,2024-12-30,Silver,32,Lagos,4.1,0,1
R02340,2024-10-18,Bronze,18,Cairo,3.8,0,0
R02341,2025-04-03,Bronze,34,Lagos,5.0,0,1
R02342,2024-09-23,Bronze,49,Cairo,4.4,1,0
R02343,2024-07-12,Bronze,18,Cairo,4.7,0,1
R02344,2023-06-04,Gold,50,Cairo,5.0,0,0
R02345,2024-10-15,Bronze,23,Lagos,4.5,0,0
R02346,2025-03-21,Bronze,43,Lagos,5.0,0,0
R02347,2023-07-14,Bronze,26,Lagos,3.8,0,0
R02348,2024-08-16,Bronze,20,Lagos,4.9,0,0
R02349,2024-11-11,Bronze,36,Nairobi,5.0,0,0
R02350,2024-11-10,Silver,18,Cairo,4.0,1,0
R02351,2024-07-04,Bronze,34,Nairobi,4.9,0,0
R02352,2024-07-24,Gold,21,Lagos,4.3,0,0
R02353,2024-03-29,Bronze,18,Lagos,4.9,0,0
R02354,2024-11-03,Bronze,44,Cairo,4.1,0,1
R02355,2024-01-18,Bronze,35,Cairo,4.5,0,0
R02356,2023-10-21,Silver,29,Cairo,4.9,0,1
R02357,2024-05-25,Silver,53,Lagos,4.4,0,0
R02358,2024-11-29,Silver,37,Cairo,4.7,1,0
R02359,2025-04-16,Bronze,47,Cairo,4.0,0,1
R02360,2025-04-03,Gold,39,Lagos,3.6,0,0
R02361,2023-10-07,Bronze,40,Lagos,5.0,0,1
R02362,2025-04-10,Bronze,35,Nairobi,4.1,1,0
R02363,2024-11-06,Platinum,18,Nairobi,5.0,0,0
R02364,2023-09-30,Bronze,34,Nairobi,5.0,0,1
R02365,2023-10-30,Bronze,47,Cairo,4.6,0,0
R02366,2024-05-02,Bronze,18,Lagos,4.0,1,0
R02367,2024-07-04,Gold,47,Nairobi,5.0,0,0
R02368,2025-04-12,Bronze,35,Lagos,4.9,0,1
R02369,2024-06-23,Silver,18,Nairobi,4.6,0,0
R02370,2024-03-29,Bronze,34,Cairo,4.4,0,0
R02371,2024-03-04,Silver,46,Cairo,4.5,0,1
R02372,2024-06-16,Bronze,35,Cairo,3.9,0,0
R02373,2024-07-16,Bronze,45,Lagos,4.7,0,0
R02374,2024-04-24,Bronze,30,Cairo,4.6,1,1
R02375,2024-01-28,Silver,39,Cairo,4.0,0,0
R02376,2025-03-27,Bronze,27,Cairo,4.1,1,1
R02377,2024-02-26,Platinum,39,Cairo,4.5,0,0
R02378,2024-12-12,Bronze,45,Cairo,4.9,0,0
R02379,2023-10-24,Bronze,34,Cairo,3.6,0,1
R02380,2025-03-01,Bronze,41,Lagos,4.4,0,0
R02381,2025-04-06,Gold,45,Cairo,4.9,0,0
R02382,2023-09-19,Silver,34,Cairo,4.3,0,1
R02383,2023-06-25,Silver,36,Cairo,4.1,0,1
R02384,2023-08-05,Silver,45,Cairo,4.5,0,0
R02385,2023-12-18,Bronze,28,Lagos,5.0,0,0
R02386,2024-03-16,Platinum,36,Nairobi,3.5,1,1
R02387,2024-05-15,Bronze,49,Nairobi,4.7,0,1
R02388,2024-07-04,Bronze,37,Nairobi,4.8,0,1
R02389,2025-04-19,Gold,24,Nairobi,4.8,0,0
R02390,2023-11-08,Silver,29,Cairo,4.4,0,1
R02391,2023-11-30,Silver,35,Nairobi,4.0,0,0
R02392,2024-04-24,Silver,44,Nairobi,4.3,0,0
R02393,2023-05-24,Silver,18,Cairo,4.3,0,0
R02394,2024-07-22,Platinum,50,Lagos,4.1,0,1
R02395,2025-01-24,Bronze,27,Cairo,5.0,0,1
R02396,2023-12-21,Bronze,32,Cairo,4.9,0,1
R02397,2023-07-21,Bronze,39,Nairobi,4.1,0,0
R02398,2024-05-29,Bronze,37,Lagos,4.2,0,0
R02399,2024-02-15,Bronze,37,Cairo,4.8,0,0
R02400,2023-11-22,Bronze,31,Cairo,4.7,1,0
R02401,2024-07-30,Bronze,49,Cairo,4.8,0,1
R02402,2025-03-01,Bronze,39,Nairobi,4.6,1,0
R02403,2023-11-26,Platinum,29,Cairo,5.0,0,0
R02404,2024-06-22,Silver,25,Cairo,3.5,0,0
R02405,2024-11-22,Bronze,34,Cairo,4.8,0,0
R02406,2025-03-13,Bronze,40,Nairobi,4.6,0,0
R02407,2024-02-29,Bronze,51,Lagos,5.0,0,0
R02408,2025-01-12,Bronze,44,Nairobi,5.0,0,1
R02409,2023-09-02,Bronze,42,Lagos,4.7,0,0
R02410,2025-04-02,Bronze,18,Lagos,4.9,0,0
R02411,2025-02-15,Bronze,33,Cairo,5.0,0,0
R02412,2023-08-19,Silver,38,Nairobi,4.0,0,1
R02413,2025-02-15,Bronze,45,Nairobi,4.2,0,0
R02414,2024-10-13,Silver,37,Cairo,3.9,1,0
R02415,2024-02-16,Silver,36,Nairobi,4.8,0,0
R02416,2024-11-10,Gold,18,Nairobi,5.0,0,0
R02417,2023-12-30,Bronze,28,Lagos,4.7,0,0
R02418,2024-12-02,Bronze,35,Cairo,4.1,0,0
R02419,2024-03-03,Gold,39,Lagos,4.5,0,0
R02420,2023-12-03,Bronze,23,Nairobi,4.3,0,0
R02421,2023-09-17,Bronze,39,Nairobi,4.6,1,1
R02422,2023-05-28,Silver,34,Nairobi,4.5,0,1
R02423,2024-02-05,Platinum,30,Cairo,4.6,0,0
R02424,2023-11-13,Bronze,27,Lagos,4.8,1,0
R02425,2025-02-18,Platinum,23,Nairobi,4.6,0,0
R02426,2024-11-21,Bronze,33,Nairobi,4.7,0,0
R02427,2024-06-16,Silver,33,Cairo,5.0,0,1
R02428,2024-03-29,Bronze,46,Lagos,4.2,0,0
R02429,2024-10-26,Silver,31,Cairo,4.2,0,1
R02430,2024-05-22,Bronze,47,Cairo,3.6,0,1
R02431,2024-01-29,Bronze,20,Lagos,5.0,0,0
R02432,2024-05-23,Silver,35,Nairobi,5.0,0,1
R02433,2025-04-04,Bronze,31,Nairobi,5.0,0,0
R02434,2023-08-30,Gold,45,Nairobi,4.7,0,0
R02435,2024-10-04,Bronze,30,Nairobi,4.6,0,0
R02436,2023-09-18,Bronze,30,Nairobi,4.8,0,0
R02437,2023-12-19,Gold,35,Cairo,4.7,0,0
R02438,2023-11-23,Bronze,18,Cairo,5.0,0,0
R02439,2023-10-31,Silver,34,Nairobi,5.0,0,0
R02440,2024-01-30,Silver,32,Lagos,4.2,0,0
R02441,2023-08-24,Bronze,26,Nairobi,4.6,1,0
R02442,2024-11-22,Bronze,59,Nairobi,4.8,0,0
R02443,2024-05-13,Bronze,25,Cairo,4.4,0,0
R02444,2024-01-18,Silver,18,Lagos,4.8,0,0
R02445,2024-09-18,Gold,35,Cairo,4.1,0,1
R02446,2023-12-16,Bronze,48,Nairobi,4.0,0,1
R02447,2025-01-04,Bronze,29,Cairo,4.4,0,0
R02448,2024-10-26,Bronze,28,Cairo,4.7,0,1
R02449,2025-02-11,Silver,34,Cairo,4.2,0,1
R02450,2024-06-26,Bronze,39,Nairobi,4.5,0,1
R02451,2024-08-13,Bronze,36,Lagos,4.9,0,0
R02452,2024-12-30,Bronze,32,Cairo,4.4,1,1
R02453,2024-02-23,Platinum,30,Cairo,4.4,0,1
R02454,2024-01-19,Bronze,28,Cairo,4.5,0,1
R02455,2023-07-21,Bronze,26,Nairobi,4.7,0,0
R02456,2024-09-15,Bronze,47,Nairobi,4.3,0,0
R02457,2023-08-14,Platinum,25,Cairo,4.1,0,1
R02458,2025-01-18,Gold,26,Cairo,4.5,0,0
R02459,2025-02-25,Silver,25,Lagos,4.3,1,1
R02460,2024-01-26,Bronze,39,Cairo,3.9,0,0
R02461,2024-02-21,Bronze,29,Nairobi,4.0,0,1
R02462,2024-07-25,Bronze,25,Nairobi,3.8,1,1
R02463,2023-05-03,Bronze,26,Lagos,4.2,0,0
R02464,2024-12-18,Bronze,50,Nairobi,4.6,1,1
R02465,2024-05-20,Silver,40,Cairo,3.9,0,0
R02466,2025-01-28,Bronze,39,Nairobi,4.6,0,1
R02467,2024-05-31,Bronze,43,Cairo,4.7,0,0
R02468,2023-10-02,Silver,38,Nairobi,4.5,0,0
R02469,2023-11-09,Bronze,40,Lagos,5.0,0,0
R02470,2024-12-01,Bronze,33,Lagos,4.1,0,0
R02471,2024-01-08,Bronze,23,Lagos,5.0,0,1
R02472,2024-08-29,Bronze,31,Cairo,4.6,0,0
R02473,2024-03-16,Bronze,29,Lagos,4.2,0,1
R02474,2023-11-11,Bronze,45,Lagos,4.8,0,0
R02475,2023-07-19,Silver,30,Cairo,4.8,0,0
R02476,2024-05-12,Bronze,18,Nairobi,4.4,0,1
R02477,2023-08-25,Bronze,49,Nairobi,3.3,0,0
R02478,2025-03-02,Bronze,33,Nairobi,4.2,0,1
R02479,2024-10-17,Bronze,34,Lagos,4.6,0,1
R02480,2025-03-22,Bronze,44,Cairo,4.7,0,0
R02481,2025-04-04,Silver,18,Cairo,5.0,1,0
R02482,2023-07-26,Bronze,43,Lagos,4.8,0,0
R02483,2024-04-18,Bronze,50,Cairo,4.8,0,0
R02484,2024-08-25,Bronze,26,Cairo,4.6,1,0
R02485,2023-04-29,Silver,28,Nairobi,4.8,0,1
R02486,2024-02-14,Bronze,22,Cairo,5.0,0,0
R02487,2025-01-08,Bronze,23,Nairobi,4.4,0,0
R02488,2025-03-16,Bronze,40,Lagos,5.0,0,0
R02489,2024-02-25,Bronze,43,Lagos,4.0,0,1
R02490,2023-06-11,Bronze,35,Cairo,4.0,0,0
R02491,2025-04-18,Silver,50,Cairo,4.4,0,1
R02492,2024-03-26,Silver,35,Lagos,4.0,0,0
R02493,2025-03-11,Bronze,39,Nairobi,4.6,1,0
R02494,2025-03-04,Bronze,39,Nairobi,3.8,0,0
R02495,2024-05-05,Bronze,18,Cairo,3.5,1,1
R02496,2024-08-08,Bronze,32,Cairo,5.0,0,1
R02497,2024-10-12,Bronze,28,Nairobi,3.4,0,0
R02498,2024-12-22,Bronze,35,Lagos,3.8,0,1
R02499,2024-10-31,Bronze,29,Lagos,4.2,0,0
R02500,2025-01-24,Bronze,38,Cairo,3.9,0,0
R02501,2025-04-19,Bronze,31,Cairo,5.0,0,0
R02502,2024-11-29,Bronze,25,Lagos,4.2,0,1
R02503,2024-03-23,Bronze,32,Nairobi,4.3,0,0
R02504,2024-03-10,Platinum,21,Cairo,4.7,0,0
R02505,2024-06-02,Bronze,38,Lagos,3.6,0,0
R02506,2023-11-08,Bronze,29,Lagos,5.0,0,0
R02507,2024-11-21,Bronze,24,Lagos,3.9,0,0
R02508,2023-07-17,Bronze,42,Nairobi,4.4,0,0
R02509,2024-06-03,Bronze,30,Nairobi,5.0,1,1
R02510,2024-12-22,Silver,39,Lagos,3.7,0,0
R02511,2024-11-28,Silver,29,Cairo,4.9,0,0
R02512,2023-07-10,Platinum,29,Lagos,5.0,0,1
R02513,2023-06-25,Bronze,49,Nairobi,4.7,0,0
R02514,2025-03-24,Bronze,30,Nairobi,3.1,0,0
R02515,2024-03-06,Bronze,35,Nairobi,4.1,0,0
R02516,2023-12-20,Bronze,43,Lagos,4.9,0,0
R02517,2023-10-21,Gold,36,Cairo,5.0,1,0
R02518,2024-04-02,Silver,38,Nairobi,4.8,0,0
R02519,2023-08-17,Bronze,37,Nairobi,3.6,0,1
R02520,2024-11-09,Bronze,34,Cairo,5.0,0,1
R02521,2024-11-14,Bronze,38,Lagos,4.8,0,1
R02522,2024-11-04,Bronze,24,Cairo,4.7,1,0
R02523,2025-01-28,Bronze,18,Cairo,3.8,0,1
R02524,2025-03-23,Bronze,26,Lagos,4.3,0,0
R02525,2025-01-13,Silver,34,Nairobi,5.0,0,0
R02526,2024-01-29,Bronze,49,Lagos,4.4,0,0
R02527,2025-01-09,Gold,32,Cairo,3.6,0,0
R02528,2025-04-26,Bronze,30,Cairo,4.6,0,0
R02529,2023-10-23,Silver,40,Nairobi,3.6,0,0
R02530,2023-07-21,Bronze,37,Lagos,4.6,0,0
R02531,2023-09-08,Bronze,32,Nairobi,4.5,0,1
R02532,2024-10-30,Bronze,39,Lagos,5.0,0,0
R02533,2024-07-11,Bronze,32,Lagos,4.9,0,0
R02534,2024-06-19,Bronze,44,Lagos,5.0,0,0
R02535,2024-02-03,Bronze,30,Cairo,5.0,0,0
R02536,2024-05-12,Silver,18,Cairo,4.1,0,0
R02537,2025-01-10,Bronze,50,Nairobi,4.8,0,1
R02538,2025-03-16,Bronze,33,Nairobi,4.4,0,1
R02539,2024-01-21,Bronze,26,Lagos,4.6,1,0
R02540,2023-12-07,Bronze,46,Nairobi,4.3,0,0
R02541,2024-09-29,Bronze,37,Lagos,4.5,0,1
R02542,2024-03-18,Silver,53,Nairobi,4.3,0,0
R02543,2023-05-09,Bronze,44,Cairo,4.5,1,0
R02544,2024-02-19,Bronze,33,Cairo,4.1,0,0
R02545,2023-05-24,Gold,37,Lagos,4.6,0,0
R02546,2024-07-05,Silver,44,Cairo,4.0,0,0
R02547,2024-03-09,Bronze,32,Lagos,3.7,0,1
R02548,2024-03-16,Bronze,38,Lagos,4.3,0,0
R02549,2024-05-01,Bronze,18,Nairobi,4.1,0,1
R02550,2023-12-19,Silver,34,Lagos,3.8,0,1
R02551,2024-04-10,Bronze,42,Nairobi,4.8,0,0
R02552,2023-06-30,Bronze,27,Cairo,4.4,0,0
R02553,2024-10-12,Gold,50,Lagos,4.9,0,1
R02554,2024-01-23,Silver,34,Nairobi,4.5,0,0
R02555,2025-01-24,Bronze,37,Nairobi,4.6,0,0
R02556,2025-03-07,Bronze,24,Nairobi,5.0,0,0
R02557,2023-05-15,Silver,33,Cairo,3.9,0,1
R02558,2024-02-02,Platinum,28,Lagos,4.4,0,0
R02559,2024-04-08,Silver,35,Cairo,4.5,0,0
R02560,2023-06-04,Bronze,38,Nairobi,4.0,0,1
R02561,2024-08-10,Platinum,27,Lagos,5.0,0,0
R02562,2023-08-31,Platinum,42,Lagos,4.9,1,0
R02563,2023-12-22,Bronze,41,Cairo,5.0,0,1
R02564,2024-07-30,Silver,27,Lagos,3.9,0,1
R02565,2025-04-25,Platinum,43,Nairobi,5.0,0,1
R02566,2024-05-08,Bronze,33,Cairo,5.0,0,1
R02567,2024-02-09,Bronze,57,Cairo,4.6,0,0
R02568,2025-04-24,Silver,41,Nairobi,4.3,0,0
R02569,2024-05-03,Silver,51,Lagos,5.0,1,0
R02570,2024-12-24,Silver,30,Nairobi,5.0,0,1
R02571,2024-09-28,Bronze,36,Lagos,4.2,0,0
R02572,2024-11-19,Bronze,42,Cairo,3.7,0,1
R02573,2024-04-04,Silver,38,Nairobi,4.9,1,1
R02574,2023-09-10,Platinum,36,Nairobi,4.7,1,0
R02575,2025-02-26,Silver,30,Nairobi,3.7,0,0
R02576,2024-11-05,Silver,44,Cairo,4.5,1,1
R02577,2023-12-20,Bronze,34,Nairobi,4.6,1,0
R02578,2023-12-09,Silver,43,Nairobi,3.7,0,1
R02579,2025-03-07,Bronze,51,Cairo,4.5,0,0
R02580,2024-10-29,Bronze,20,Lagos,5.0,0,0
R02581,2023-06-21,Bronze,24,Cairo,5.0,1,0
R02582,2025-03-31,Silver,33,Lagos,3.6,0,1
R02583,2025-01-09,Bronze,35,Lagos,4.1,0,0
R02584,2025-02-03,Bronze,54,Cairo,3.8,1,0
R02585,2024-01-07,Bronze,44,Lagos,4.5,1,1
R02586,2023-11-02,Gold,21,Lagos,3.9,0,0
R02587,2024-12-06,Bronze,46,Cairo,5.0,0,0
R02588,2025-02-16,Bronze,26,Cairo,4.7,0,1
R02589,2024-06-08,Silver,29,Nairobi,4.2,0,1
R02590,2024-02-26,Bronze,26,Nairobi,4.6,0,0
R02591,2023-08-14,Gold,22,Cairo,3.7,0,1
R02592,2024-07-11,Gold,39,Lagos,4.3,0,0
R02593,2024-01-16,Bronze,30,Lagos,4.1,0,0
R02594,2024-07-27,Bronze,42,Nairobi,4.9,0,1
R02595,2023-08-10,Bronze,33,Nairobi,4.0,0,0
R02596,2023-06-09,Silver,32,Nairobi,4.6,0,1
R02597,2024-11-30,Bronze,39,Nairobi,4.2,0,0
R02598,2023-06-04,Bronze,37,Cairo,4.5,0,1
R02599,2023-06-13,Bronze,33,Cairo,3.9,0,0
R02600,2025-01-28,Gold,27,Nairobi,4.7,1,0
R02601,2023-10-02,Platinum,30,Cairo,4.1,0,0
R02602,2024-02-05,Bronze,26,Lagos,3.8,0,1
R02603,2025-02-06,Bronze,18,Nairobi,4.5,0,0
R02604,2023-05-29,Bronze,47,Nairobi,5.0,0,0
R02605,2023-07-25,Bronze,20,Nairobi,4.9,0,0
R02606,2023-11-16,Bronze,42,Cairo,3.8,0,0
R02607,2024-01-03,Gold,37,Cairo,3.9,0,0
R02608,2024-08-20,Bronze,33,Nairobi,4.4,0,0
R02609,2023-12-22,Bronze,21,Lagos,4.5,0,1
R02610,2023-08-30,Bronze,43,Cairo,4.8,0,0
R02611,2024-08-27,Platinum,38,Lagos,4.0,0,0
R02612,2023-05-01,Bronze,18,Nairobi,4.1,0,1
R02613,2024-07-03,Bronze,39,Cairo,4.4,0,0
R02614,2023-06-21,Silver,48,Nairobi,4.1,0,0
R02615,2024-04-14,Gold,28,Lagos,4.7,0,1
R02616,2024-01-26,Bronze,41,Lagos,5.0,1,0
R02617,2024-10-29,Bronze,30,Cairo,4.9,0,0
R02618,2024-11-10,Bronze,37,Nairobi,4.4,0,0
R02619,2025-01-03,Gold,43,Cairo,4.4,0,0
R02620,2023-09-18,Bronze,39,Cairo,4.6,0,0
R02621,2024-02-18,Gold,42,Cairo,4.8,0,1
R02622,2023-10-28,Gold,23,Lagos,4.1,0,0
R02623,2023-11-28,Platinum,34,Lagos,5.0,0,0
R02624,2024-03-28,Silver,45,Cairo,4.7,0,0
R02625,2024-04-20,Bronze,31,Lagos,5.0,0,0
R02626,2024-03-25,Bronze,43,Lagos,4.3,0,0
R02627,2023-05-21,Bronze,35,Nairobi,3.3,0,0
R02628,2025-03-16,Bronze,34,Lagos,4.1,0,0
R02629,2024-08-14,Bronze,32,Cairo,5.0,0,1
R02630,2023-06-21,Bronze,24,Cairo,4.6,1,1
R02631,2023-09-09,Silver,35,Lagos,4.0,0,0
R02632,2023-06-05,Bronze,39,Cairo,4.0,0,1
R02633,2024-03-16,Silver,24,Cairo,4.3,0,1
R02634,2024-04-12,Silver,52,Lagos,5.0,0,0
R02635,2024-01-02,Silver,30,Nairobi,4.1,0,0
R02636,2024-03-13,Bronze,42,Nairobi,4.7,0,1
R02637,2024-10-26,Silver,28,Nairobi,4.2,0,1
R02638,2023-12-21,Bronze,45,Cairo,3.9,0,0
R02639,2025-01-08,Bronze,31,Lagos,4.8,0,1
R02640,2025-01-26,Bronze,51,Lagos,4.1,0,0
R02641,2025-03-24,Silver,36,Lagos,3.5,0,0
R02642,2024-02-03,Silver,32,Lagos,4.9,0,0
R02643,2023-11-06,Bronze,37,Cairo,3.7,0,0
R02644,2023-12-28,Silver,31,Nairobi,4.0,0,0
R02645,2025-01-05,Bronze,41,Lagos,4.1,1,1
R02646,2023-07-16,Silver,42,Lagos,4.6,0,0
R02647,2023-09-15,Bronze,26,Nairobi,4.9,0,1
R02648,2024-04-08,Bronze,25,Lagos,4.8,1,0
R02649,2025-02-12,Bronze,41,Lagos,5.0,0,1
R02650,2023-08-22,Bronze,19,Nairobi,5.0,0,0
R02651,2025-03-10,Silver,37,Nairobi,3.8,0,0
R02652,2024-10-04,Bronze,24,Lagos,4.6,0,0
R02653,2024-01-04,Bronze,28,Nairobi,4.5,0,0
R02654,2024-04-02,Bronze,18,Nairobi,4.3,0,1
R02655,2023-10-06,Silver,43,Lagos,4.4,0,0
R02656,2025-03-10,Bronze,36,Cairo,4.3,0,0
R02657,2023-04-28,Bronze,44,Cairo,4.8,0,1
R02658,2024-05-08,Gold,63,Nairobi,4.9,0,0
R02659,2024-06-24,Bronze,21,Cairo,4.2,0,0
R02660,2023-06-27,Silver,55,Lagos,4.6,0,1
R02661,2024-09-29,Gold,30,Nairobi,3.7,0,1
R02662,2023-04-30,Gold,37,Lagos,4.7,0,1
R02663,2024-06-16,Silver,57,Lagos,4.2,0,0
R02664,2023-07-13,Bronze,25,Cairo,4.8,0,0
R02665,2025-03-25,Bronze,28,Nairobi,4.6,0,0
R02666,2024-03-09,Silver,43,Cairo,4.3,1,1
R02667,2024-04-25,Silver,35,Lagos,4.3,0,1
R02668,2024-05-28,Silver,36,Cairo,4.6,1,0
R02669,2024-09-11,Bronze,29,Cairo,4.1,0,1
R02670,2023-05-21,Bronze,43,Nairobi,4.7,0,0
R02671,2024-11-22,Gold,36,Nairobi,4.8,0,0
R02672,2024-04-02,Bronze,37,Nairobi,4.1,0,0
R02673,2024-03-31,Bronze,49,Nairobi,4.7,0,0
R02674,2025-01-22,Bronze,32,Nairobi,5.0,0,0
R02675,2025-03-07,Bronze,36,Lagos,4.8,0,0
R02676,2024-02-21,Bronze,26,Cairo,4.6,0,0
R02677,2024-04-10,Gold,18,Cairo,3.8,1,1
R02678,2023-10-12,Silver,30,Nairobi,4.4,0,0
R02679,2025-02-24,Bronze,41,Cairo,5.0,0,0
R02680,2025-01-11,Bronze,37,Nairobi,4.8,0,1
R02681,2024-04-19,Bronze,30,Nairobi,4.6,1,0
R02682,2024-07-31,Gold,35,Lagos,4.6,0,1
R02683,2024-05-06,Platinum,27,Cairo,4.7,0,0
R02684,2024-06-21,Silver,53,Nairobi,4.0,0,0
R02685,2024-08-21,Silver,18,Cairo,4.2,0,0
R02686,2024-05-24,Bronze,18,Nairobi,4.0,0,1
R02687,2023-11-27,Bronze,28,Lagos,4.2,0,0
R02688,2023-08-29,Bronze,32,Cairo,4.2,0,1
R02689,2024-03-16,Silver,48,Nairobi,4.9,1,0
R02690,2024-05-19,Bronze,24,Cairo,3.6,0,0
R02691,2024-01-27,Silver,40,Lagos,5.0,0,1
R02692,2024-01-10,Bronze,31,Cairo,5.0,0,0
R02693,2024-08-02,Bronze,34,Lagos,4.9,0,0
R02694,2024-06-10,Silver,35,Cairo,4.5,0,0
R02695,2024-05-23,Bronze,19,Nairobi,5.0,1,1
R02696,2024-07-17,Silver,19,Nairobi,4.6,0,0
R02697,2024-11-29,Bronze,18,Cairo,4.7,0,1
R02698,2024-06-27,Bronze,39,Cairo,4.6,0,1
R02699,2025-04-01,Silver,47,Nairobi,5.0,0,0
R02700,2024-12-26,Bronze,44,Cairo,5.0,0,0
R02701,2024-04-11,Gold,47,Nairobi,4.2,0,0
R02702,2023-11-21,Silver,35,Lagos,5.0,0,0
R02703,2024-11-04,Bronze,49,Cairo,4.3,0,0
R02704,2023-10-09,Bronze,33,Lagos,3.9,0,1
R02705,2024-05-28,Bronze,33,Cairo,5.0,0,0
R02706,2023-07-08,Gold,19,Cairo,5.0,0,0
R02707,2024-04-04,Platinum,48,Lagos,4.0,0,0
R02708,2023-11-28,Bronze,32,Cairo,5.0,0,0
R02709,2023-11-06,Bronze,18,Cairo,4.2,0,0
R02710,2024-02-15,Silver,39,Cairo,4.6,0,0
R02711,2025-02-09,Bronze,41,Cairo,4.7,0,0
R02712,2024-12-15,Bronze,31,Cairo,4.6,0,1
R02713,2024-06-17,Bronze,33,Nairobi,5.0,0,0
R02714,2024-01-01,Silver,50,Cairo,4.8,0,0
R02715,2024-09-07,Bronze,37,Nairobi,4.2,0,0
R02716,2023-12-12,Gold,41,Cairo,4.4,1,0
R02717,2024-11-12,Bronze,34,Cairo,4.2,0,0
R02718,2025-02-28,Bronze,31,Nairobi,4.8,0,1
R02719,2024-05-08,Bronze,33,Nairobi,4.8,0,0
R02720,2023-09-02,Bronze,52,Nairobi,4.3,0,0
R02721,2024-02-24,Bronze,40,Cairo,4.1,0,1
R02722,2024-08-01,Bronze,44,Lagos,5.0,0,0
R02723,2023-11-21,Bronze,43,Nairobi,4.1,0,0
R02724,2024-02-16,Bronze,28,Cairo,5.0,0,0
R02725,2024-05-19,Silver,45,Cairo,4.8,0,1
R02726,2023-06-04,Silver,30,Lagos,3.9,0,0
R02727,2024-06-21,Bronze,28,Cairo,4.3,0,1
R02728,2024-06-17,Bronze,59,Nairobi,4.4,0,0
R02729,2024-11-10,Bronze,48,Cairo,3.9,0,0
R02730,2025-02-04,Bronze,34,Nairobi,3.7,0,0
R02731,2024-02-06,Platinum,33,Nairobi,4.5,0,1
R02732,2024-10-21,Silver,56,Lagos,3.8,0,0
R02733,2023-07-05,Silver,40,Lagos,4.6,0,0
R02734,2025-01-11,Bronze,56,Cairo,4.3,0,0
R02735,2024-10-23,Gold,53,Lagos,4.0,0,0
R02736,2023-08-18,Bronze,37,Nairobi,3.8,0,0
R02737,2024-05-08,Gold,37,Nairobi,4.3,0,0
R02738,2024-01-02,Platinum,47,Nairobi,4.6,0,0
R02739,2023-09-30,Silver,36,Nairobi,4.1,0,1
R02740,2024-05-21,Bronze,26,Nairobi,4.2,0,1
R02741,2023-11-10,Silver,18,Lagos,4.7,0,1
R02742,2023-06-05,Bronze,42,Lagos,4.5,1,1
R02743,2025-02-07,Bronze,41,Lagos,4.1,0,0
R02744,2024-02-15,Silver,39,Lagos,4.7,0,0
R02745,2023-06-16,Silver,26,Cairo,4.3,0,1
R02746,2024-12-24,Gold,26,Nairobi,4.6,0,0
R02747,2023-05-04,Platinum,36,Nairobi,4.0,0,0
R02748,2023-06-19,Bronze,47,Cairo,4.0,0,0
R02749,2024-03-12,Bronze,24,Cairo,4.8,0,0
R02750,2024-12-27,Bronze,34,Cairo,4.5,0,0
R02751,2025-01-28,Bronze,18,Cairo,3.8,0,0
R02752,2024-10-23,Bronze,44,Cairo,4.1,0,1
R02753,2024-08-28,Bronze,25,Lagos,4.0,0,1
R02754,2024-07-08,Bronze,51,Cairo,4.5,0,0
R02755,2024-10-23,Silver,41,Lagos,5.0,0,1
R02756,2024-05-27,Bronze,41,Lagos,4.2,0,0
R02757,2024-02-05,Gold,22,Lagos,4.6,0,0
R02758,2024-11-11,Silver,22,Nairobi,3.8,1,0
R02759,2023-10-18,Bronze,32,Cairo,3.4,1,1
R02760,2025-03-07,Bronze,52,Nairobi,5.0,0,0
R02761,2023-12-12,Platinum,40,Cairo,3.5,0,0
R02762,2024-04-27,Bronze,26,Cairo,5.0,0,0
R02763,2025-01-20,Bronze,27,Lagos,4.5,0,1
R02764,2024-12-28,Silver,35,Cairo,4.3,0,0
R02765,2024-10-07,Bronze,29,Lagos,4.4,0,1
R02766,2023-12-14,Bronze,38,Cairo,4.2,0,0
R02767,2024-06-14,Platinum,40,Lagos,4.4,0,0
R02768,2024-07-09,Bronze,31,Lagos,3.8,0,1
R02769,2023-06-01,Silver,34,Cairo,5.0,0,1
R02770,2024-11-03,Silver,56,Nairobi,4.3,0,0
R02771,2024-02-06,Gold,36,Nairobi,4.2,0,0
R02772,2023-07-01,Bronze,45,Cairo,4.8,0,1
R02773,2024-01-31,Bronze,31,Lagos,4.4,0,0
R02774,2023-05-15,Bronze,29,Cairo,4.3,0,0
R02775,2024-03-30,Silver,28,Nairobi,5.0,0,1
R02776,2023-05-01,Bronze,43,Nairobi,4.2,0,0
R02777,2024-09-28,Platinum,33,Cairo,4.9,0,0
R02778,2023-10-16,Silver,59,Nairobi,4.5,0,0
R02779,2024-04-19,Bronze,30,Cairo,5.0,0,0
R02780,2025-02-15,Silver,43,Nairobi,4.7,0,0
R02781,2024-11-16,Silver,38,Nairobi,4.0,0,0
R02782,2023-05-28,Bronze,20,Nairobi,3.8,0,0
R02783,2024-09-26,Silver,33,Nairobi,3.3,0,0
R02784,2024-06-26,Bronze,24,Lagos,4.1,0,0
R02785,2024-12-19,Silver,42,Cairo,2.9,0,1
R02786,2023-06-15,Bronze,32,Lagos,3.8,1,0
R02787,2023-06-26,Silver,57,Nairobi,5.0,0,0
R02788,2023-10-19,Bronze,52,Cairo,3.9,0,0
R02789,2024-02-23,Bronze,29,Lagos,5.0,0,0
R02790,2024-02-06,Bronze,26,Lagos,4.8,0,0
R02791,2025-02-18,Bronze,36,Cairo,4.6,0,0
R02792,2023-09-29,Bronze,37,Nairobi,4.9,0,0
R02793,2024-07-28,Platinum,35,Nairobi,5.0,0,1
R02794,2024-07-01,Bronze,26,Lagos,3.9,1,0
R02795,2023-08-02,Bronze,44,Cairo,4.9,1,1
R02796,2023-07-13,Bronze,50,Nairobi,4.9,0,0
R02797,2023-09-11,Bronze,31,Cairo,4.5,0,1
R02798,2023-07-13,Bronze,43,Lagos,5.0,0,0
R02799,2023-10-17,Gold,25,Cairo,4.6,0,0
R02800,2023-11-07,Silver,49,Cairo,4.8,0,1
R02801,2024-09-07,Bronze,27,Nairobi,4.5,0,0
R02802,2025-01-04,Bronze,31,Lagos,4.5,0,0
R02803,2024-08-29,Gold,51,Nairobi,4.6,0,1
R02804,2024-03-23,Bronze,36,Lagos,5.0,0,0
R02805,2024-02-16,Gold,39,Cairo,3.9,0,1
R02806,2023-12-13,Gold,42,Nairobi,4.2,0,0
R02807,2025-01-05,Bronze,27,Lagos,4.4,0,0
R02808,2024-03-24,Bronze,43,Cairo,5.0,0,0
R02809,2024-10-12,Bronze,19,Lagos,4.8,0,0
R02810,2024-04-20,Bronze,40,Cairo,5.0,0,0
R02811,2024-10-06,Silver,35,Cairo,4.7,0,0
R02812,2023-11-15,Silver,47,Cairo,4.2,0,1
R02813,2025-02-12,Silver,32,Lagos,4.8,0,0
R02814,2025-02-06,Bronze,39,Nairobi,4.4,0,0
R02815,2024-02-07,Bronze,44,Nairobi,5.0,0,0
R02816,2024-01-08,Bronze,52,Nairobi,4.4,0,1
R02817,2023-06-04,Bronze,33,Cairo,3.8,0,0
R02818,2023-05-14,Silver,42,Cairo,4.6,0,0
R02819,2025-02-16,Bronze,29,Lagos,3.8,0,1
R02820,2024-03-10,Bronze,46,Cairo,4.7,0,0
R02821,2023-10-11,Platinum,45,Cairo,5.0,0,0
R02822,2024-09-24,Gold,28,Lagos,4.9,1,0
R02823,2024-10-30,Bronze,25,Cairo,4.4,0,1
R02824,2024-10-25,Bronze,26,Lagos,4.4,0,0
R02825,2023-08-03,Bronze,37,Lagos,4.4,0,1
R02826,2023-12-26,Bronze,54,Lagos,3.8,0,1
R02827,2023-12-29,Gold,46,Lagos,4.9,0,1
R02828,2024-10-23,Bronze,40,Nairobi,4.7,0,0
R02829,2023-09-06,Bronze,34,Cairo,5.0,0,1
R02830,2024-12-03,Bronze,23,Nairobi,3.4,0,1
R02831,2024-08-28,Bronze,36,Nairobi,4.2,0,0
R02832,2024-12-16,Silver,18,Cairo,5.0,0,0
R02833,2025-01-14,Bronze,31,Cairo,4.8,0,0
R02834,2024-12-17,Bronze,39,Nairobi,4.7,0,0
R02835,2024-09-23,Silver,37,Lagos,3.7,0,0
R02836,2024-12-27,Bronze,40,Nairobi,3.5,0,0
R02837,2024-09-07,Bronze,46,Lagos,4.5,1,1
R02838,2024-04-03,Bronze,24,Nairobi,4.1,0,1
R02839,2024-09-10,Bronze,47,Lagos,4.0,0,0
R02840,2025-01-29,Bronze,28,Lagos,4.9,0,0
R02841,2025-01-21,Bronze,59,Cairo,3.4,0,0
R02842,2023-06-02,Bronze,38,Nairobi,3.7,0,1
R02843,2024-11-24,Bronze,30,Cairo,4.3,0,1
R02844,2024-08-02,Bronze,37,Lagos,4.3,0,0
R02845,2024-03-31,Gold,50,Nairobi,4.2,0,0
R02846,2023-09-25,Platinum,18,Cairo,4.9,1,0
R02847,2023-11-24,Bronze,43,Cairo,4.7,0,1
R02848,2023-08-09,Bronze,28,Lagos,3.8,0,0
R02849,2023-10-24,Bronze,33,Cairo,4.3,0,1
R02850,2024-06-22,Silver,36,Cairo,4.5,0,0
R02851,2025-03-20,Bronze,26,Nairobi,4.6,0,1
R02852,2024-04-12,Bronze,32,Cairo,4.5,0,0
R02853,2023-12-05,Silver,47,Lagos,3.7,0,0
R02854,2023-10-01,Bronze,33,Cairo,5.0,0,0
R02855,2023-10-02,Bronze,45,Nairobi,4.6,0,0
R02856,2025-04-02,Silver,31,Cairo,4.5,0,1
R02857,2024-08-16,Bronze,46,Nairobi,5.0,0,0
R02858,2023-09-15,Gold,45,Nairobi,5.0,1,0
R02859,2024-08-06,Bronze,34,Cairo,4.0,0,1
R02860,2023-07-27,Bronze,43,Nairobi,4.4,0,0
R02861,2023-11-19,Bronze,42,Nairobi,4.2,0,0
R02862,2024-06-11,Bronze,40,Cairo,4.4,0,1
R02863,2024-09-18,Bronze,29,Lagos,4.8,0,0
R02864,2024-06-18,Bronze,31,Nairobi,5.0,0,0
R02865,2023-07-08,Platinum,19,Cairo,4.4,0,0
R02866,2023-06-08,Bronze,43,Nairobi,3.7,0,0
R02867,2023-07-09,Gold,25,Lagos,4.8,0,1
R02868,2024-08-15,Silver,46,Nairobi,4.1,1,0
R02869,2024-01-23,Silver,46,Nairobi,5.0,0,1
R02870,2024-01-27,Bronze,34,Nairobi,4.2,0,1
R02871,2023-05-12,Bronze,33,Cairo,4.1,0,0
R02872,2024-07-18,Bronze,35,Nairobi,4.3,0,1
R02873,2023-06-16,Bronze,36,Lagos,3.6,0,0
R02874,2024-12-09,Bronze,36,Cairo,4.2,0,0
R02875,2024-10-17,Bronze,41,Cairo,4.0,0,1
R02876,2023-11-22,Bronze,43,Nairobi,5.0,0,0
R02877,2025-02-09,Gold,30,Nairobi,4.4,0,0
R02878,2025-04-22,Bronze,29,Cairo,4.0,0,0
R02879,2023-07-21,Silver,23,Nairobi,4.3,0,0
R02880,2025-04-20,Gold,46,Cairo,4.6,0,1
R02881,2025-04-22,Silver,37,Lagos,3.6,0,0
R02882,2024-04-13,Gold,38,Cairo,4.8,0,1
R02883,2024-01-10,Bronze,49,Cairo,4.6,0,1
R02884,2024-06-21,Bronze,33,Cairo,4.9,0,0
R02885,2025-04-07,Bronze,43,Nairobi,4.4,0,1
R02886,2024-04-05,Bronze,46,Cairo,3.8,0,0
R02887,2024-09-04,Bronze,40,Lagos,4.4,0,1
R02888,2025-01-11,Silver,45,Lagos,4.1,0,0
R02889,2024-03-23,Silver,42,Lagos,4.9,0,0
R02890,2024-08-30,Bronze,25,Nairobi,4.3,0,0
R02891,2024-10-13,Gold,44,Nairobi,5.0,0,0
R02892,2024-02-10,Bronze,38,Cairo,4.8,0,0
R02893,2024-07-08,Bronze,20,Nairobi,4.9,0,1
R02894,2023-06-02,Silver,31,Nairobi,5.0,0,0
R02895,2024-09-23,Bronze,49,Lagos,3.8,0,0
R02896,2024-09-25,Gold,47,Lagos,4.1,0,0
R02897,2023-08-23,Silver,47,Nairobi,5.0,0,1
R02898,2024-02-25,Platinum,30,Lagos,4.4,0,0
R02899,2025-04-18,Silver,50,Nairobi,5.0,0,0
R02900,2023-11-13,Bronze,47,Lagos,4.3,0,0
R02901,2025-01-09,Bronze,57,Lagos,4.4,0,0
R02902,2023-04-30,Bronze,41,Lagos,3.6,1,0
R02903,2025-01-01,Bronze,21,Cairo,5.0,0,0
R02904,2023-08-31,Bronze,26,Lagos,4.5,0,1
R02905,2023-06-28,Silver,35,Cairo,4.4,0,1
R02906,2023-12-09,Bronze,55,Cairo,4.2,1,0
R02907,2023-12-14,Bronze,37,Lagos,4.2,0,0
R02908,2024-11-16,Silver,34,Nairobi,4.7,0,1
R02909,2024-12-13,Gold,34,Nairobi,5.0,0,1
R02910,2025-02-27,Gold,22,Cairo,4.3,0,0
R02911,2023-08-19,Silver,29,Lagos,4.1,1,0
R02912,2024-06-14,Silver,43,Cairo,3.8,1,0
R02913,2023-08-29,Bronze,44,Cairo,5.0,1,0
R02914,2025-01-29,Bronze,32,Lagos,4.0,0,1
R02915,2023-06-04,Bronze,29,Lagos,4.9,0,1
R02916,2024-02-20,Bronze,31,Lagos,4.6,0,0
R02917,2024-11-14,Bronze,50,Nairobi,4.5,0,1
R02918,2024-03-16,Bronze,50,Nairobi,4.5,0,0
R02919,2024-07-05,Bronze,32,Nairobi,5.0,0,0
R02920,2023-05-19,Silver,35,Nairobi,5.0,0,1
R02921,2024-04-05,Silver,41,Nairobi,5.0,0,1
R02922,2025-04-01,Bronze,39,Cairo,4.4,0,1
R02923,2024-12-16,Platinum,24,Cairo,4.3,0,0
R02924,2025-03-05,Bronze,34,Cairo,5.0,0,0
R02925,2023-09-08,Bronze,22,Cairo,4.4,0,0
R02926,2024-01-15,Bronze,37,Cairo,4.6,0,0
R02927,2025-03-21,Bronze,31,Nairobi,3.6,0,0
R02928,2024-11-13,Bronze,33,Lagos,3.7,0,0
R02929,2023-05-22,Bronze,40,Nairobi,3.7,0,1
R02930,2024-09-27,Gold,44,Lagos,5.0,0,1
R02931,2024-09-08,Bronze,41,Lagos,5.0,0,0
R02932,2024-07-26,Silver,41,Nairobi,4.5,0,0
R02933,2024-07-19,Bronze,37,Lagos,4.3,1,1
R02934,2025-03-23,Bronze,46,Lagos,4.1,0,1
R02935,2024-02-09,Platinum,33,Nairobi,4.8,0,0
R02936,2023-06-02,Silver,38,Nairobi,4.7,0,0
R02937,2024-07-27,Platinum,19,Cairo,5.0,1,1
R02938,2024-04-12,Silver,38,Cairo,4.4,0,0
R02939,2024-03-17,Bronze,53,Lagos,4.1,0,0
R02940,2023-06-02,Silver,36,Lagos,3.3,0,0
R02941,2024-10-06,Silver,52,Nairobi,4.7,0,0
R02942,2025-02-02,Bronze,26,Cairo,4.8,0,0
R02943,2024-08-02,Bronze,30,Cairo,4.9,0,0
R02944,2024-11-28,Silver,41,Nairobi,5.0,0,0
R02945,2023-12-23,Bronze,29,Cairo,4.3,0,0
R02946,2024-04-27,Bronze,33,Cairo,4.4,1,1
R02947,2025-03-29,Silver,27,Nairobi,4.0,0,1
R02948,2024-11-12,Bronze,37,Nairobi,3.8,0,0
R02949,2024-02-20,Gold,24,Cairo,5.0,0,1
R02950,2023-10-09,Gold,30,Nairobi,4.1,0,0
R02951,2024-11-04,Bronze,27,Cairo,4.6,0,0
R02952,2024-04-21,Silver,45,Nairobi,4.1,0,1
R02953,2023-12-04,Bronze,18,Lagos,4.4,0,1
R02954,2023-12-07,Silver,18,Lagos,4.9,0,0
R02955,2023-04-28,Silver,38,Lagos,4.7,0,0
R02956,2024-04-20,Silver,42,Nairobi,5.0,0,1
R02957,2024-10-10,Bronze,31,Nairobi,4.1,0,1
R02958,2024-04-06,Bronze,28,Nairobi,3.4,0,0
R02959,2024-03-27,Silver,38,Nairobi,4.6,0,1
R02960,2023-10-30,Bronze,38,Lagos,4.0,0,0
R02961,2023-09-24,Silver,41,Cairo,4.5,0,1
R02962,2023-12-14,Bronze,25,Nairobi,5.0,0,0
R02963,2024-12-25,Bronze,38,Nairobi,4.3,0,0
R02964,2025-02-06,Bronze,21,Nairobi,3.7,0,0
R02965,2024-11-26,Bronze,21,Cairo,4.2,0,0
R02966,2024-04-15,Bronze,19,Lagos,4.5,0,0
R02967,2024-04-21,Bronze,31,Lagos,4.1,0,0
R02968,2023-05-30,Platinum,38,Cairo,4.1,0,1
R02969,2023-10-06,Silver,27,Nairobi,4.3,0,0
R02970,2024-07-06,Gold,57,Nairobi,5.0,0,0
R02971,2024-09-11,Gold,28,Nairobi,5.0,0,0
R02972,2023-04-29,Silver,21,Cairo,5.0,0,0
R02973,2024-03-03,Silver,27,Lagos,3.2,0,0
R02974,2023-10-28,Gold,38,Cairo,4.3,0,0
R02975,2023-09-22,Bronze,18,Lagos,4.9,0,0
R02976,2023-10-22,Bronze,39,Lagos,4.2,1,0
R02977,2024-02-29,Bronze,39,Nairobi,4.4,0,0
R02978,2023-09-29,Silver,47,Cairo,3.7,0,0
R02979,2024-11-29,Bronze,54,Nairobi,4.5,0,0
R02980,2024-12-29,Bronze,43,Lagos,5.0,0,0
R02981,2024-06-24,Bronze,28,Nairobi,4.7,0,1
R02982,2024-02-29,Bronze,31,Lagos,3.6,0,0
R02983,2023-10-08,Bronze,29,Nairobi,4.6,0,0
R02984,2023-05-22,Bronze,45,Nairobi,3.9,1,1
R02985,2024-02-05,Bronze,28,Lagos,4.1,0,0
R02986,2024-03-12,Bronze,41,Nairobi,4.6,0,0
R02987,2024-01-13,Bronze,32,Nairobi,4.6,0,0
R02988,2023-07-08,Gold,38,Lagos,5.0,0,0
R02989,2025-01-02,Bronze,52,Cairo,5.0,0,0
R02990,2025-03-01,Silver,30,Cairo,4.1,0,0
R02991,2024-06-19,Gold,42,Cairo,4.2,0,0
R02992,2023-05-13,Gold,55,Cairo,4.0,0,1
R02993,2023-07-02,Bronze,34,Cairo,5.0,0,0
R02994,2025-03-16,Gold,30,Lagos,4.6,0,0
R02995,2025-04-14,Bronze,32,Nairobi,4.9,0,0
R02996,2023-07-04,Silver,33,Nairobi,4.6,0,0
R02997,2023-11-28,Bronze,38,Lagos,4.2,0,0
R02998,2024-01-30,Bronze,46,Cairo,4.3,0,0
R02999,2024-12-04,Bronze,29,Lagos,4.6,0,0
R03000,2024-11-05,Bronze,25,Lagos,4.6,0,1
R03001,2024-01-28,Bronze,36,Nairobi,5.0,1,0
R03002,2024-10-09,Bronze,32,Nairobi,4.4,0,1
R03003,2023-05-27,Gold,40,Lagos,5.0,0,0
R03004,2023-11-21,Bronze,18,Lagos,5.0,0,0
R03005,2023-06-05,Silver,45,Lagos,4.7,0,0
R03006,2023-05-17,Bronze,39,Nairobi,3.7,0,1
R03007,2024-12-16,Bronze,35,Lagos,4.0,0,1
R03008,2024-12-30,Silver,41,Cairo,4.6,0,0
R03009,2024-11-25,Bronze,21,Nairobi,4.6,0,1
R03010,2025-03-16,Bronze,26,Nairobi,4.5,0,0
R03011,2024-04-30,Bronze,40,Nairobi,5.0,0,1
R03012,2024-12-11,Silver,50,Lagos,4.4,0,0
R03013,2024-05-13,Platinum,19,Cairo,5.0,0,0
R03014,2024-06-08,Bronze,25,Nairobi,4.3,0,0
R03015,2023-10-29,Platinum,32,Lagos,5.0,0,0
R03016,2023-07-24,Bronze,35,Nairobi,4.6,0,0
R03017,2023-11-22,Bronze,21,Cairo,4.8,0,0
R03018,2024-10-08,Bronze,49,Nairobi,3.7,0,0
R03019,2025-03-28,Bronze,25,Lagos,4.7,0,1
R03020,2024-03-30,Bronze,45,Lagos,4.3,0,1
R03021,2023-08-27,Bronze,50,Nairobi,4.1,0,0
R03022,2025-03-05,Silver,48,Cairo,4.8,0,0
R03023,2023-12-13,Bronze,53,Lagos,4.5,0,0
R03024,2023-10-08,Bronze,48,Cairo,4.8,0,0
R03025,2023-08-27,Bronze,35,Lagos,4.6,0,0
R03026,2024-11-29,Bronze,26,Nairobi,4.0,0,0
R03027,2024-04-08,Silver,35,Lagos,4.7,0,0
R03028,2023-07-31,Silver,46,Nairobi,4.6,1,0
R03029,2024-12-02,Silver,28,Cairo,3.8,0,0
R03030,2023-05-17,Bronze,54,Cairo,4.4,0,0
R03031,2025-01-09,Silver,31,Cairo,3.9,0,0
R03032,2024-04-19,Gold,19,Nairobi,4.9,0,1
R03033,2023-09-09,Silver,33,Nairobi,5.0,0,0
R03034,2025-02-04,Platinum,34,Cairo,3.8,0,0
R03035,2024-03-28,Bronze,24,Cairo,4.3,0,1
R03036,2023-10-31,Bronze,47,Lagos,4.5,0,0
R03037,2023-12-05,Bronze,52,Cairo,4.1,0,1
R03038,2024-06-08,Platinum,53,Lagos,4.5,0,0
R03039,2024-09-11,Bronze,25,Cairo,5.0,0,0
R03040,2024-07-17,Bronze,23,Lagos,5.0,0,1
R03041,2023-05-29,Bronze,40,Nairobi,4.7,0,0
R03042,2025-02-23,Bronze,23,Cairo,4.2,0,1
R03043,2023-09-14,Silver,36,Cairo,4.5,1,0
R03044,2023-06-01,Gold,42,Cairo,5.0,0,0
R03045,2023-08-23,Bronze,35,Cairo,3.7,1,0
R03046,2024-06-22,Bronze,41,Lagos,4.2,0,1
R03047,2024-05-22,Bronze,28,Lagos,3.4,1,1
R03048,2023-09-12,Platinum,28,Lagos,4.0,0,1
R03049,2024-07-14,Bronze,47,Nairobi,4.2,0,0
R03050,2024-02-18,Bronze,24,Cairo,5.0,0,1
R03051,2025-03-31,Gold,28,Nairobi,4.3,0,0
R03052,2024-07-12,Bronze,28,Cairo,3.6,0,1
R03053,2024-07-14,Bronze,28,Lagos,4.9,0,1
R03054,2024-12-13,Bronze,53,Cairo,4.2,0,1
R03055,2024-10-21,Bronze,20,Nairobi,4.8,0,1
R03056,2023-07-14,Platinum,24,Cairo,4.7,0,0
R03057,2023-06-30,Silver,36,Nairobi,4.4,0,0
R03058,2024-12-05,Bronze,32,Nairobi,4.1,0,1
R03059,2023-07-08,Bronze,42,Nairobi,4.3,0,0
R03060,2023-05-05,Platinum,37,Nairobi,5.0,0,0
R03061,2024-11-14,Platinum,18,Nairobi,3.9,0,0
R03062,2023-10-06,Bronze,46,Cairo,4.4,0,0
R03063,2023-11-29,Bronze,23,Lagos,5.0,0,1
R03064,2024-05-27,Silver,32,Nairobi,3.5,0,0
R03065,2024-08-22,Bronze,36,Nairobi,5.0,0,0
R03066,2024-12-04,Bronze,31,Cairo,4.1,0,0
R03067,2024-01-21,Silver,19,Nairobi,4.3,1,0
R03068,2024-04-21,Bronze,41,Lagos,4.0,0,0
R03069,2024-01-26,Bronze,18,Lagos,4.8,0,1
R03070,2024-03-04,Silver,18,Nairobi,4.5,1,0
R03071,2023-12-10,Bronze,28,Cairo,4.6,0,0
R03072,2023-08-09,Bronze,39,Lagos,4.3,1,1
R03073,2024-08-27,Silver,42,Cairo,4.4,0,0
R03074,2024-04-02,Bronze,54,Lagos,4.9,0,0
R03075,2025-03-20,Bronze,47,Nairobi,5.0,0,1
R03076,2024-06-15,Bronze,39,Nairobi,4.2,0,0
R03077,2024-05-27,Bronze,33,Nairobi,4.3,0,1
R03078,2023-11-12,Bronze,38,Lagos,4.4,1,0
R03079,2024-11-04,Bronze,29,Lagos,5.0,0,0
R03080,2024-08-29,Silver,48,Nairobi,3.6,0,1
R03081,2023-06-02,Silver,32,Nairobi,4.7,0,1
R03082,2025-02-21,Bronze,18,Lagos,5.0,0,0
R03083,2023-06-11,Silver,30,Cairo,4.6,0,0
R03084,2023-05-29,Gold,58,Cairo,4.1,1,0
R03085,2024-07-09,Bronze,25,Nairobi,4.7,0,1
R03086,2023-11-05,Bronze,38,Nairobi,5.0,0,1
R03087,2024-07-14,Bronze,48,Lagos,4.9,0,0
R03088,2023-09-25,Bronze,23,Cairo,3.8,0,0
R03089,2024-05-19,Bronze,34,Lagos,4.6,0,0
R03090,2024-08-26,Gold,30,Lagos,4.3,0,0
R03091,2023-05-15,Bronze,42,Nairobi,5.0,0,1
R03092,2024-01-10,Bronze,26,Lagos,4.6,0,1
R03093,2023-06-12,Bronze,52,Nairobi,4.7,0,1
R03094,2025-04-11,Bronze,37,Nairobi,4.3,0,1
R03095,2023-07-17,Platinum,31,Lagos,4.4,0,0
R03096,2024-10-09,Silver,36,Lagos,4.2,0,0
R03097,2024-09-01,Bronze,30,Cairo,4.1,0,0
R03098,2025-04-26,Silver,24,Cairo,3.7,0,0
R03099,2024-04-01,Bronze,60,Nairobi,4.1,0,0
R03100,2024-07-05,Bronze,42,Cairo,5.0,0,1
R03101,2023-10-09,Silver,28,Lagos,5.0,0,0
R03102,2024-08-13,Gold,40,Lagos,5.0,0,0
R03103,2024-08-14,Bronze,31,Cairo,5.0,0,0
R03104,2024-03-15,Bronze,49,Lagos,4.5,0,0
R03105,2024-09-30,Bronze,42,Nairobi,4.8,0,0
R03106,2023-06-01,Bronze,36,Cairo,4.9,0,1
R03107,2024-02-09,Bronze,33,Cairo,4.7,0,0
R03108,2023-09-16,Silver,33,Lagos,4.2,0,1
R03109,2024-04-08,Bronze,45,Nairobi,4.0,0,0
R03110,2024-03-12,Bronze,34,Lagos,4.3,1,0
R03111,2024-01-29,Bronze,27,Lagos,4.4,0,0
R03112,2023-08-24,Bronze,35,Nairobi,4.5,0,1
R03113,2023-07-25,Bronze,54,Cairo,5.0,0,0
R03114,2023-04-28,Bronze,27,Cairo,4.1,0,0
R03115,2024-05-16,Gold,51,Nairobi,3.3,0,1
R03116,2024-03-30,Bronze,27,Nairobi,4.5,0,0
R03117,2025-02-07,Bronze,41,Nairobi,5.0,0,1
R03118,2023-05-15,Bronze,50,Nairobi,4.6,1,0
R03119,2023-08-02,Bronze,24,Nairobi,4.3,0,0
R03120,2023-10-26,Bronze,49,Lagos,3.6,0,1
R03121,2023-12-10,Bronze,32,Lagos,5.0,0,0
R03122,2023-11-15,Bronze,23,Lagos,4.9,0,1
R03123,2025-01-20,Silver,32,Lagos,3.9,0,0
R03124,2023-08-01,Bronze,45,Lagos,4.4,0,0
R03125,2024-08-12,Bronze,27,Cairo,4.8,0,0
R03126,2024-02-04,Silver,46,Cairo,4.8,1,1
R03127,2024-04-15,Bronze,44,Cairo,4.8,0,1
R03128,2023-10-27,Gold,43,Nairobi,5.0,0,1
R03129,2023-10-14,Silver,41,Cairo,5.0,0,0
R03130,2024-02-12,Silver,25,Lagos,4.5,0,0
R03131,2024-08-08,Bronze,46,Nairobi,4.4,1,1
R03132,2023-05-10,Bronze,28,Lagos,4.3,0,0
R03133,2025-02-21,Silver,40,Cairo,4.8,1,1
R03134,2024-11-13,Silver,40,Lagos,3.9,0,0
R03135,2025-02-03,Bronze,18,Cairo,5.0,0,1
R03136,2023-10-29,Bronze,23,Cairo,5.0,1,0
R03137,2024-03-24,Bronze,30,Cairo,4.7,0,1
R03138,2024-09-28,Bronze,37,Lagos,5.0,0,1
R03139,2023-08-05,Gold,30,Lagos,4.5,0,1
R03140,2023-09-13,Silver,48,Lagos,4.5,0,1
R03141,2024-05-18,Bronze,28,Nairobi,3.8,0,1
R03142,2023-07-20,Bronze,22,Cairo,5.0,1,0
R03143,2024-07-29,Bronze,53,Cairo,5.0,0,0
R03144,2023-11-11,Bronze,45,Cairo,3.6,0,0
R03145,2024-09-07,Bronze,47,Lagos,4.4,0,0
R03146,2024-09-05,Silver,48,Lagos,4.4,0,0
R03147,2024-04-05,Silver,27,Lagos,3.9,0,0
R03148,2023-08-02,Bronze,20,Lagos,4.2,0,1
R03149,2024-04-08,Bronze,59,Nairobi,4.8,0,0
R03150,2024-05-29,Bronze,38,Cairo,4.1,0,0
R03151,2025-03-01,Silver,48,Lagos,5.0,0,1
R03152,2023-05-30,Bronze,48,Cairo,4.6,1,0
R03153,2024-02-01,Platinum,34,Cairo,4.9,0,1
R03154,2024-04-25,Bronze,35,Lagos,4.0,0,0
R03155,2024-07-21,Bronze,25,Cairo,4.8,0,1
R03156,2024-10-08,Silver,18,Nairobi,4.6,0,1
R03157,2023-08-22,Gold,27,Cairo,5.0,0,0
R03158,2025-02-24,Bronze,33,Lagos,4.1,0,0
R03159,2024-12-11,Bronze,42,Cairo,4.3,0,0
R03160,2024-07-02,Silver,35,Cairo,3.9,0,0
R03161,2024-07-17,Bronze,41,Lagos,4.9,0,0
R03162,2023-11-27,Bronze,33,Cairo,3.7,0,0
R03163,2023-07-29,Gold,22,Cairo,3.9,0,0
R03164,2025-01-13,Bronze,33,Nairobi,4.0,0,0
R03165,2023-09-11,Bronze,29,Cairo,4.5,0,0
R03166,2024-05-04,Silver,26,Cairo,4.3,0,0
R03167,2023-08-27,Silver,38,Lagos,4.6,0,0
R03168,2025-04-14,Bronze,32,Lagos,5.0,0,0
R03169,2024-03-09,Bronze,29,Lagos,4.3,0,0
R03170,2024-08-27,Platinum,43,Nairobi,3.9,0,0
R03171,2025-03-21,Bronze,39,Lagos,4.6,0,1
R03172,2023-10-29,Silver,35,Cairo,4.0,0,0
R03173,2024-07-06,Bronze,39,Nairobi,3.2,0,0
R03174,2024-10-27,Bronze,36,Nairobi,4.2,0,0
R03175,2023-11-24,Bronze,45,Cairo,4.1,1,1
R03176,2024-03-20,Silver,49,Nairobi,5.0,0,1
R03177,2024-04-25,Bronze,37,Lagos,4.1,0,0
R03178,2023-07-05,Bronze,49,Cairo,3.8,0,0
R03179,2023-06-13,Bronze,18,Nairobi,4.2,0,1
R03180,2024-12-07,Bronze,33,Cairo,4.9,0,1
R03181,2025-02-20,Bronze,49,Cairo,4.5,0,1
R03182,2024-01-16,Gold,48,Lagos,3.8,0,0
R03183,2023-09-11,Silver,30,Cairo,4.2,0,0
R03184,2023-07-30,Bronze,37,Cairo,4.9,1,0
R03185,2023-09-24,Silver,29,Lagos,4.2,0,0
R03186,2023-10-07,Bronze,37,Cairo,5.0,0,0
R03187,2024-07-06,Bronze,47,Nairobi,4.5,0,0
R03188,2024-10-04,Bronze,28,Cairo,4.9,0,0
R03189,2024-08-15,Silver,41,Lagos,5.0,0,1
R03190,2024-12-01,Silver,26,Cairo,5.0,0,0
R03191,2024-05-03,Bronze,41,Cairo,4.7,0,0
R03192,2023-12-25,Bronze,32,Nairobi,4.8,0,0
R03193,2025-01-11,Bronze,43,Lagos,5.0,1,0
R03194,2024-02-29,Bronze,40,Lagos,4.2,0,0
R03195,2024-04-17,Bronze,30,Cairo,4.7,0,0
R03196,2025-03-14,Bronze,47,Lagos,4.8,0,0
R03197,2024-09-18,Gold,46,Nairobi,5.0,0,0
R03198,2025-03-09,Silver,36,Cairo,4.0,0,0
R03199,2024-10-09,Bronze,50,Nairobi,3.8,0,1
R03200,2025-01-17,Bronze,41,Cairo,3.3,1,0
R03201,2023-07-26,Silver,28,Lagos,3.6,0,0
R03202,2024-02-08,Bronze,46,Cairo,4.5,0,0
R03203,2023-08-01,Bronze,28,Lagos,4.5,0,0
R03204,2025-03-05,Bronze,24,Cairo,4.8,0,0
R03205,2025-04-11,Bronze,36,Nairobi,4.9,0,1
R03206,2024-12-10,Bronze,28,Lagos,5.0,0,0
R03207,2023-12-28,Bronze,33,Cairo,4.3,0,0
R03208,2024-12-08,Silver,45,Lagos,4.2,0,0
R03209,2023-06-18,Silver,34,Lagos,4.0,0,0
R03210,2024-08-20,Bronze,41,Lagos,4.4,0,0
R03211,2024-09-08,Bronze,37,Cairo,4.5,0,1
R03212,2024-02-15,Bronze,20,Lagos,4.3,0,1
R03213,2023-12-03,Platinum,57,Cairo,4.5,0,1
R03214,2023-12-10,Bronze,37,Cairo,5.0,0,0
R03215,2023-08-08,Bronze,55,Cairo,5.0,0,0
R03216,2023-10-29,Silver,41,Nairobi,4.2,0,0
R03217,2023-10-13,Bronze,38,Cairo,3.9,0,0
R03218,2024-11-20,Bronze,28,Lagos,4.0,0,0
R03219,2024-09-06,Bronze,20,Lagos,4.3,0,0
R03220,2025-03-01,Gold,32,Lagos,5.0,0,0
R03221,2024-10-26,Silver,26,Nairobi,4.7,0,0
R03222,2023-12-21,Silver,18,Cairo,4.4,0,0
R03223,2024-03-14,Bronze,34,Nairobi,3.5,0,0
R03224,2024-04-24,Silver,42,Lagos,4.8,0,1
R03225,2023-12-20,Bronze,55,Nairobi,5.0,0,0
R03226,2023-05-05,Bronze,36,Cairo,4.2,0,1
R03227,2023-05-05,Gold,29,Cairo,4.5,0,1
R03228,2024-12-22,Silver,33,Cairo,5.0,0,0
R03229,2024-11-04,Bronze,31,Cairo,3.8,0,0
R03230,2025-01-27,Bronze,27,Cairo,4.7,0,0
R03231,2024-11-13,Bronze,36,Cairo,4.8,0,0
R03232,2025-03-07,Silver,31,Cairo,5.0,0,0
R03233,2024-12-16,Bronze,35,Nairobi,4.1,0,1
R03234,2023-08-17,Bronze,39,Cairo,4.4,0,1
R03235,2024-05-05,Silver,25,Lagos,5.0,0,0
R03236,2023-08-30,Bronze,31,Cairo,4.7,0,1
R03237,2024-10-27,Bronze,49,Nairobi,4.2,0,0
R03238,2024-12-02,Bronze,19,Lagos,5.0,0,0
R03239,2023-08-15,Gold,18,Nairobi,5.0,0,0
R03240,2023-05-14,Silver,20,Nairobi,4.6,0,0
R03241,2024-12-01,Silver,42,Nairobi,5.0,0,0
R03242,2023-06-01,Silver,42,Lagos,4.9,0,0
R03243,2024-05-20,Bronze,46,Cairo,4.2,0,1
R03244,2024-04-07,Silver,29,Cairo,4.6,0,0
R03245,2024-12-12,Bronze,53,Cairo,3.7,0,1
R03246,2024-04-20,Bronze,48,Cairo,4.7,0,0
R03247,2024-10-31,Bronze,28,Lagos,4.6,1,1
R03248,2024-05-09,Bronze,24,Lagos,4.3,0,1
R03249,2024-12-13,Silver,37,Cairo,4.1,0,1
R03250,2024-11-26,Bronze,19,Cairo,4.0,0,0
R03251,2023-09-28,Silver,28,Cairo,4.6,0,1
R03252,2024-12-13,Bronze,42,Nairobi,4.2,0,0
R03253,2025-04-07,Bronze,44,Nairobi,4.6,0,1
R03254,2023-05-09,Silver,55,Cairo,3.3,0,0
R03255,2023-11-20,Bronze,21,Cairo,4.6,1,0
R03256,2024-11-04,Gold,45,Lagos,4.6,1,0
R03257,2024-12-23,Gold,48,Cairo,4.0,0,0
R03258,2024-11-10,Bronze,42,Nairobi,4.4,0,1
R03259,2023-09-19,Platinum,21,Nairobi,4.1,0,1
R03260,2024-02-04,Bronze,59,Lagos,5.0,0,1
R03261,2024-12-24,Bronze,46,Lagos,4.0,0,0
R03262,2024-05-03,Gold,38,Cairo,4.9,0,1
R03263,2024-10-10,Silver,22,Cairo,5.0,0,0
R03264,2024-12-23,Bronze,42,Cairo,4.1,0,0
R03265,2024-06-13,Bronze,57,Lagos,5.0,0,0
R03266,2024-12-29,Silver,35,Lagos,4.8,0,0
R03267,2025-02-25,Bronze,28,Lagos,4.0,0,0
R03268,2024-11-18,Bronze,36,Lagos,4.8,0,0
R03269,2023-05-07,Silver,20,Nairobi,5.0,0,0
R03270,2024-03-18,Bronze,18,Cairo,4.2,0,0
R03271,2025-03-19,Bronze,41,Cairo,5.0,1,0
R03272,2023-10-08,Silver,37,Nairobi,5.0,0,0
R03273,2024-03-04,Bronze,32,Lagos,4.7,0,0
R03274,2024-10-19,Bronze,28,Lagos,4.7,1,1
R03275,2023-07-13,Bronze,34,Lagos,4.3,0,1
R03276,2023-08-08,Bronze,36,Lagos,5.0,0,0
R03277,2024-03-25,Bronze,25,Cairo,4.6,0,0
R03278,2023-04-28,Silver,29,Cairo,3.5,0,1
R03279,2024-03-04,Silver,41,Nairobi,4.6,1,0
R03280,2024-06-19,Silver,33,Cairo,4.9,0,0
R03281,2024-12-07,Bronze,20,Lagos,4.5,0,0
R03282,2024-12-06,Bronze,44,Lagos,4.2,0,0
R03283,2024-03-30,Platinum,40,Cairo,5.0,0,0
R03284,2023-06-13,Bronze,38,Cairo,5.0,0,0
R03285,2024-12-26,Bronze,32,Cairo,4.7,0,0
R03286,2024-04-22,Platinum,19,Nairobi,4.9,1,1
R03287,2024-05-14,Silver,45,Lagos,3.7,0,1
R03288,2023-08-31,Gold,30,Nairobi,4.6,0,0
R03289,2024-11-04,Silver,28,Nairobi,4.9,0,0
R03290,2024-11-03,Silver,31,Nairobi,4.4,0,0
R03291,2023-12-26,Bronze,34,Cairo,4.5,0,0
R03292,2024-11-27,Bronze,27,Lagos,4.7,0,1
R03293,2024-07-30,Bronze,33,Nairobi,4.2,0,0
R03294,2024-08-18,Bronze,29,Cairo,5.0,0,0
R03295,2023-06-03,Bronze,42,Cairo,4.2,0,0
R03296,2023-07-29,Silver,40,Nairobi,4.5,0,0
R03297,2023-12-06,Silver,26,Nairobi,3.9,0,1
R03298,2023-10-31,Silver,36,Nairobi,5.0,0,0
R03299,2025-01-04,Bronze,36,Cairo,5.0,0,1
R03300,2024-08-23,Gold,23,Cairo,3.8,0,1
R03301,2023-07-06,Silver,29,Lagos,4.4,0,1
R03302,2025-04-10,Gold,24,Nairobi,4.6,0,0
R03303,2024-10-14,Bronze,25,Nairobi,4.8,0,0
R03304,2024-05-10,Bronze,41,Lagos,5.0,0,0
R03305,2025-03-16,Silver,64,Nairobi,4.7,1,1
R03306,2023-12-30,Bronze,43,Nairobi,4.9,0,0
R03307,2023-09-11,Bronze,33,Cairo,5.0,0,1
R03308,2024-05-27,Gold,18,Cairo,4.5,0,1
R03309,2023-08-25,Bronze,34,Nairobi,5.0,0,0
R03310,2023-11-21,Bronze,41,Nairobi,5.0,0,0
R03311,2023-05-31,Bronze,19,Lagos,3.8,0,0
R03312,2024-03-10,Silver,34,Nairobi,4.2,0,1
R03313,2025-03-10,Silver,43,Nairobi,4.2,0,0
R03314,2024-09-27,Bronze,32,Lagos,3.9,0,0
R03315,2024-07-29,Bronze,32,Nairobi,4.3,0,0
R03316,2023-07-20,Bronze,45,Nairobi,4.2,0,0
R03317,2025-03-11,Bronze,37,Cairo,4.3,0,0
R03318,2024-02-19,Bronze,40,Lagos,4.1,0,0
R03319,2024-05-02,Bronze,38,Nairobi,4.4,0,1
R03320,2024-04-27,Bronze,34,Nairobi,3.8,0,0
R03321,2023-06-16,Silver,46,Nairobi,4.0,0,0
R03322,2023-11-25,Bronze,46,Nairobi,3.8,0,1
R03323,2024-03-05,Bronze,33,Nairobi,4.2,0,0
R03324,2024-12-09,Bronze,37,Lagos,4.9,0,0
R03325,2024-03-30,Gold,28,Lagos,4.7,0,1
R03326,2025-02-01,Bronze,29,Cairo,4.9,0,0
R03327,2024-07-01,Bronze,20,Lagos,4.1,0,1
R03328,2024-01-01,Bronze,41,Nairobi,4.1,0,0
R03329,2025-01-07,Bronze,22,Nairobi,4.5,0,0
R03330,2025-03-02,Silver,30,Cairo,4.1,0,1
R03331,2024-04-05,Bronze,20,Nairobi,4.6,0,0
R03332,2023-08-06,Bronze,33,Cairo,5.0,0,0
R03333,2023-12-31,Bronze,43,Cairo,5.0,0,0
R03334,2025-04-14,Silver,40,Lagos,4.9,0,0
R03335,2024-05-29,Bronze,34,Nairobi,4.1,0,0
R03336,2024-04-18,Bronze,31,Lagos,5.0,0,0
R03337,2024-01-03,Silver,42,Cairo,4.4,0,1
R03338,2025-04-03,Bronze,32,Nairobi,4.9,0,1
R03339,2024-11-25,Bronze,43,Cairo,4.7,0,0
R03340,2023-09-24,Bronze,36,Lagos,5.0,0,0
R03341,2023-06-22,Bronze,26,Cairo,4.3,0,0
R03342,2024-07-19,Bronze,35,Lagos,4.8,1,1
R03343,2024-01-14,Bronze,52,Nairobi,3.7,0,1
R03344,2024-04-05,Gold,23,Cairo,4.0,0,0
R03345,2024-06-19,Bronze,27,Lagos,5.0,0,0
R03346,2024-04-08,Bronze,52,Lagos,5.0,0,0
R03347,2025-02-06,Bronze,42,Nairobi,5.0,0,0
R03348,2024-11-18,Bronze,37,Nairobi,4.3,1,1
R03349,2024-11-22,Gold,31,Lagos,4.3,0,1
R03350,2023-11-04,Bronze,25,Lagos,4.3,0,0
R03351,2025-01-11,Bronze,27,Nairobi,4.6,0,0
R03352,2024-07-14,Gold,22,Nairobi,4.8,0,1
R03353,2024-03-15,Platinum,56,Lagos,3.8,0,1
R03354,2024-01-30,Bronze,44,Lagos,4.0,0,0
R03355,2024-02-23,Silver,33,Lagos,4.1,0,0
R03356,2023-08-17,Platinum,34,Nairobi,4.2,0,0
R03357,2024-03-19,Platinum,21,Nairobi,4.9,0,0
R03358,2025-03-19,Silver,36,Lagos,4.3,0,1
R03359,2024-05-28,Bronze,19,Cairo,5.0,1,0
R03360,2023-11-17,Bronze,37,Cairo,5.0,0,1
R03361,2024-09-08,Silver,47,Lagos,4.1,0,0
R03362,2023-07-09,Bronze,35,Nairobi,4.0,0,0
R03363,2023-05-16,Gold,35,Cairo,4.7,0,0
R03364,2024-08-20,Gold,33,Lagos,4.7,0,0
R03365,2024-04-29,Bronze,40,Lagos,5.0,0,0
R03366,2024-08-16,Bronze,29,Cairo,5.0,0,1
R03367,2025-02-03,Bronze,30,Nairobi,5.0,0,0
R03368,2023-05-01,Silver,55,Cairo,4.3,0,0
R03369,2024-09-24,Bronze,32,Nairobi,4.6,0,0
R03370,2023-12-26,Silver,33,Cairo,4.2,0,0
R03371,2023-06-15,Bronze,42,Lagos,4.1,0,0
R03372,2023-06-28,Platinum,35,Lagos,4.7,0,0
R03373,2023-07-30,Bronze,41,Cairo,4.5,0,0
R03374,2023-09-30,Bronze,34,Cairo,3.6,0,1
R03375,2023-06-22,Silver,25,Nairobi,4.0,0,0
R03376,2025-03-25,Gold,37,Cairo,4.7,0,0
R03377,2024-03-27,Platinum,36,Lagos,3.7,0,0
R03378,2024-09-25,Silver,58,Cairo,3.5,0,0
R03379,2025-03-30,Bronze,48,Nairobi,4.8,0,0
R03380,2024-02-19,Silver,30,Nairobi,4.2,0,0
R03381,2023-09-15,Bronze,57,Lagos,4.6,0,0
R03382,2023-05-25,Bronze,36,Nairobi,4.3,0,0
R03383,2024-03-06,Gold,33,Cairo,4.7,0,0
R03384,2024-07-12,Bronze,18,Lagos,4.6,0,1
R03385,2024-02-02,Bronze,44,Cairo,4.5,0,1
R03386,2024-06-15,Silver,32,Cairo,4.4,1,0
R03387,2024-03-18,Silver,32,Cairo,4.1,0,0
R03388,2024-09-20,Bronze,38,Lagos,4.3,0,1
R03389,2023-08-13,Platinum,19,Nairobi,4.2,1,0
R03390,2024-01-17,Silver,31,Lagos,5.0,0,0
R03391,2023-05-14,Bronze,35,Nairobi,5.0,0,0
R03392,2024-12-28,Silver,47,Cairo,5.0,0,0
R03393,2024-12-16,Bronze,43,Lagos,4.7,0,0
R03394,2024-12-11,Bronze,48,Lagos,4.0,0,1
R03395,2025-02-20,Bronze,54,Cairo,4.4,0,1
R03396,2025-01-25,Bronze,34,Nairobi,4.3,0,1
R03397,2024-09-30,Bronze,43,Lagos,4.3,0,1
R03398,2023-10-18,Silver,45,Cairo,4.8,1,0
R03399,2024-11-21,Platinum,25,Cairo,4.6,1,0
R03400,2023-12-29,Bronze,35,Cairo,4.7,0,1
R03401,2023-06-02,Gold,35,Lagos,4.5,0,0
R03402,2025-02-23,Bronze,36,Cairo,4.7,0,1
R03403,2024-03-09,Silver,23,Lagos,4.2,0,0
R03404,2025-01-20,Bronze,31,Cairo,4.9,0,0
R03405,2023-11-15,Bronze,56,Lagos,4.6,0,0
R03406,2025-04-11,Silver,54,Cairo,3.9,0,1
R03407,2024-07-11,Silver,27,Nairobi,3.9,0,0
R03408,2024-12-25,Bronze,33,Cairo,4.0,0,0
R03409,2023-06-29,Bronze,36,Lagos,5.0,0,0
R03410,2023-06-28,Silver,34,Nairobi,4.8,0,1
R03411,2024-09-02,Silver,29,Nairobi,5.0,0,0
R03412,2024-07-13,Bronze,35,Cairo,5.0,0,1
R03413,2024-07-02,Bronze,38,Nairobi,4.3,0,0
R03414,2024-08-18,Silver,45,Cairo,4.5,0,1
R03415,2025-03-07,Gold,49,Lagos,4.3,0,0
R03416,2023-11-29,Bronze,34,Cairo,4.6,1,0
R03417,2024-01-05,Bronze,24,Nairobi,4.4,1,0
R03418,2024-12-07,Bronze,49,Nairobi,4.7,0,0
R03419,2023-10-17,Bronze,40,Lagos,3.9,0,0
R03420,2025-02-28,Bronze,31,Cairo,5.0,0,1
R03421,2024-01-23,Bronze,28,Cairo,4.6,0,1
R03422,2024-01-22,Bronze,44,Nairobi,4.9,1,0
R03423,2024-01-11,Silver,50,Nairobi,4.6,0,0
R03424,2025-01-24,Silver,37,Lagos,4.9,1,0
R03425,2023-12-14,Bronze,30,Cairo,4.7,0,0
R03426,2023-10-25,Silver,32,Nairobi,5.0,0,0
R03427,2023-11-25,Bronze,33,Lagos,4.8,0,1
R03428,2023-05-31,Silver,43,Cairo,5.0,0,0
R03429,2023-11-08,Gold,28,Cairo,5.0,0,0
R03430,2024-02-01,Bronze,47,Lagos,4.8,0,1
R03431,2024-12-05,Bronze,51,Nairobi,4.7,0,0
R03432,2025-03-27,Gold,39,Nairobi,4.9,0,0
R03433,2024-05-27,Bronze,36,Cairo,4.6,1,0
R03434,2023-10-23,Gold,44,Nairobi,4.2,0,0
R03435,2023-09-24,Gold,35,Nairobi,4.2,0,1
R03436,2024-05-06,Bronze,40,Nairobi,4.3,0,0
R03437,2023-12-27,Silver,38,Nairobi,4.5,0,0
R03438,2024-02-29,Bronze,30,Cairo,4.8,0,0
R03439,2024-08-11,Gold,30,Lagos,4.0,1,1
R03440,2023-11-03,Bronze,33,Cairo,4.1,0,0
R03441,2023-12-13,Bronze,42,Cairo,4.8,0,1
R03442,2024-04-21,Bronze,28,Nairobi,3.8,0,1
R03443,2025-03-21,Silver,37,Cairo,4.7,0,1
R03444,2024-12-09,Bronze,32,Nairobi,4.2,1,0
R03445,2024-09-03,Silver,35,Cairo,4.4,0,0
R03446,2025-01-19,Gold,35,Nairobi,5.0,1,0
R03447,2025-01-19,Bronze,43,Lagos,4.5,0,0
R03448,2024-04-03,Bronze,30,Nairobi,5.0,0,0
R03449,2024-12-02,Silver,36,Nairobi,4.0,1,0
R03450,2024-09-19,Bronze,33,Cairo,4.7,1,1
R03451,2024-12-06,Bronze,19,Lagos,4.5,1,0
R03452,2024-11-29,Gold,54,Cairo,4.7,0,0
R03453,2024-01-24,Bronze,52,Cairo,3.4,0,1
R03454,2023-10-06,Bronze,35,Cairo,3.8,0,0
R03455,2024-12-20,Silver,48,Lagos,4.9,0,0
R03456,2023-08-19,Silver,30,Lagos,4.7,0,0
R03457,2024-04-28,Silver,37,Lagos,5.0,0,0
R03458,2024-03-05,Silver,51,Lagos,4.6,0,0
R03459,2024-11-24,Silver,44,Nairobi,4.2,0,0
R03460,2025-01-09,Bronze,46,Cairo,4.1,0,0
R03461,2024-11-02,Platinum,33,Cairo,5.0,0,0
R03462,2024-11-29,Silver,52,Nairobi,4.1,0,0
R03463,2023-11-13,Gold,30,Nairobi,5.0,0,0
R03464,2023-11-12,Bronze,31,Nairobi,4.2,0,0
R03465,2024-05-22,Gold,21,Nairobi,5.0,1,0
R03466,2024-06-09,Bronze,47,Cairo,5.0,0,0
R03467,2023-07-09,Bronze,32,Cairo,4.5,0,0
R03468,2023-08-28,Bronze,44,Lagos,4.5,0,0
R03469,2025-02-02,Bronze,49,Cairo,3.7,0,0
R03470,2024-08-15,Bronze,37,Lagos,5.0,0,0
R03471,2023-08-07,Gold,33,Nairobi,5.0,0,1
R03472,2024-09-30,Bronze,49,Lagos,5.0,0,0
R03473,2025-02-07,Bronze,43,Nairobi,3.6,1,0
R03474,2024-01-25,Bronze,44,Cairo,4.0,0,1
R03475,2023-07-20,Platinum,53,Cairo,4.4,0,0
R03476,2025-02-02,Silver,45,Lagos,4.6,1,1
R03477,2023-10-30,Silver,43,Cairo,4.5,0,0
R03478,2024-06-26,Silver,24,Cairo,4.2,0,0
R03479,2024-08-24,Bronze,45,Lagos,4.1,0,0
R03480,2024-03-17,Silver,36,Cairo,4.4,0,1
R03481,2024-10-08,Silver,42,Nairobi,5.0,1,1
R03482,2024-10-26,Bronze,35,Lagos,4.3,0,0
R03483,2024-10-25,Bronze,34,Lagos,4.1,0,0
R03484,2024-03-21,Gold,32,Nairobi,4.6,0,1
R03485,2023-08-26,Bronze,25,Nairobi,4.1,0,1
R03486,2024-09-14,Bronze,37,Cairo,5.0,0,1
R03487,2023-08-30,Silver,35,Cairo,4.2,0,1
R03488,2023-09-10,Bronze,44,Cairo,4.2,0,0
R03489,2024-01-28,Bronze,47,Cairo,4.0,0,0
R03490,2025-01-07,Bronze,28,Nairobi,5.0,0,0
R03491,2025-01-22,Silver,35,Lagos,4.1,0,0
R03492,2023-11-05,Bronze,27,Lagos,4.0,0,1
R03493,2023-06-30,Silver,40,Nairobi,4.4,0,1
R03494,2024-03-14,Bronze,34,Cairo,5.0,0,0
R03495,2024-03-19,Bronze,32,Nairobi,4.3,0,0
R03496,2024-02-26,Silver,26,Cairo,3.4,1,0
R03497,2023-09-06,Silver,37,Nairobi,4.7,1,0
R03498,2024-01-20,Gold,38,Cairo,4.6,0,1
R03499,2025-01-04,Gold,28,Nairobi,4.4,0,0
R03500,2024-04-13,Bronze,43,Lagos,4.8,0,0
R03501,2024-03-25,Bronze,34,Cairo,5.0,1,0
R03502,2024-08-06,Bronze,42,Nairobi,4.5,0,0
R03503,2023-06-04,Bronze,37,Lagos,3.8,0,0
R03504,2025-04-18,Silver,45,Cairo,4.2,0,1
R03505,2023-07-26,Bronze,33,Nairobi,5.0,1,0
R03506,2023-11-06,Platinum,31,Lagos,4.8,1,0
R03507,2025-03-25,Bronze,23,Lagos,4.0,0,0
R03508,2025-03-04,Bronze,42,Lagos,4.0,0,0
R03509,2023-08-01,Silver,57,Lagos,5.0,0,0
R03510,2024-10-24,Bronze,20,Nairobi,4.5,0,1
R03511,2023-06-14,Bronze,36,Lagos,4.6,0,1
R03512,2024-01-23,Bronze,40,Lagos,4.8,0,0
R03513,2024-03-07,Silver,37,Nairobi,3.3,1,1
R03514,2023-10-02,Gold,27,Cairo,4.4,0,0
R03515,2023-12-22,Bronze,43,Cairo,4.3,0,0
R03516,2023-10-08,Platinum,37,Nairobi,3.7,0,0
R03517,2025-02-11,Silver,25,Cairo,3.5,0,0
R03518,2023-11-25,Platinum,43,Lagos,4.6,0,0
R03519,2025-01-17,Bronze,18,Cairo,4.5,0,0
R03520,2025-03-04,Bronze,36,Cairo,4.3,0,0
R03521,2024-12-22,Bronze,36,Cairo,3.9,0,0
R03522,2024-06-16,Bronze,41,Nairobi,4.6,0,0
R03523,2023-05-09,Silver,34,Nairobi,4.6,0,0
R03524,2025-02-01,Silver,35,Lagos,4.1,1,0
R03525,2023-12-03,Bronze,39,Cairo,4.8,0,1
R03526,2024-11-24,Bronze,39,Lagos,5.0,0,0
R03527,2024-08-09,Bronze,29,Lagos,5.0,0,0
R03528,2024-09-15,Silver,52,Cairo,4.7,0,0
R03529,2023-07-31,Gold,41,Nairobi,3.9,0,1
R03530,2024-01-15,Bronze,29,Nairobi,4.2,0,0
R03531,2023-05-20,Gold,18,Lagos,4.5,0,0
R03532,2024-05-23,Bronze,19,Nairobi,4.5,0,0
R03533,2024-07-02,Bronze,47,Nairobi,4.6,0,1
R03534,2023-06-28,Silver,31,Cairo,4.0,0,0
R03535,2024-05-12,Bronze,42,Cairo,4.7,0,0
R03536,2024-05-08,Gold,42,Lagos,4.9,0,1
R03537,2024-05-14,Bronze,32,Nairobi,4.9,1,0
R03538,2023-08-30,Bronze,33,Nairobi,4.4,0,1
R03539,2025-03-10,Bronze,37,Nairobi,3.9,0,1
R03540,2025-02-11,Silver,39,Cairo,5.0,1,1
R03541,2024-04-26,Silver,33,Lagos,3.8,0,0
R03542,2025-01-18,Silver,54,Lagos,5.0,0,0
R03543,2024-04-25,Gold,43,Nairobi,4.7,0,0
R03544,2023-07-16,Silver,28,Lagos,5.0,0,0
R03545,2023-07-29,Bronze,21,Lagos,4.3,0,0
R03546,2025-03-01,Silver,35,Nairobi,4.3,1,1
R03547,2023-12-29,Bronze,31,Nairobi,4.6,1,0
R03548,2024-09-23,Bronze,20,Lagos,5.0,0,0
R03549,2024-07-19,Bronze,35,Nairobi,4.8,0,0
R03550,2025-01-05,Bronze,18,Nairobi,4.4,0,0
R03551,2023-10-11,Bronze,44,Cairo,4.8,0,1
R03552,2024-06-18,Gold,50,Cairo,4.6,0,0
R03553,2023-08-11,Bronze,18,Cairo,4.4,1,0
R03554,2025-01-06,Silver,34,Cairo,4.2,0,0
R03555,2024-02-12,Platinum,45,Nairobi,5.0,0,0
R03556,2024-04-14,Bronze,40,Lagos,5.0,0,0
R03557,2023-12-29,Bronze,18,Lagos,4.9,0,1
R03558,2023-09-04,Gold,46,Nairobi,4.1,0,1
R03559,2025-03-19,Silver,36,Cairo,4.2,0,0
R03560,2024-03-04,Bronze,32,Cairo,3.8,0,0
R03561,2024-03-27,Platinum,34,Cairo,3.8,0,0
R03562,2023-10-05,Bronze,23,Nairobi,5.0,0,0
R03563,2023-12-23,Bronze,38,Nairobi,4.6,0,0
R03564,2023-11-21,Silver,48,Lagos,4.7,0,1
R03565,2023-10-03,Silver,37,Cairo,4.2,0,1
R03566,2024-02-04,Bronze,31,Cairo,4.8,0,1
R03567,2023-12-09,Bronze,25,Nairobi,4.1,0,0
R03568,2025-04-16,Silver,26,Nairobi,4.3,0,0
R03569,2024-10-11,Gold,45,Lagos,3.7,0,1
R03570,2024-03-20,Bronze,39,Lagos,4.5,0,0
R03571,2023-06-16,Bronze,39,Nairobi,4.4,0,0
R03572,2025-02-21,Silver,35,Cairo,4.8,0,1
R03573,2025-04-09,Silver,50,Cairo,4.4,1,0
R03574,2023-05-17,Gold,38,Nairobi,4.9,0,1
R03575,2023-12-16,Bronze,30,Lagos,4.2,0,0
R03576,2024-10-01,Bronze,34,Lagos,4.5,0,0
R03577,2024-06-10,Bronze,22,Cairo,4.2,0,0
R03578,2024-07-12,Bronze,44,Nairobi,4.6,0,1
R03579,2025-03-09,Silver,40,Nairobi,4.7,0,0
R03580,2025-02-10,Silver,28,Lagos,4.6,0,0
R03581,2023-12-29,Silver,38,Nairobi,4.8,0,0
R03582,2025-01-05,Bronze,48,Lagos,4.6,0,1
R03583,2023-12-16,Bronze,28,Lagos,4.7,0,1
R03584,2024-10-17,Bronze,34,Nairobi,4.3,0,0
R03585,2024-04-07,Bronze,45,Cairo,5.0,0,1
R03586,2023-07-31,Bronze,23,Lagos,4.1,0,0
R03587,2025-03-26,Bronze,30,Lagos,4.5,0,0
R03588,2024-05-13,Gold,38,Cairo,4.3,0,0
R03589,2023-09-10,Silver,28,Cairo,4.2,0,0
R03590,2023-05-22,Bronze,36,Cairo,3.8,0,0
R03591,2024-01-12,Platinum,34,Lagos,5.0,0,0
R03592,2024-04-24,Silver,40,Nairobi,3.9,0,0
R03593,2023-11-17,Bronze,39,Nairobi,4.4,0,1
R03594,2024-05-31,Bronze,38,Lagos,4.2,0,1
R03595,2024-06-26,Bronze,39,Cairo,3.8,1,0
R03596,2024-07-20,Platinum,37,Cairo,3.9,0,1
R03597,2024-08-07,Bronze,30,Cairo,4.6,0,1
R03598,2023-11-26,Bronze,19,Cairo,4.3,0,0
R03599,2024-04-28,Bronze,39,Nairobi,4.6,1,0
R03600,2024-06-05,Bronze,37,Nairobi,3.9,0,0
R03601,2024-09-14,Bronze,27,Nairobi,5.0,0,1
R03602,2023-09-13,Bronze,48,Lagos,4.3,0,0
R03603,2025-01-25,Bronze,44,Cairo,4.5,0,0
R03604,2025-02-22,Bronze,37,Lagos,5.0,0,0
R03605,2024-06-18,Silver,53,Cairo,4.1,0,1
R03606,2024-03-18,Bronze,26,Nairobi,4.8,0,0
R03607,2025-01-08,Bronze,39,Nairobi,4.0,0,0
R03608,2023-07-01,Gold,45,Nairobi,4.0,0,0
R03609,2024-05-18,Silver,25,Nairobi,3.4,1,0
R03610,2024-03-06,Bronze,41,Lagos,4.9,0,0
R03611,2024-12-20,Platinum,31,Cairo,4.9,0,0
R03612,2024-02-25,Platinum,31,Lagos,5.0,0,1
R03613,2024-01-13,Bronze,30,Cairo,4.6,0,1
R03614,2024-02-08,Bronze,56,Cairo,4.2,0,1
R03615,2023-06-01,Bronze,38,Cairo,4.9,0,0
R03616,2024-05-26,Bronze,46,Lagos,5.0,0,0
R03617,2023-11-07,Silver,38,Lagos,3.1,0,1
R03618,2024-05-12,Gold,39,Cairo,4.2,0,0
R03619,2023-09-21,Platinum,36,Lagos,4.4,0,1
R03620,2025-01-23,Silver,32,Cairo,4.8,0,0
R03621,2023-12-26,Bronze,50,Nairobi,4.9,0,0
R03622,2024-09-14,Bronze,35,Nairobi,2.6,0,1
R03623,2025-03-20,Bronze,41,Cairo,4.8,0,0
R03624,2025-01-25,Bronze,41,Cairo,3.8,0,0
R03625,2024-11-12,Silver,27,Lagos,5.0,0,0
R03626,2023-09-07,Gold,44,Cairo,5.0,0,1
R03627,2023-07-20,Bronze,32,Cairo,4.4,0,0
R03628,2023-10-05,Bronze,31,Nairobi,4.0,0,0
R03629,2023-06-02,Silver,29,Lagos,4.7,0,1
R03630,2023-12-25,Bronze,45,Lagos,4.6,0,1
R03631,2023-05-08,Silver,40,Lagos,4.9,0,0
R03632,2024-11-27,Silver,23,Nairobi,4.1,1,1
R03633,2023-07-24,Bronze,40,Cairo,5.0,0,0
R03634,2025-02-03,Bronze,34,Lagos,4.6,0,0
R03635,2023-07-27,Bronze,20,Cairo,4.5,0,0
R03636,2023-11-21,Bronze,28,Nairobi,3.9,1,0
R03637,2023-06-10,Gold,26,Nairobi,4.8,0,1
R03638,2023-08-22,Bronze,28,Cairo,4.3,0,0
R03639,2023-11-21,Bronze,37,Cairo,4.4,0,0
R03640,2023-07-07,Bronze,18,Cairo,4.5,0,0
R03641,2024-01-05,Bronze,18,Lagos,3.9,1,1
R03642,2024-10-13,Silver,34,Nairobi,4.2,0,0
R03643,2024-10-05,Bronze,39,Lagos,4.4,0,0
R03644,2025-02-24,Bronze,21,Lagos,4.6,0,0
R03645,2025-02-05,Bronze,41,Cairo,4.8,1,1
R03646,2023-09-30,Silver,37,Lagos,3.4,0,0
R03647,2024-01-06,Gold,40,Cairo,4.3,0,0
R03648,2024-10-13,Silver,35,Lagos,3.5,0,0
R03649,2023-12-15,Gold,32,Lagos,4.9,0,1
R03650,2025-04-25,Silver,40,Cairo,3.9,0,1
R03651,2025-01-27,Bronze,65,Cairo,4.3,0,0
R03652,2023-10-15,Silver,18,Cairo,3.9,1,1
R03653,2024-11-10,Bronze,29,Lagos,4.5,1,0
R03654,2025-01-02,Bronze,40,Lagos,4.5,0,0
R03655,2025-02-08,Bronze,25,Cairo,4.6,0,0
R03656,2025-03-31,Gold,35,Lagos,3.9,0,0
R03657,2024-10-29,Bronze,42,Nairobi,4.0,0,1
R03658,2024-12-04,Bronze,26,Cairo,4.3,0,0
R03659,2024-03-12,Bronze,43,Lagos,4.4,1,1
R03660,2025-01-11,Bronze,36,Nairobi,4.5,1,0
R03661,2024-01-01,Bronze,19,Nairobi,4.5,0,0
R03662,2024-10-28,Bronze,23,Nairobi,3.6,0,0
R03663,2025-04-14,Bronze,32,Nairobi,4.2,0,0
R03664,2024-04-30,Bronze,43,Lagos,4.3,0,0
R03665,2024-08-06,Bronze,37,Cairo,5.0,0,1
R03666,2024-12-31,Silver,18,Cairo,5.0,0,1
R03667,2023-08-14,Silver,28,Lagos,4.2,0,0
R03668,2025-01-19,Silver,36,Cairo,4.0,0,0
R03669,2024-01-16,Silver,48,Cairo,4.9,1,0
R03670,2024-10-22,Gold,43,Cairo,5.0,1,0
R03671,2024-05-12,Bronze,32,Nairobi,5.0,0,0
R03672,2024-08-02,Bronze,39,Nairobi,3.6,0,0
R03673,2025-03-08,Bronze,24,Nairobi,5.0,0,1
R03674,2023-07-04,Silver,34,Nairobi,4.2,0,0
R03675,2024-06-16,Silver,23,Cairo,4.6,0,1
R03676,2024-06-09,Bronze,51,Lagos,4.0,0,0
R03677,2023-11-17,Bronze,18,Cairo,3.6,0,0
R03678,2023-05-08,Bronze,41,Nairobi,4.0,0,0
R03679,2025-01-10,Bronze,18,Nairobi,4.2,1,1
R03680,2023-12-18,Bronze,35,Nairobi,4.8,1,0
R03681,2023-08-19,Silver,31,Lagos,4.7,1,1
R03682,2024-03-26,Silver,49,Cairo,4.6,0,0
R03683,2024-07-20,Bronze,36,Cairo,4.5,0,0
R03684,2025-03-14,Platinum,35,Lagos,4.9,0,0
R03685,2024-07-02,Silver,42,Nairobi,4.4,0,0
R03686,2023-07-15,Bronze,33,Cairo,3.9,1,1
R03687,2025-04-22,Silver,23,Nairobi,5.0,0,0
R03688,2024-04-14,Bronze,38,Lagos,4.6,0,0
R03689,2024-04-13,Silver,49,Lagos,3.9,1,1
R03690,2024-10-31,Bronze,19,Cairo,5.0,0,1
R03691,2023-09-13,Silver,32,Lagos,4.3,1,1
R03692,2023-11-19,Silver,25,Lagos,4.9,0,0
R03693,2024-03-22,Bronze,28,Lagos,4.3,0,0
R03694,2023-06-10,Platinum,37,Nairobi,4.1,0,1
R03695,2024-08-09,Silver,36,Lagos,4.7,0,1
R03696,2024-07-06,Bronze,33,Nairobi,4.3,0,0
R03697,2024-06-01,Silver,18,Nairobi,5.0,0,0
R03698,2023-09-01,Silver,31,Cairo,4.4,0,0
R03699,2023-05-24,Bronze,30,Nairobi,5.0,0,0
R03700,2025-02-02,Bronze,22,Nairobi,3.9,0,1
R03701,2023-06-01,Bronze,30,Lagos,4.7,0,0
R03702,2023-05-20,Bronze,32,Cairo,5.0,0,0
R03703,2023-11-19,Gold,37,Cairo,5.0,0,0
R03704,2024-10-09,Bronze,29,Nairobi,4.2,0,0
R03705,2024-01-05,Bronze,23,Lagos,4.5,0,1
R03706,2023-11-01,Bronze,40,Nairobi,4.3,0,1
R03707,2024-03-17,Bronze,40,Cairo,4.4,0,0
R03708,2024-10-10,Silver,43,Cairo,4.4,0,0
R03709,2024-04-07,Silver,32,Cairo,4.1,0,0
R03710,2024-07-14,Bronze,52,Nairobi,4.3,0,1
R03711,2025-02-11,Silver,18,Cairo,4.4,0,0
R03712,2024-12-08,Silver,32,Nairobi,4.4,0,0
R03713,2025-04-26,Bronze,44,Lagos,4.6,0,0
R03714,2023-11-23,Bronze,29,Cairo,4.0,0,1
R03715,2024-08-05,Silver,35,Nairobi,5.0,0,0
R03716,2023-09-23,Bronze,18,Lagos,5.0,1,0
R03717,2024-11-16,Bronze,24,Lagos,4.9,0,0
R03718,2023-12-07,Bronze,23,Cairo,4.8,0,0
R03719,2024-10-31,Bronze,28,Nairobi,4.3,0,1
R03720,2024-11-24,Bronze,45,Nairobi,4.0,0,0
R03721,2025-04-26,Bronze,27,Nairobi,5.0,1,0
R03722,2024-02-04,Bronze,36,Cairo,4.1,0,0
R03723,2023-10-14,Silver,29,Cairo,4.1,1,0
R03724,2023-08-11,Silver,37,Lagos,5.0,0,0
R03725,2024-03-31,Platinum,42,Lagos,4.5,0,0
R03726,2023-11-29,Bronze,47,Cairo,4.0,0,1
R03727,2023-10-03,Silver,25,Cairo,4.3,0,0
R03728,2023-11-15,Gold,21,Lagos,4.7,0,1
R03729,2024-12-27,Bronze,46,Nairobi,5.0,0,0
R03730,2024-02-11,Bronze,50,Cairo,4.8,1,1
R03731,2023-04-30,Bronze,46,Cairo,4.2,0,0
R03732,2024-11-04,Gold,33,Nairobi,5.0,0,0
R03733,2025-04-05,Silver,25,Nairobi,3.4,0,0
R03734,2024-11-10,Bronze,35,Nairobi,4.5,0,0
R03735,2025-01-27,Bronze,36,Cairo,4.9,0,1
R03736,2024-08-24,Silver,39,Cairo,4.7,0,1
R03737,2025-02-28,Bronze,25,Cairo,5.0,0,0
R03738,2024-04-29,Platinum,26,Cairo,3.7,0,0
R03739,2025-04-11,Silver,44,Cairo,4.2,0,0
R03740,2024-05-12,Bronze,28,Nairobi,4.0,0,1
R03741,2024-09-21,Silver,38,Nairobi,4.5,1,1
R03742,2024-09-25,Bronze,25,Nairobi,3.3,1,0
R03743,2024-11-04,Bronze,25,Cairo,4.5,0,0
R03744,2025-03-14,Bronze,21,Nairobi,3.6,0,0
R03745,2023-07-30,Bronze,36,Nairobi,4.5,0,0
R03746,2023-09-08,Gold,34,Nairobi,4.7,0,0
R03747,2024-05-12,Silver,24,Cairo,4.6,0,0
R03748,2023-12-17,Bronze,41,Lagos,4.9,0,1
R03749,2024-04-24,Silver,50,Cairo,4.2,0,0
R03750,2023-11-21,Bronze,51,Nairobi,3.8,0,1
R03751,2024-10-04,Bronze,49,Lagos,4.6,0,0
R03752,2024-07-05,Bronze,32,Nairobi,3.8,1,0
R03753,2025-01-11,Silver,21,Nairobi,5.0,1,0
R03754,2024-06-28,Bronze,42,Cairo,4.6,0,0
R03755,2023-10-21,Bronze,31,Lagos,3.9,0,0
R03756,2023-09-20,Bronze,30,Nairobi,4.9,0,0
R03757,2024-06-16,Bronze,21,Cairo,5.0,0,0
R03758,2024-09-04,Bronze,20,Nairobi,4.3,0,1
R03759,2023-10-28,Bronze,33,Cairo,4.7,0,0
R03760,2024-10-28,Bronze,28,Lagos,4.6,0,0
R03761,2024-05-23,Bronze,33,Lagos,4.9,0,1
R03762,2023-09-16,Bronze,23,Lagos,4.6,1,0
R03763,2024-08-09,Platinum,29,Nairobi,4.6,1,0
R03764,2025-02-19,Bronze,28,Cairo,4.6,0,0
R03765,2024-04-18,Bronze,60,Nairobi,4.9,0,0
R03766,2023-07-04,Bronze,44,Nairobi,4.7,0,0
R03767,2024-07-21,Silver,38,Lagos,5.0,1,0
R03768,2024-07-29,Bronze,52,Nairobi,4.3,0,1
R03769,2024-12-11,Gold,45,Nairobi,4.4,0,0
R03770,2024-12-20,Bronze,28,Nairobi,5.0,0,0
R03771,2024-03-28,Bronze,19,Nairobi,4.4,0,1
R03772,2023-12-19,Bronze,33,Cairo,3.7,0,0
R03773,2024-03-06,Bronze,20,Lagos,4.5,1,0
R03774,2024-06-07,Platinum,41,Cairo,4.5,0,0
R03775,2023-06-10,Bronze,31,Cairo,3.8,0,0
R03776,2024-09-25,Bronze,38,Nairobi,5.0,0,0
R03777,2023-08-20,Gold,33,Cairo,4.1,0,0
R03778,2025-02-04,Bronze,56,Lagos,5.0,0,0
R03779,2024-11-03,Silver,27,Nairobi,4.2,0,0
R03780,2025-03-01,Platinum,30,Lagos,4.7,0,1
R03781,2024-11-12,Bronze,47,Nairobi,5.0,0,0
R03782,2023-06-04,Silver,24,Lagos,3.9,0,0
R03783,2025-01-21,Silver,35,Nairobi,4.5,0,1
R03784,2025-01-23,Silver,30,Nairobi,4.6,0,0
R03785,2024-01-20,Bronze,29,Cairo,4.9,0,0
R03786,2023-06-30,Bronze,44,Lagos,4.3,0,0
R03787,2024-02-12,Bronze,38,Cairo,5.0,0,0
R03788,2023-07-22,Bronze,38,Lagos,4.6,0,0
R03789,2024-04-07,Silver,32,Cairo,4.5,0,0
R03790,2024-11-23,Silver,42,Nairobi,4.1,1,0
R03791,2023-05-26,Bronze,47,Cairo,4.6,0,0
R03792,2024-04-23,Bronze,54,Lagos,3.8,0,0
R03793,2023-10-23,Bronze,44,Cairo,4.4,0,0
R03794,2025-01-05,Bronze,22,Cairo,4.7,0,0
R03795,2025-02-18,Bronze,44,Lagos,4.7,0,1
R03796,2023-10-11,Bronze,31,Nairobi,4.5,0,1
R03797,2023-06-26,Platinum,32,Lagos,4.4,1,0
R03798,2023-12-28,Silver,43,Nairobi,4.3,0,0
R03799,2023-08-08,Bronze,18,Cairo,4.1,0,1
R03800,2024-01-16,Bronze,38,Cairo,4.2,0,0
R03801,2023-06-14,Gold,22,Cairo,4.1,0,0
R03802,2025-03-17,Bronze,39,Nairobi,4.3,0,0
R03803,2023-05-16,Silver,60,Lagos,5.0,0,0
R03804,2024-11-20,Bronze,53,Nairobi,3.9,1,0
R03805,2024-07-11,Bronze,35,Lagos,4.9,0,1
R03806,2024-05-05,Bronze,25,Cairo,4.1,0,0
R03807,2023-07-11,Bronze,34,Nairobi,4.4,0,0
R03808,2023-05-05,Bronze,18,Cairo,5.0,0,1
R03809,2025-01-31,Gold,43,Nairobi,3.7,0,0
R03810,2024-08-04,Silver,47,Lagos,5.0,1,0
R03811,2024-01-19,Bronze,46,Lagos,4.4,0,1
R03812,2024-12-29,Bronze,44,Nairobi,4.9,0,0
R03813,2023-12-07,Bronze,41,Cairo,5.0,0,1
R03814,2024-12-26,Bronze,33,Nairobi,3.9,0,1
R03815,2025-04-15,Bronze,44,Lagos,4.4,0,1
R03816,2023-06-25,Silver,21,Lagos,4.9,0,0
R03817,2025-01-18,Bronze,32,Nairobi,3.6,0,1
R03818,2023-09-08,Gold,37,Lagos,4.4,0,0
R03819,2025-03-14,Platinum,34,Cairo,4.4,0,0
R03820,2024-08-27,Gold,38,Lagos,4.9,0,0
R03821,2024-05-16,Silver,26,Cairo,5.0,0,1
R03822,2024-12-05,Bronze,42,Nairobi,4.7,0,0
R03823,2023-09-15,Bronze,32,Cairo,3.8,0,1
R03824,2025-03-18,Silver,42,Lagos,4.1,0,1
R03825,2023-11-17,Silver,34,Lagos,4.8,0,1
R03826,2024-04-24,Bronze,39,Nairobi,5.0,0,0
R03827,2023-10-29,Bronze,30,Cairo,5.0,0,0
R03828,2024-07-03,Bronze,53,Nairobi,4.3,0,1
R03829,2024-06-18,Gold,27,Nairobi,4.5,0,0
R03830,2024-06-15,Bronze,19,Cairo,3.9,0,1
R03831,2024-09-17,Bronze,43,Nairobi,4.4,0,0
R03832,2024-10-22,Silver,40,Cairo,4.6,0,0
R03833,2024-11-25,Bronze,37,Nairobi,4.2,0,1
R03834,2023-06-22,Bronze,37,Nairobi,5.0,1,0
R03835,2024-08-10,Silver,39,Cairo,4.5,0,0
R03836,2024-12-25,Bronze,27,Nairobi,3.4,0,0
R03837,2023-12-09,Silver,32,Cairo,4.6,0,0
R03838,2023-12-04,Bronze,30,Cairo,5.0,0,0
R03839,2023-08-24,Platinum,32,Nairobi,4.9,0,0
R03840,2023-11-28,Bronze,28,Lagos,4.9,0,0
R03841,2024-07-11,Bronze,32,Nairobi,4.3,0,1
R03842,2023-08-31,Bronze,51,Lagos,4.3,0,0
R03843,2023-11-13,Bronze,51,Lagos,4.2,0,1
R03844,2023-05-19,Gold,43,Lagos,3.9,0,0
R03845,2024-12-14,Silver,30,Lagos,4.5,1,0
R03846,2023-09-21,Bronze,33,Cairo,3.9,0,1
R03847,2023-09-29,Gold,36,Cairo,4.5,0,0
R03848,2024-11-20,Bronze,48,Cairo,5.0,0,1
R03849,2025-02-02,Bronze,33,Lagos,3.6,0,0
R03850,2024-07-22,Silver,23,Lagos,4.9,0,1
R03851,2023-09-29,Silver,35,Nairobi,5.0,1,0
R03852,2023-09-15,Bronze,40,Cairo,4.1,0,0
R03853,2023-11-10,Silver,47,Cairo,4.3,0,0
R03854,2024-11-24,Bronze,31,Cairo,4.6,0,1
R03855,2024-07-16,Bronze,27,Cairo,4.1,0,0
R03856,2025-01-09,Silver,18,Nairobi,4.7,0,0
R03857,2024-06-01,Silver,40,Nairobi,4.3,0,0
R03858,2025-03-06,Bronze,40,Lagos,4.4,1,1
R03859,2023-09-19,Silver,38,Cairo,4.4,0,1
R03860,2025-03-22,Bronze,41,Nairobi,4.9,0,0
R03861,2024-04-04,Gold,23,Lagos,4.3,0,0
R03862,2023-06-20,Bronze,47,Lagos,4.5,0,1
R03863,2024-10-03,Silver,22,Nairobi,4.2,0,0
R03864,2025-01-28,Bronze,38,Cairo,4.1,0,0
R03865,2023-12-12,Bronze,47,Lagos,4.5,0,0
R03866,2023-12-08,Gold,45,Nairobi,4.1,0,0
R03867,2023-09-03,Gold,32,Lagos,3.8,0,0
R03868,2024-07-04,Bronze,41,Nairobi,4.9,0,0
R03869,2024-10-21,Bronze,45,Cairo,4.1,0,0
R03870,2024-11-03,Silver,39,Cairo,4.3,0,0
R03871,2025-04-20,Silver,37,Lagos,4.9,0,0
R03872,2024-09-18,Gold,42,Nairobi,4.3,1,0
R03873,2025-04-20,Bronze,36,Nairobi,4.8,0,0
R03874,2023-10-07,Bronze,44,Lagos,4.9,0,1
R03875,2023-10-04,Silver,49,Cairo,5.0,0,0
R03876,2023-11-29,Silver,39,Cairo,5.0,0,0
R03877,2023-10-05,Bronze,18,Nairobi,4.5,0,0
R03878,2024-11-05,Bronze,33,Cairo,4.4,0,1
R03879,2023-10-07,Silver,49,Cairo,5.0,1,0
R03880,2023-10-22,Bronze,18,Lagos,4.3,0,0
R03881,2023-08-18,Bronze,33,Lagos,5.0,1,1
R03882,2024-08-23,Bronze,23,Cairo,4.3,0,0
R03883,2024-04-10,Bronze,32,Lagos,5.0,0,0
R03884,2023-06-19,Bronze,18,Cairo,3.9,0,0
R03885,2024-11-05,Bronze,56,Cairo,4.6,0,0
R03886,2023-06-10,Bronze,29,Nairobi,5.0,0,0
R03887,2024-10-19,Silver,32,Nairobi,4.2,0,0
R03888,2024-09-16,Bronze,51,Lagos,5.0,1,0
R03889,2023-07-21,Bronze,28,Cairo,4.3,0,0
R03890,2023-11-05,Bronze,27,Nairobi,4.9,0,0
R03891,2023-11-19,Silver,25,Cairo,3.9,0,0
R03892,2024-09-04,Silver,31,Lagos,4.2,0,0
R03893,2024-02-29,Bronze,45,Lagos,4.9,0,0
R03894,2023-05-06,Platinum,34,Nairobi,3.7,0,0
R03895,2024-11-16,Bronze,29,Cairo,4.3,0,0
R03896,2024-06-30,Bronze,26,Nairobi,5.0,0,0
R03897,2024-04-14,Bronze,29,Cairo,5.0,0,0
R03898,2024-07-27,Bronze,24,Cairo,4.0,0,0
R03899,2024-11-20,Bronze,38,Lagos,4.9,0,0
R03900,2024-09-27,Silver,45,Nairobi,3.9,0,1
R03901,2023-10-30,Bronze,45,Nairobi,5.0,0,0
R03902,2025-02-21,Gold,25,Nairobi,5.0,0,0
R03903,2024-04-14,Bronze,26,Cairo,4.4,0,0
R03904,2023-05-04,Bronze,27,Lagos,4.4,0,1
R03905,2023-09-20,Silver,26,Cairo,4.2,0,0
R03906,2023-06-09,Bronze,24,Nairobi,4.9,0,0
R03907,2024-05-05,Bronze,61,Nairobi,4.9,0,1
R03908,2024-08-18,Bronze,42,Cairo,3.9,0,1
R03909,2025-02-04,Bronze,42,Lagos,4.5,0,0
R03910,2024-09-23,Bronze,27,Cairo,4.2,0,1
R03911,2025-01-19,Bronze,28,Cairo,4.0,1,0
R03912,2023-08-29,Bronze,33,Nairobi,4.5,0,0
R03913,2024-03-19,Gold,43,Cairo,4.9,0,0
R03914,2023-05-03,Platinum,31,Cairo,4.1,0,1
R03915,2024-09-18,Silver,29,Nairobi,5.0,0,0
R03916,2023-12-23,Silver,33,Nairobi,4.2,0,0
R03917,2024-10-14,Gold,55,Lagos,3.5,0,0
R03918,2024-01-27,Bronze,45,Lagos,3.7,0,0
R03919,2024-06-11,Gold,32,Lagos,4.3,0,0
R03920,2024-08-12,Gold,28,Cairo,4.7,0,0
R03921,2025-02-07,Silver,31,Lagos,4.2,0,0
R03922,2024-03-26,Bronze,21,Nairobi,3.8,0,1
R03923,2024-10-27,Bronze,39,Cairo,4.2,0,0
R03924,2025-01-23,Bronze,40,Nairobi,4.7,0,1
R03925,2024-03-23,Bronze,30,Nairobi,4.3,0,0
R03926,2024-02-23,Silver,41,Lagos,4.9,0,1
R03927,2023-09-27,Bronze,61,Cairo,4.2,0,1
R03928,2024-05-14,Gold,28,Cairo,4.8,0,0
R03929,2023-08-15,Bronze,40,Nairobi,4.5,0,0
R03930,2024-10-21,Bronze,32,Nairobi,4.0,0,0
R03931,2024-02-09,Gold,29,Cairo,4.5,1,0
R03932,2023-06-06,Gold,31,Cairo,4.8,0,0
R03933,2023-08-10,Bronze,29,Cairo,4.1,0,1
R03934,2023-07-18,Gold,24,Cairo,4.4,0,0
R03935,2025-03-06,Gold,53,Cairo,4.3,0,0
R03936,2023-06-19,Bronze,26,Nairobi,4.6,1,0
R03937,2023-11-22,Bronze,23,Lagos,4.6,0,0
R03938,2023-05-08,Gold,34,Cairo,4.6,0,0
R03939,2025-01-23,Bronze,33,Nairobi,5.0,0,0
R03940,2023-05-28,Bronze,34,Lagos,5.0,0,0
R03941,2024-05-27,Silver,47,Cairo,5.0,0,0
R03942,2024-07-01,Gold,36,Nairobi,4.8,0,0
R03943,2023-08-10,Silver,37,Lagos,4.6,1,0
R03944,2024-04-02,Silver,36,Cairo,5.0,0,0
R03945,2023-09-08,Bronze,48,Lagos,4.1,0,0
R03946,2025-04-06,Bronze,45,Nairobi,3.4,0,0
R03947,2025-04-24,Bronze,50,Nairobi,5.0,0,1
R03948,2024-10-09,Bronze,48,Cairo,3.7,0,0
R03949,2025-01-24,Silver,37,Lagos,4.5,0,0
R03950,2023-08-25,Bronze,18,Lagos,4.0,1,0
R03951,2025-04-05,Silver,23,Nairobi,5.0,0,0
R03952,2023-06-15,Bronze,33,Cairo,4.5,0,0
R03953,2023-12-20,Gold,41,Cairo,3.6,0,0
R03954,2023-06-09,Bronze,27,Cairo,4.3,0,0
R03955,2023-10-21,Bronze,18,Lagos,3.7,0,1
R03956,2023-06-26,Bronze,20,Lagos,4.6,0,0
R03957,2023-07-08,Gold,24,Nairobi,4.8,0,1
R03958,2024-08-29,Bronze,25,Lagos,3.9,0,0
R03959,2023-06-02,Silver,52,Cairo,3.6,0,1
R03960,2023-11-24,Bronze,31,Cairo,3.5,1,0
R03961,2024-04-03,Gold,36,Cairo,4.9,1,0
R03962,2024-06-30,Bronze,27,Nairobi,4.5,0,1
R03963,2024-03-09,Bronze,19,Nairobi,4.7,0,0
R03964,2023-09-03,Bronze,33,Lagos,4.9,0,1
R03965,2023-12-11,Bronze,38,Cairo,5.0,0,0
R03966,2024-08-26,Platinum,34,Lagos,3.4,0,0
R03967,2024-12-14,Silver,37,Cairo,4.6,0,0
R03968,2023-07-06,Platinum,39,Nairobi,5.0,0,0
R03969,2024-06-04,Silver,41,Nairobi,5.0,0,0
R03970,2024-04-20,Bronze,29,Lagos,4.8,0,0
R03971,2024-03-25,Bronze,50,Cairo,5.0,0,0
R03972,2024-08-23,Bronze,41,Lagos,5.0,0,0
R03973,2023-11-24,Platinum,35,Lagos,4.2,0,0
R03974,2023-10-08,Silver,48,Cairo,4.9,1,0
R03975,2024-01-15,Silver,34,Nairobi,5.0,1,1
R03976,2025-02-16,Silver,41,Cairo,3.6,0,1
R03977,2024-07-30,Platinum,35,Cairo,5.0,0,0
R03978,2024-11-01,Bronze,42,Nairobi,5.0,0,1
R03979,2024-07-11,Bronze,19,Lagos,4.8,0,0
R03980,2024-06-20,Bronze,56,Nairobi,4.0,0,0
R03981,2023-07-10,Bronze,30,Cairo,4.8,0,0
R03982,2024-09-21,Bronze,47,Nairobi,4.3,0,0
R03983,2023-07-10,Silver,45,Cairo,4.8,0,0
R03984,2024-02-21,Silver,31,Cairo,4.8,0,0
R03985,2023-04-29,Silver,38,Lagos,4.6,0,1
R03986,2024-10-30,Platinum,22,Lagos,4.5,1,0
R03987,2024-12-01,Platinum,18,Cairo,4.6,0,1
R03988,2023-08-09,Silver,32,Nairobi,3.2,0,0
R03989,2023-10-13,Bronze,47,Nairobi,4.7,0,0
R03990,2024-07-10,Silver,36,Cairo,4.3,0,0
R03991,2023-11-29,Bronze,47,Lagos,5.0,0,0
R03992,2023-12-23,Bronze,39,Cairo,4.0,0,0
R03993,2023-12-26,Bronze,34,Cairo,4.5,0,1
R03994,2023-06-13,Bronze,41,Lagos,4.3,0,0
R03995,2023-07-09,Silver,42,Lagos,4.3,0,0
R03996,2024-09-09,Platinum,40,Lagos,4.0,0,0
R03997,2023-08-28,Bronze,19,Lagos,4.6,0,1
R03998,2024-09-14,Bronze,50,Cairo,3.9,1,0
R03999,2024-02-03,Bronze,36,Lagos,4.6,0,0
R04000,2024-05-31,Bronze,50,Lagos,5.0,1,0
R04001,2024-02-15,Silver,26,Lagos,4.8,0,1
R04002,2024-01-20,Bronze,25,Nairobi,5.0,1,1
R04003,2024-12-01,Gold,64,Lagos,4.9,0,1
R04004,2025-01-06,Bronze,26,Nairobi,4.7,0,0
R04005,2023-07-02,Bronze,41,Cairo,4.5,0,1
R04006,2024-04-17,Silver,41,Lagos,3.8,0,1
R04007,2024-02-25,Silver,42,Nairobi,4.7,0,0
R04008,2024-03-29,Platinum,30,Nairobi,4.8,0,0
R04009,2024-12-14,Bronze,37,Nairobi,4.0,0,1
R04010,2024-07-13,Bronze,22,Nairobi,4.2,0,0
R04011,2024-01-14,Bronze,51,Lagos,4.5,0,1
R04012,2024-06-29,Gold,36,Nairobi,4.4,0,0
R04013,2023-09-19,Silver,26,Cairo,4.3,0,0
R04014,2024-01-28,Bronze,41,Nairobi,4.4,1,0
R04015,2024-04-17,Gold,18,Cairo,4.5,0,0
R04016,2023-10-31,Gold,36,Nairobi,4.9,0,0
R04017,2023-11-21,Bronze,51,Cairo,5.0,0,1
R04018,2023-09-11,Bronze,35,Lagos,3.7,0,0
R04019,2024-01-28,Bronze,30,Cairo,4.4,0,1
R04020,2024-10-26,Bronze,44,Lagos,4.4,0,0
R04021,2025-04-12,Bronze,41,Nairobi,4.6,0,1
R04022,2024-10-05,Bronze,39,Lagos,4.5,0,0
R04023,2025-02-20,Silver,58,Lagos,4.4,0,0
R04024,2024-08-03,Bronze,39,Lagos,4.4,0,0
R04025,2023-12-30,Silver,21,Nairobi,4.7,0,0
R04026,2023-09-18,Silver,33,Cairo,4.7,0,0
R04027,2024-07-28,Bronze,36,Cairo,4.0,0,1
R04028,2024-10-30,Bronze,36,Nairobi,4.5,0,0
R04029,2023-12-22,Bronze,63,Nairobi,4.3,0,0
R04030,2024-06-26,Bronze,21,Nairobi,4.7,0,0
R04031,2025-03-09,Silver,24,Nairobi,4.6,0,1
R04032,2025-04-19,Bronze,37,Lagos,4.8,0,0
R04033,2024-10-08,Bronze,41,Lagos,4.7,0,0
R04034,2025-03-24,Bronze,47,Cairo,4.1,0,0
R04035,2023-08-02,Silver,31,Nairobi,5.0,0,0
R04036,2024-11-06,Bronze,32,Nairobi,5.0,0,0
R04037,2024-05-31,Bronze,18,Lagos,4.5,0,0
R04038,2024-06-05,Platinum,34,Cairo,3.5,0,0
R04039,2024-04-12,Bronze,36,Cairo,3.8,0,0
R04040,2023-06-25,Platinum,21,Lagos,3.2,1,0
R04041,2023-08-16,Bronze,18,Lagos,5.0,0,0
R04042,2024-09-27,Bronze,31,Lagos,4.1,0,0
R04043,2023-06-11,Bronze,59,Cairo,5.0,0,0
R04044,2024-06-08,Bronze,33,Cairo,3.9,0,0
R04045,2024-02-28,Bronze,32,Lagos,3.8,1,0
R04046,2023-08-29,Bronze,33,Nairobi,4.7,0,0
R04047,2025-03-28,Bronze,44,Lagos,4.8,0,1
R04048,2024-09-16,Bronze,34,Lagos,3.8,0,0
R04049,2024-01-10,Silver,34,Cairo,4.3,0,0
R04050,2024-09-09,Silver,38,Nairobi,4.7,0,0
R04051,2023-09-09,Bronze,58,Lagos,4.7,0,1
R04052,2024-02-08,Silver,29,Nairobi,4.5,0,0
R04053,2024-02-22,Gold,42,Nairobi,4.5,0,0
R04054,2024-08-14,Silver,38,Nairobi,4.3,0,0
R04055,2024-10-25,Bronze,18,Cairo,4.7,0,0
R04056,2023-10-06,Bronze,18,Nairobi,4.6,0,0
R04057,2024-04-05,Bronze,42,Cairo,4.2,1,0
R04058,2024-03-10,Bronze,27,Lagos,3.7,0,0
R04059,2024-11-09,Silver,39,Cairo,4.3,0,1
R04060,2024-04-18,Bronze,47,Cairo,4.7,0,0
R04061,2023-12-19,Bronze,42,Lagos,4.8,1,0
R04062,2025-04-18,Bronze,39,Lagos,4.4,0,1
R04063,2024-11-16,Bronze,36,Cairo,4.5,0,0
R04064,2025-01-12,Bronze,38,Nairobi,4.3,0,0
R04065,2025-01-08,Silver,23,Nairobi,4.2,0,0
R04066,2024-01-06,Bronze,33,Lagos,4.2,0,0
R04067,2023-11-09,Bronze,35,Cairo,4.1,0,0
R04068,2023-08-08,Silver,30,Lagos,4.6,0,0
R04069,2024-06-05,Bronze,42,Lagos,4.6,0,1
R04070,2023-07-25,Bronze,44,Nairobi,4.8,0,1
R04071,2025-02-04,Bronze,40,Cairo,4.0,0,0
R04072,2024-02-26,Bronze,21,Cairo,4.5,0,1
R04073,2023-04-28,Silver,27,Nairobi,4.2,1,0
R04074,2023-11-19,Bronze,24,Lagos,3.2,1,0
R04075,2023-12-13,Bronze,45,Cairo,4.9,0,0
R04076,2024-10-29,Silver,32,Nairobi,4.7,0,1
R04077,2023-07-13,Silver,27,Cairo,5.0,0,0
R04078,2025-03-18,Bronze,23,Nairobi,4.4,1,0
R04079,2023-10-12,Bronze,33,Lagos,5.0,0,1
R04080,2023-11-16,Bronze,37,Cairo,5.0,0,0
R04081,2025-04-07,Silver,27,Lagos,4.4,0,1
R04082,2024-10-28,Gold,44,Lagos,4.0,1,0
R04083,2023-07-20,Bronze,46,Nairobi,4.0,0,1
R04084,2025-04-17,Silver,33,Cairo,3.9,0,0
R04085,2025-02-17,Silver,42,Cairo,4.2,0,0
R04086,2024-11-23,Bronze,38,Lagos,4.2,0,0
R04087,2024-12-19,Silver,31,Cairo,4.7,1,1
R04088,2023-11-20,Bronze,45,Cairo,4.5,1,0
R04089,2024-11-22,Bronze,40,Nairobi,3.9,0,1
R04090,2024-11-24,Gold,45,Cairo,4.9,0,0
R04091,2024-07-17,Bronze,45,Nairobi,3.7,0,1
R04092,2023-09-02,Bronze,48,Nairobi,5.0,0,0
R04093,2024-06-11,Gold,23,Nairobi,4.2,0,0
R04094,2024-02-27,Silver,40,Nairobi,4.1,0,0
R04095,2023-09-17,Silver,39,Nairobi,4.2,0,0
R04096,2024-10-20,Bronze,39,Cairo,4.7,0,1
R04097,2024-04-03,Bronze,29,Nairobi,3.6,1,1
R04098,2023-08-24,Gold,31,Lagos,4.2,0,1
R04099,2024-11-08,Bronze,39,Lagos,4.2,0,0
R04100,2024-02-18,Silver,37,Cairo,4.6,0,0
R04101,2025-03-25,Bronze,37,Lagos,4.7,0,1
R04102,2023-12-20,Bronze,24,Lagos,4.1,0,0
R04103,2024-04-21,Bronze,56,Nairobi,4.2,1,0
R04104,2024-11-10,Bronze,44,Nairobi,2.9,1,0
R04105,2024-12-08,Bronze,20,Nairobi,4.4,0,1
R04106,2024-06-10,Bronze,31,Lagos,5.0,0,0
R04107,2023-12-16,Bronze,26,Cairo,3.9,0,0
R04108,2024-12-09,Silver,43,Cairo,3.9,0,0
R04109,2024-08-18,Gold,26,Nairobi,4.8,0,0
R04110,2023-04-28,Bronze,53,Nairobi,4.0,0,1
R04111,2024-11-01,Bronze,38,Cairo,4.9,0,0
R04112,2023-09-02,Bronze,50,Cairo,4.5,1,0
R04113,2024-12-07,Bronze,20,Cairo,5.0,0,1
R04114,2024-05-31,Bronze,32,Cairo,4.1,0,0
R04115,2023-11-02,Silver,54,Lagos,5.0,0,0
R04116,2024-02-22,Silver,31,Lagos,3.6,0,0
R04117,2024-08-04,Bronze,35,Cairo,5.0,0,0
R04118,2024-05-24,Bronze,36,Cairo,3.7,0,0
R04119,2023-10-01,Silver,18,Lagos,4.4,0,1
R04120,2024-11-04,Bronze,40,Cairo,4.9,0,0
R04121,2024-08-21,Bronze,46,Lagos,4.4,0,1
R04122,2025-04-06,Gold,42,Lagos,3.9,0,1
R04123,2024-10-12,Silver,32,Cairo,4.5,0,1
R04124,2024-07-27,Silver,31,Nairobi,4.8,0,1
R04125,2024-02-27,Bronze,52,Lagos,3.7,0,0
R04126,2023-12-14,Silver,18,Lagos,5.0,0,0
R04127,2023-05-18,Bronze,52,Cairo,4.8,0,0
R04128,2024-08-20,Gold,37,Nairobi,4.0,1,1
R04129,2023-07-21,Silver,29,Lagos,4.7,0,0
R04130,2023-06-07,Silver,47,Cairo,4.5,0,0
R04131,2023-07-01,Bronze,43,Cairo,5.0,0,0
R04132,2023-06-11,Bronze,19,Lagos,3.7,0,0
R04133,2024-10-01,Bronze,31,Nairobi,4.6,0,1
R04134,2023-11-22,Bronze,30,Nairobi,4.9,0,0
R04135,2023-10-13,Silver,23,Lagos,5.0,0,0
R04136,2024-10-19,Bronze,24,Nairobi,4.3,0,0
R04137,2024-07-09,Gold,31,Nairobi,5.0,0,0
R04138,2024-04-25,Bronze,31,Cairo,4.7,0,0
R04139,2023-08-01,Bronze,43,Cairo,4.4,0,0
R04140,2023-10-01,Bronze,29,Nairobi,5.0,0,1
R04141,2023-11-21,Silver,35,Lagos,4.3,0,1
R04142,2025-03-28,Bronze,30,Nairobi,5.0,0,0
R04143,2024-10-26,Bronze,62,Nairobi,4.6,0,0
R04144,2025-01-17,Bronze,31,Lagos,4.4,0,0
R04145,2025-03-15,Bronze,49,Lagos,3.9,0,0
R04146,2025-02-22,Silver,38,Cairo,4.3,0,0
R04147,2025-01-06,Silver,39,Nairobi,4.4,0,0
R04148,2024-10-07,Bronze,41,Lagos,4.1,0,0
R04149,2025-02-12,Bronze,31,Cairo,4.8,0,0
R04150,2025-04-11,Gold,52,Lagos,5.0,0,0
R04151,2023-05-30,Bronze,34,Nairobi,4.4,0,1
R04152,2023-11-10,Bronze,18,Lagos,4.2,0,1
R04153,2024-06-21,Bronze,18,Cairo,4.1,0,0
R04154,2023-10-02,Bronze,25,Cairo,4.6,0,0
R04155,2023-07-27,Silver,25,Lagos,4.8,0,1
R04156,2025-02-06,Bronze,32,Cairo,4.8,0,0
R04157,2025-04-07,Bronze,50,Nairobi,4.8,0,0
R04158,2024-08-21,Silver,35,Lagos,4.6,0,1
R04159,2023-12-24,Bronze,30,Lagos,3.7,1,1
R04160,2025-01-01,Gold,31,Nairobi,4.3,0,0
R04161,2024-06-16,Bronze,38,Lagos,4.2,0,0
R04162,2023-04-27,Bronze,40,Lagos,5.0,0,1
R04163,2023-08-20,Bronze,42,Nairobi,4.2,0,1
R04164,2025-02-19,Silver,26,Lagos,4.3,0,0
R04165,2023-07-18,Bronze,22,Nairobi,4.2,0,0
R04166,2025-03-29,Bronze,28,Nairobi,4.1,0,1
R04167,2023-11-09,Bronze,38,Nairobi,4.4,0,0
R04168,2024-02-22,Silver,42,Cairo,4.5,1,0
R04169,2024-12-12,Gold,29,Lagos,4.7,0,1
R04170,2024-07-04,Bronze,37,Nairobi,4.0,0,0
R04171,2024-04-28,Platinum,30,Nairobi,4.8,0,0
R04172,2023-09-24,Silver,36,Nairobi,4.5,0,0
R04173,2025-01-01,Silver,46,Cairo,4.1,0,1
R04174,2025-03-30,Bronze,44,Nairobi,4.5,0,0
R04175,2023-10-21,Silver,38,Lagos,5.0,1,1
R04176,2024-08-14,Silver,42,Cairo,5.0,0,0
R04177,2025-03-16,Silver,37,Nairobi,4.3,0,1
R04178,2025-03-28,Bronze,18,Lagos,4.2,0,0
R04179,2024-03-13,Bronze,27,Lagos,4.4,0,0
R04180,2025-04-24,Silver,34,Cairo,5.0,0,1
R04181,2024-11-04,Bronze,28,Cairo,5.0,0,0
R04182,2024-12-15,Bronze,40,Cairo,5.0,0,0
R04183,2024-11-27,Bronze,49,Lagos,4.3,0,0
R04184,2024-11-15,Bronze,33,Cairo,4.5,0,1
R04185,2024-03-29,Bronze,44,Lagos,4.8,1,0
R04186,2023-05-30,Bronze,30,Nairobi,4.6,0,0
R04187,2024-05-23,Bronze,42,Nairobi,4.8,0,0
R04188,2023-12-30,Bronze,25,Lagos,4.4,0,1
R04189,2023-10-19,Bronze,18,Nairobi,5.0,0,0
R04190,2025-01-24,Gold,35,Nairobi,3.8,0,0
R04191,2023-10-07,Bronze,35,Lagos,3.4,0,0
R04192,2023-11-29,Bronze,37,Lagos,3.8,0,0
R04193,2025-04-18,Bronze,37,Nairobi,4.8,0,0
R04194,2024-03-06,Bronze,45,Nairobi,5.0,0,1
R04195,2025-02-16,Gold,40,Cairo,5.0,0,0
R04196,2023-05-08,Bronze,29,Nairobi,4.4,0,1
R04197,2025-04-14,Bronze,43,Nairobi,4.9,0,1
R04198,2023-07-07,Bronze,34,Cairo,5.0,0,1
R04199,2023-06-07,Bronze,18,Lagos,4.7,0,0
R04200,2024-05-27,Bronze,40,Cairo,4.5,0,1
R04201,2024-04-28,Gold,38,Nairobi,4.8,0,1
R04202,2023-06-12,Bronze,30,Lagos,4.1,0,0
R04203,2023-12-14,Silver,25,Nairobi,4.6,0,0
R04204,2023-05-30,Gold,38,Lagos,4.4,0,0
R04205,2025-04-08,Bronze,18,Nairobi,3.9,0,1
R04206,2023-12-04,Bronze,40,Lagos,4.6,0,0
R04207,2024-01-27,Silver,23,Nairobi,4.9,0,0
R04208,2024-11-16,Bronze,45,Lagos,4.6,0,0
R04209,2024-06-23,Bronze,36,Cairo,3.8,0,0
R04210,2023-09-12,Bronze,20,Cairo,4.9,0,0
R04211,2025-02-11,Bronze,33,Lagos,4.6,0,0
R04212,2024-05-02,Silver,48,Lagos,4.3,0,1
R04213,2024-05-26,Bronze,34,Cairo,5.0,0,1
R04214,2023-05-12,Silver,43,Lagos,4.5,0,0
R04215,2024-04-10,Bronze,36,Cairo,3.3,0,0
R04216,2024-07-03,Bronze,20,Lagos,4.8,0,1
R04217,2024-01-24,Bronze,43,Nairobi,4.9,0,1
R04218,2023-07-24,Bronze,49,Lagos,5.0,0,1
R04219,2023-05-03,Bronze,44,Lagos,4.7,0,0
R04220,2024-01-17,Bronze,44,Nairobi,4.7,0,1
R04221,2025-04-04,Gold,38,Cairo,4.9,0,0
R04222,2024-10-08,Bronze,53,Nairobi,5.0,0,1
R04223,2023-08-17,Bronze,24,Nairobi,5.0,0,0
R04224,2024-08-10,Bronze,21,Cairo,4.4,0,0
R04225,2024-02-24,Bronze,42,Lagos,4.5,0,0
R04226,2023-06-14,Gold,39,Lagos,4.7,0,1
R04227,2023-10-02,Bronze,60,Cairo,3.5,0,0
R04228,2024-08-27,Bronze,28,Lagos,3.8,0,0
R04229,2023-09-11,Bronze,42,Lagos,4.0,0,0
R04230,2024-07-08,Platinum,21,Cairo,4.8,0,1
R04231,2024-02-14,Silver,26,Cairo,5.0,0,0
R04232,2023-05-08,Platinum,43,Cairo,3.7,0,1
R04233,2025-01-08,Silver,43,Nairobi,3.7,1,1
R04234,2024-12-14,Silver,63,Lagos,4.2,0,0
R04235,2024-07-25,Silver,44,Cairo,5.0,0,0
R04236,2023-06-23,Bronze,35,Lagos,4.0,0,0
R04237,2023-12-20,Bronze,41,Cairo,4.6,0,0
R04238,2025-01-21,Bronze,46,Lagos,4.3,0,0
R04239,2023-06-19,Silver,26,Cairo,3.7,0,0
R04240,2024-03-01,Silver,31,Lagos,5.0,0,1
R04241,2024-03-05,Silver,20,Lagos,4.6,0,0
R04242,2024-07-10,Bronze,40,Lagos,4.6,0,0
R04243,2023-07-16,Bronze,26,Nairobi,3.9,0,1
R04244,2023-09-30,Bronze,21,Nairobi,3.6,0,1
R04245,2024-05-09,Gold,34,Lagos,4.6,0,0
R04246,2024-04-06,Bronze,30,Lagos,4.0,0,1
R04247,2024-02-19,Bronze,34,Cairo,5.0,0,0
R04248,2023-07-08,Gold,27,Cairo,4.8,0,1
R04249,2023-07-20,Bronze,30,Lagos,4.7,1,1
R04250,2024-06-25,Bronze,33,Cairo,4.5,0,0
R04251,2024-07-07,Bronze,55,Cairo,4.2,0,0
R04252,2024-03-22,Bronze,32,Cairo,4.7,0,0
R04253,2024-04-20,Bronze,41,Lagos,5.0,1,0
R04254,2024-07-16,Bronze,37,Lagos,5.0,0,0
R04255,2023-06-03,Bronze,34,Lagos,4.6,0,0
R04256,2024-08-09,Silver,32,Nairobi,4.2,0,0
R04257,2024-07-21,Gold,48,Nairobi,4.5,0,0
R04258,2024-12-03,Bronze,49,Cairo,4.5,0,1
R04259,2024-06-20,Silver,40,Lagos,4.9,0,0
R04260,2024-09-05,Bronze,33,Lagos,4.3,0,1
R04261,2024-10-12,Silver,26,Lagos,4.8,0,0
R04262,2025-02-23,Bronze,26,Lagos,4.3,1,0
R04263,2024-08-28,Bronze,34,Lagos,5.0,0,1
R04264,2023-08-18,Bronze,46,Lagos,4.2,0,0
R04265,2024-02-17,Bronze,54,Lagos,4.0,0,0
R04266,2023-12-05,Bronze,41,Nairobi,3.7,0,1
R04267,2024-01-27,Bronze,24,Nairobi,4.8,0,1
R04268,2024-11-03,Bronze,18,Lagos,4.2,1,0
R04269,2024-08-28,Bronze,43,Lagos,4.1,0,0
R04270,2025-02-01,Gold,33,Cairo,4.9,0,0
R04271,2024-02-14,Bronze,19,Lagos,4.4,0,1
R04272,2024-02-25,Silver,28,Nairobi,4.2,0,0
R04273,2024-02-29,Silver,40,Lagos,4.8,0,1
R04274,2024-07-26,Bronze,62,Lagos,4.2,0,0
R04275,2024-07-22,Bronze,34,Nairobi,5.0,0,0
R04276,2024-04-07,Platinum,38,Cairo,4.7,0,0
R04277,2024-11-25,Gold,35,Nairobi,4.3,0,0
R04278,2023-11-30,Gold,31,Nairobi,5.0,0,1
R04279,2024-11-09,Bronze,32,Cairo,4.7,0,0
R04280,2025-04-24,Bronze,29,Cairo,4.5,0,1
R04281,2024-07-29,Silver,48,Cairo,5.0,0,0
R04282,2023-08-15,Platinum,39,Lagos,4.1,0,0
R04283,2024-12-26,Bronze,43,Nairobi,4.6,0,0
R04284,2025-04-06,Platinum,25,Cairo,4.5,0,0
R04285,2024-04-07,Silver,37,Nairobi,5.0,0,1
R04286,2023-09-13,Bronze,50,Cairo,4.8,0,1
R04287,2025-04-13,Bronze,34,Nairobi,5.0,0,0
R04288,2024-04-04,Bronze,42,Nairobi,5.0,0,0
R04289,2025-01-12,Bronze,57,Nairobi,3.8,0,0
R04290,2024-11-15,Bronze,37,Lagos,5.0,0,0
R04291,2024-02-16,Silver,24,Lagos,5.0,0,1
R04292,2024-02-28,Bronze,56,Nairobi,4.6,0,0
R04293,2024-09-16,Bronze,47,Cairo,4.2,0,0
R04294,2024-05-01,Bronze,29,Lagos,4.5,1,0
R04295,2023-07-19,Silver,29,Cairo,4.0,0,1
R04296,2023-07-20,Bronze,29,Cairo,5.0,0,1
R04297,2025-02-01,Silver,39,Nairobi,5.0,0,0
R04298,2025-03-24,Gold,40,Nairobi,4.0,0,0
R04299,2025-02-28,Platinum,20,Nairobi,5.0,1,0
R04300,2024-01-05,Silver,53,Lagos,4.3,0,1
R04301,2025-01-30,Silver,34,Cairo,4.7,0,0
R04302,2024-01-12,Silver,29,Nairobi,5.0,0,0
R04303,2023-05-04,Bronze,42,Lagos,4.6,0,0
R04304,2024-03-22,Bronze,18,Lagos,4.9,0,1
R04305,2024-05-13,Bronze,37,Nairobi,3.5,0,0
R04306,2023-10-22,Bronze,33,Cairo,3.6,0,0
R04307,2023-11-08,Bronze,48,Nairobi,5.0,0,1
R04308,2024-02-15,Silver,47,Nairobi,4.2,0,0
R04309,2023-09-12,Silver,29,Nairobi,4.6,0,0
R04310,2024-09-21,Bronze,28,Nairobi,5.0,0,0
R04311,2024-07-22,Bronze,32,Nairobi,3.4,0,0
R04312,2025-04-17,Bronze,59,Cairo,4.8,1,0
R04313,2025-01-19,Bronze,37,Nairobi,4.5,0,0
R04314,2025-03-27,Gold,35,Lagos,4.4,0,0
R04315,2024-12-01,Silver,30,Lagos,4.4,0,0
R04316,2024-04-04,Bronze,19,Lagos,5.0,0,1
R04317,2024-05-09,Silver,27,Lagos,5.0,0,0
R04318,2024-09-07,Bronze,45,Cairo,4.1,0,1
R04319,2023-07-11,Bronze,33,Lagos,5.0,0,1
R04320,2024-04-27,Silver,25,Nairobi,5.0,0,0
R04321,2023-11-29,Gold,44,Cairo,4.7,0,0
R04322,2024-01-23,Bronze,45,Nairobi,3.9,0,1
R04323,2024-02-09,Bronze,47,Nairobi,5.0,0,1
R04324,2023-11-21,Gold,42,Nairobi,4.7,0,0
R04325,2023-04-29,Bronze,31,Cairo,4.2,0,0
R04326,2023-09-04,Bronze,33,Cairo,5.0,0,0
R04327,2023-08-21,Silver,28,Lagos,4.3,0,0
R04328,2024-03-03,Bronze,36,Cairo,3.6,0,0
R04329,2023-07-06,Gold,33,Lagos,5.0,0,1
R04330,2023-07-11,Silver,47,Lagos,4.9,0,0
R04331,2023-11-21,Bronze,26,Cairo,4.5,0,1
R04332,2025-01-27,Silver,24,Nairobi,4.9,0,0
R04333,2023-11-14,Silver,30,Lagos,4.8,0,1
R04334,2024-09-25,Bronze,31,Lagos,4.6,0,1
R04335,2024-06-09,Silver,18,Lagos,4.7,0,0
R04336,2024-06-24,Bronze,24,Lagos,4.8,0,0
R04337,2025-04-06,Gold,18,Nairobi,4.4,0,0
R04338,2024-12-19,Gold,41,Cairo,5.0,0,0
R04339,2024-02-02,Silver,30,Lagos,4.5,1,0
R04340,2023-11-17,Silver,33,Cairo,4.7,0,0
R04341,2025-02-08,Silver,21,Lagos,4.5,0,0
R04342,2024-09-05,Bronze,56,Cairo,4.6,0,0
R04343,2023-11-22,Bronze,34,Lagos,4.5,0,0
R04344,2024-10-06,Bronze,29,Nairobi,4.6,0,0
R04345,2024-02-21,Silver,28,Cairo,3.7,0,1
R04346,2024-08-20,Bronze,34,Nairobi,4.9,0,1
R04347,2024-04-20,Silver,21,Lagos,4.2,0,0
R04348,2024-09-22,Platinum,34,Lagos,4.8,0,1
R04349,2024-07-27,Bronze,21,Lagos,4.6,0,0
R04350,2024-02-01,Bronze,37,Cairo,4.4,0,1
R04351,2024-06-15,Bronze,35,Nairobi,5.0,0,0
R04352,2023-11-13,Bronze,46,Nairobi,4.4,0,1
R04353,2024-01-20,Bronze,40,Cairo,4.9,0,0
R04354,2025-04-09,Gold,23,Lagos,5.0,0,1
R04355,2024-07-07,Silver,36,Lagos,4.9,0,0
R04356,2024-01-19,Bronze,39,Nairobi,5.0,1,0
R04357,2024-04-23,Bronze,49,Lagos,5.0,0,0
R04358,2024-08-17,Bronze,57,Lagos,5.0,0,0
R04359,2024-11-18,Bronze,24,Cairo,4.8,0,0
R04360,2024-02-16,Bronze,40,Cairo,4.7,0,0
R04361,2024-09-28,Bronze,40,Lagos,4.6,0,1
R04362,2024-04-02,Bronze,31,Cairo,3.7,0,0
R04363,2023-11-11,Bronze,29,Nairobi,5.0,0,0
R04364,2024-09-22,Bronze,26,Lagos,4.0,0,1
R04365,2023-07-06,Bronze,33,Lagos,4.5,0,0
R04366,2024-06-04,Silver,48,Nairobi,4.6,0,0
R04367,2024-11-18,Gold,38,Lagos,5.0,0,0
R04368,2024-05-17,Bronze,28,Nairobi,4.7,0,1
R04369,2023-08-19,Silver,26,Lagos,5.0,0,0
R04370,2023-04-30,Bronze,46,Lagos,3.7,0,0
R04371,2023-12-06,Bronze,33,Nairobi,5.0,0,0
R04372,2023-07-07,Platinum,48,Cairo,4.4,1,1
R04373,2025-01-06,Silver,39,Cairo,4.8,0,0
R04374,2024-12-15,Bronze,28,Cairo,4.7,0,0
R04375,2025-04-20,Silver,36,Nairobi,4.4,0,1
R04376,2023-06-01,Gold,32,Cairo,5.0,0,1
R04377,2025-04-09,Bronze,39,Nairobi,5.0,1,0
R04378,2024-05-16,Bronze,36,Cairo,4.9,0,0
R04379,2023-04-28,Bronze,40,Cairo,4.8,1,1
R04380,2023-08-26,Bronze,39,Lagos,5.0,0,0
R04381,2023-08-06,Bronze,55,Lagos,5.0,0,0
R04382,2024-04-10,Bronze,41,Cairo,4.6,0,0
R04383,2023-08-13,Bronze,37,Cairo,3.2,0,1
R04384,2023-12-15,Bronze,36,Nairobi,5.0,0,1
R04385,2023-12-03,Bronze,40,Nairobi,4.7,0,1
R04386,2023-10-25,Bronze,43,Lagos,4.8,0,1
R04387,2023-07-30,Bronze,28,Nairobi,5.0,0,1
R04388,2024-09-02,Bronze,31,Lagos,3.5,0,0
R04389,2024-01-10,Bronze,42,Nairobi,3.8,0,1
R04390,2025-02-20,Silver,66,Nairobi,4.1,1,0
R04391,2024-12-21,Bronze,36,Cairo,4.2,0,1
R04392,2024-09-10,Silver,32,Lagos,5.0,0,1
R04393,2024-09-22,Silver,48,Nairobi,4.5,0,1
R04394,2025-01-18,Silver,35,Lagos,3.8,0,0
R04395,2024-03-09,Bronze,29,Lagos,3.9,0,1
R04396,2023-09-14,Silver,24,Cairo,5.0,0,0
R04397,2025-03-24,Silver,36,Nairobi,4.7,0,0
R04398,2025-03-24,Bronze,26,Lagos,5.0,0,0
R04399,2024-09-29,Platinum,37,Cairo,3.9,1,0
R04400,2024-03-23,Silver,44,Nairobi,3.8,0,0
R04401,2023-06-24,Platinum,32,Lagos,4.5,1,0
R04402,2024-06-29,Silver,57,Lagos,3.9,0,0
R04403,2024-08-03,Gold,32,Cairo,3.9,0,0
R04404,2023-08-23,Bronze,37,Nairobi,5.0,0,0
R04405,2024-06-02,Bronze,23,Nairobi,4.5,0,0
R04406,2023-06-27,Bronze,44,Cairo,4.2,1,0
R04407,2024-11-27,Bronze,42,Cairo,4.8,1,0
R04408,2024-12-14,Silver,37,Lagos,4.9,0,0
R04409,2024-07-24,Platinum,44,Nairobi,4.9,0,1
R04410,2025-02-28,Bronze,35,Lagos,3.9,0,0
R04411,2023-09-07,Silver,39,Lagos,3.9,0,0
R04412,2024-11-24,Bronze,26,Lagos,4.1,0,0
R04413,2025-02-21,Silver,54,Lagos,4.6,0,0
R04414,2024-10-20,Bronze,24,Cairo,4.8,0,1
R04415,2023-05-17,Bronze,22,Lagos,4.8,1,1
R04416,2024-12-15,Bronze,45,Lagos,3.6,0,1
R04417,2024-12-28,Gold,58,Nairobi,5.0,0,1
R04418,2023-07-16,Gold,28,Lagos,4.6,0,0
R04419,2024-06-23,Gold,52,Cairo,5.0,0,1
R04420,2024-12-23,Bronze,32,Nairobi,4.2,0,0
R04421,2024-05-25,Bronze,36,Nairobi,4.1,0,1
R04422,2023-05-31,Bronze,18,Cairo,4.3,0,0
R04423,2023-11-30,Gold,31,Nairobi,4.9,0,0
R04424,2023-10-16,Bronze,38,Cairo,4.5,0,0
R04425,2025-03-08,Platinum,37,Cairo,5.0,0,0
R04426,2024-11-19,Silver,35,Lagos,3.9,0,0
R04427,2025-02-20,Silver,33,Cairo,4.1,0,0
R04428,2024-08-24,Bronze,44,Cairo,5.0,0,0
R04429,2024-01-04,Bronze,35,Lagos,4.7,0,0
R04430,2024-01-13,Silver,52,Lagos,4.7,0,0
R04431,2023-10-12,Bronze,30,Nairobi,5.0,0,0
R04432,2023-09-02,Bronze,33,Lagos,5.0,1,1
R04433,2023-12-27,Platinum,41,Cairo,4.3,1,0
R04434,2023-11-15,Bronze,28,Lagos,3.8,0,0
R04435,2024-10-24,Silver,31,Cairo,5.0,0,1
R04436,2024-07-08,Bronze,41,Cairo,4.2,0,0
R04437,2023-07-19,Bronze,42,Cairo,4.5,0,0
R04438,2023-07-13,Bronze,26,Cairo,4.5,0,0
R04439,2024-01-03,Gold,21,Lagos,5.0,0,0
R04440,2025-01-02,Bronze,30,Nairobi,5.0,0,0
R04441,2024-05-17,Bronze,37,Lagos,4.7,0,0
R04442,2025-03-23,Bronze,30,Nairobi,4.9,1,0
R04443,2024-11-22,Silver,18,Nairobi,4.1,0,0
R04444,2024-02-24,Bronze,39,Lagos,5.0,0,0
R04445,2023-04-30,Bronze,23,Cairo,5.0,0,0
R04446,2024-09-18,Silver,29,Cairo,5.0,0,1
R04447,2023-08-11,Bronze,41,Lagos,4.7,0,1
R04448,2024-03-01,Bronze,31,Nairobi,4.1,0,0
R04449,2024-09-19,Silver,31,Nairobi,5.0,0,0
R04450,2023-09-16,Bronze,43,Nairobi,4.8,0,1
R04451,2023-12-09,Silver,45,Lagos,4.4,0,0
R04452,2024-06-10,Bronze,42,Lagos,3.9,0,1
R04453,2024-06-16,Bronze,46,Lagos,4.3,0,0
R04454,2024-03-13,Silver,33,Cairo,4.7,0,0
R04455,2024-06-19,Silver,19,Nairobi,4.7,0,1
R04456,2023-11-17,Bronze,21,Cairo,3.6,0,0
R04457,2024-07-03,Bronze,34,Lagos,4.2,0,1
R04458,2024-07-18,Bronze,28,Cairo,4.4,0,1
R04459,2025-03-04,Bronze,33,Lagos,4.3,0,1
R04460,2025-01-20,Bronze,27,Nairobi,4.8,0,0
R04461,2024-11-18,Bronze,39,Lagos,4.0,0,0
R04462,2024-11-06,Silver,38,Cairo,5.0,0,0
R04463,2025-02-17,Bronze,18,Nairobi,4.0,0,0
R04464,2023-08-09,Bronze,40,Nairobi,5.0,0,0
R04465,2024-12-30,Bronze,40,Lagos,4.8,0,0
R04466,2025-03-30,Bronze,32,Lagos,3.9,0,0
R04467,2024-12-15,Gold,25,Cairo,4.0,0,0
R04468,2023-07-12,Bronze,24,Cairo,4.6,0,0
R04469,2024-03-15,Bronze,40,Lagos,4.2,0,0
R04470,2023-11-21,Bronze,40,Nairobi,4.5,1,0
R04471,2023-07-18,Gold,44,Lagos,3.8,0,1
R04472,2023-08-23,Bronze,28,Cairo,4.5,0,0
R04473,2024-06-24,Bronze,27,Nairobi,4.9,0,0
R04474,2024-10-08,Bronze,32,Nairobi,4.3,0,1
R04475,2024-12-27,Bronze,39,Nairobi,5.0,0,1
R04476,2024-06-24,Silver,18,Lagos,4.0,0,0
R04477,2025-01-23,Bronze,18,Cairo,5.0,0,0
R04478,2025-02-26,Silver,18,Lagos,4.9,0,1
R04479,2024-08-11,Bronze,35,Lagos,4.5,0,1
R04480,2024-11-15,Bronze,18,Nairobi,4.6,1,0
R04481,2023-08-05,Platinum,35,Cairo,4.4,0,0
R04482,2025-01-29,Silver,35,Nairobi,5.0,1,0
R04483,2023-06-20,Silver,37,Nairobi,4.8,0,0
R04484,2023-11-07,Silver,35,Lagos,3.9,0,0
R04485,2023-12-02,Bronze,35,Nairobi,4.6,0,0
R04486,2024-10-21,Bronze,18,Cairo,4.0,0,0
R04487,2024-05-03,Bronze,37,Cairo,4.6,0,1
R04488,2023-07-29,Bronze,43,Nairobi,4.3,0,0
R04489,2024-04-19,Silver,39,Nairobi,4.2,0,0
R04490,2023-08-19,Gold,22,Lagos,4.2,1,1
R04491,2024-08-19,Bronze,35,Nairobi,4.9,0,0
R04492,2023-12-19,Bronze,40,Lagos,5.0,0,0
R04493,2023-06-03,Silver,54,Lagos,4.3,0,0
R04494,2023-05-12,Bronze,39,Cairo,5.0,0,0
R04495,2024-01-23,Bronze,56,Cairo,5.0,1,0
R04496,2024-08-01,Bronze,30,Lagos,4.6,0,0
R04497,2024-02-23,Bronze,31,Lagos,4.4,0,0
R04498,2024-11-17,Bronze,26,Lagos,5.0,0,1
R04499,2023-11-23,Bronze,23,Lagos,4.8,0,1
R04500,2025-01-29,Bronze,36,Nairobi,5.0,0,0
R04501,2024-02-10,Platinum,30,Cairo,5.0,0,1
R04502,2023-07-05,Bronze,47,Cairo,4.1,0,0
R04503,2025-01-05,Bronze,40,Nairobi,4.7,0,0
R04504,2023-12-09,Bronze,30,Lagos,4.2,0,0
R04505,2023-11-06,Gold,28,Nairobi,5.0,0,0
R04506,2023-06-05,Gold,32,Cairo,4.1,0,0
R04507,2024-03-22,Bronze,18,Nairobi,4.9,1,1
R04508,2024-02-11,Silver,36,Cairo,4.7,0,0
R04509,2025-02-20,Bronze,23,Nairobi,4.1,0,1
R04510,2025-01-08,Platinum,28,Nairobi,4.0,0,0
R04511,2024-08-22,Bronze,49,Nairobi,5.0,0,0
R04512,2024-02-13,Bronze,20,Lagos,4.5,0,0
R04513,2024-08-27,Bronze,31,Nairobi,4.3,0,0
R04514,2024-02-10,Bronze,41,Cairo,5.0,0,0
R04515,2025-02-08,Bronze,41,Lagos,4.1,0,0
R04516,2025-02-13,Silver,26,Lagos,3.5,0,1
R04517,2024-06-09,Bronze,52,Nairobi,4.4,0,0
R04518,2023-10-06,Bronze,28,Nairobi,4.7,0,0
R04519,2024-01-16,Gold,33,Nairobi,3.7,0,0
R04520,2024-07-26,Silver,45,Nairobi,4.3,0,1
R04521,2025-04-03,Bronze,50,Nairobi,3.4,0,0
R04522,2025-02-08,Bronze,35,Lagos,4.2,0,0
R04523,2023-05-27,Silver,40,Lagos,4.8,0,0
R04524,2023-10-24,Bronze,18,Lagos,4.1,0,0
R04525,2024-11-18,Bronze,30,Lagos,4.5,0,0
R04526,2024-03-30,Silver,35,Lagos,4.7,0,0
R04527,2024-02-19,Bronze,28,Lagos,4.9,0,0
R04528,2024-02-19,Silver,18,Lagos,5.0,0,0
R04529,2025-02-07,Bronze,25,Lagos,3.8,0,0
R04530,2023-12-21,Bronze,39,Lagos,4.3,0,0
R04531,2025-04-16,Bronze,39,Nairobi,5.0,1,1
R04532,2023-08-29,Bronze,36,Nairobi,4.1,0,1
R04533,2024-07-06,Silver,46,Lagos,4.1,1,1
R04534,2024-09-25,Bronze,18,Lagos,4.7,0,1
R04535,2023-06-30,Silver,35,Lagos,5.0,0,0
R04536,2025-04-11,Bronze,41,Cairo,4.4,1,0
R04537,2023-07-14,Silver,38,Nairobi,3.7,0,1
R04538,2024-02-11,Gold,45,Cairo,3.6,1,0
R04539,2025-01-13,Bronze,18,Cairo,4.2,0,0
R04540,2024-12-11,Gold,33,Lagos,4.3,0,0
R04541,2024-07-27,Bronze,40,Cairo,4.1,0,0
R04542,2024-05-11,Bronze,18,Lagos,3.9,0,0
R04543,2023-11-25,Bronze,27,Nairobi,4.4,1,0
R04544,2024-08-25,Bronze,53,Cairo,4.3,0,1
R04545,2025-01-21,Bronze,36,Nairobi,4.6,0,1
R04546,2024-12-01,Silver,28,Cairo,4.6,0,0
R04547,2024-06-30,Bronze,27,Nairobi,3.9,0,0
R04548,2024-09-13,Silver,38,Cairo,4.8,0,0
R04549,2024-02-05,Bronze,30,Cairo,4.2,0,0
R04550,2024-11-02,Bronze,38,Lagos,4.1,0,1
R04551,2023-10-10,Silver,45,Nairobi,3.9,0,0
R04552,2023-08-02,Bronze,26,Lagos,4.8,0,1
R04553,2023-05-24,Silver,47,Cairo,3.7,0,0
R04554,2024-12-13,Bronze,24,Nairobi,4.5,0,0
R04555,2023-12-29,Silver,50,Cairo,4.6,0,0
R04556,2025-03-07,Bronze,18,Cairo,3.8,0,0
R04557,2024-01-16,Bronze,40,Nairobi,4.9,0,0
R04558,2024-03-06,Bronze,44,Lagos,5.0,0,0
R04559,2024-07-05,Bronze,21,Nairobi,4.6,0,1
R04560,2023-11-28,Bronze,53,Cairo,4.7,0,0
R04561,2024-05-09,Silver,41,Lagos,4.8,0,0
R04562,2024-04-03,Silver,48,Lagos,3.9,1,1
R04563,2024-09-06,Bronze,35,Cairo,3.7,0,1
R04564,2024-08-08,Bronze,34,Lagos,4.0,0,1
R04565,2024-12-03,Silver,35,Nairobi,4.0,0,0
R04566,2024-12-28,Bronze,45,Nairobi,3.7,0,0
R04567,2024-12-04,Gold,39,Nairobi,4.9,0,0
R04568,2024-10-17,Bronze,31,Nairobi,4.4,0,1
R04569,2023-09-15,Bronze,40,Nairobi,5.0,0,0
R04570,2024-07-30,Silver,32,Cairo,5.0,0,1
R04571,2023-08-29,Bronze,37,Cairo,4.5,0,1
R04572,2023-09-02,Bronze,44,Nairobi,4.2,0,0
R04573,2023-12-19,Bronze,26,Nairobi,5.0,1,0
R04574,2024-10-31,Bronze,30,Cairo,4.4,0,0
R04575,2024-11-25,Silver,51,Nairobi,4.5,0,1
R04576,2023-11-13,Bronze,29,Cairo,4.2,0,1
R04577,2023-05-21,Silver,21,Cairo,3.9,0,0
R04578,2023-10-12,Bronze,33,Cairo,5.0,1,0
R04579,2023-10-26,Bronze,39,Lagos,4.8,1,0
R04580,2024-12-02,Bronze,21,Nairobi,4.1,1,0
R04581,2024-02-04,Silver,29,Nairobi,5.0,0,0
R04582,2024-03-05,Bronze,44,Cairo,4.8,0,0
R04583,2024-11-27,Silver,37,Lagos,5.0,0,0
R04584,2024-06-26,Gold,40,Cairo,4.2,0,0
R04585,2024-03-06,Bronze,35,Cairo,5.0,0,0
R04586,2024-08-09,Platinum,41,Nairobi,4.9,0,1
R04587,2024-09-17,Bronze,18,Nairobi,5.0,0,1
R04588,2023-07-29,Bronze,29,Lagos,3.8,0,1
R04589,2024-05-13,Bronze,18,Nairobi,4.0,0,1
R04590,2024-05-23,Bronze,42,Lagos,4.8,0,0
R04591,2023-11-29,Bronze,44,Lagos,5.0,0,1
R04592,2023-10-18,Bronze,44,Lagos,4.1,0,0
R04593,2024-12-06,Silver,32,Cairo,5.0,0,0
R04594,2023-06-17,Gold,31,Lagos,5.0,1,0
R04595,2023-06-21,Bronze,35,Lagos,4.5,0,0
R04596,2024-10-09,Bronze,32,Lagos,4.6,0,1
R04597,2024-04-15,Bronze,50,Cairo,4.7,0,0
R04598,2024-09-21,Bronze,20,Cairo,4.9,1,0
R04599,2025-01-27,Silver,20,Cairo,3.6,0,0
R04600,2023-08-07,Bronze,50,Cairo,4.3,0,0
R04601,2024-12-26,Bronze,36,Nairobi,4.4,0,0
R04602,2024-12-30,Bronze,43,Lagos,4.2,0,0
R04603,2024-02-04,Bronze,48,Cairo,3.9,1,0
R04604,2024-04-21,Bronze,38,Nairobi,5.0,1,1
R04605,2023-09-09,Bronze,46,Nairobi,5.0,0,1
R04606,2024-06-21,Silver,45,Cairo,5.0,0,1
R04607,2023-06-11,Silver,34,Lagos,4.8,0,1
R04608,2024-09-25,Silver,30,Lagos,4.3,0,0
R04609,2024-12-29,Bronze,55,Cairo,4.7,0,0
R04610,2024-09-12,Bronze,25,Lagos,5.0,0,0
R04611,2025-01-12,Platinum,35,Nairobi,4.6,0,1
R04612,2024-05-28,Platinum,41,Lagos,4.0,0,0
R04613,2024-07-28,Silver,25,Cairo,4.0,0,0
R04614,2024-02-21,Bronze,22,Lagos,5.0,0,1
R04615,2025-01-12,Silver,37,Nairobi,3.8,0,0
R04616,2023-06-18,Silver,29,Lagos,4.6,0,0
R04617,2024-01-23,Bronze,31,Nairobi,4.0,0,1
R04618,2025-02-26,Bronze,39,Cairo,3.0,0,1
R04619,2024-03-14,Silver,22,Nairobi,4.3,0,0
R04620,2024-03-23,Gold,39,Nairobi,4.4,0,0
R04621,2024-10-25,Platinum,34,Nairobi,5.0,0,1
R04622,2023-10-26,Silver,44,Cairo,4.0,0,0
R04623,2025-01-21,Bronze,43,Lagos,3.9,1,0
R04624,2023-07-14,Gold,46,Cairo,4.7,1,0
R04625,2024-03-29,Silver,30,Lagos,5.0,0,0
R04626,2025-02-11,Platinum,32,Nairobi,4.4,0,0
R04627,2023-08-25,Bronze,30,Lagos,4.2,1,0
R04628,2023-11-10,Bronze,35,Lagos,4.3,0,1
R04629,2023-12-25,Platinum,35,Lagos,3.6,0,1
R04630,2023-11-05,Bronze,29,Cairo,4.9,0,0
R04631,2023-05-15,Silver,42,Nairobi,4.2,0,0
R04632,2023-06-17,Bronze,37,Nairobi,3.9,0,1
R04633,2023-08-23,Bronze,42,Lagos,3.2,0,0
R04634,2023-11-06,Bronze,43,Nairobi,4.5,0,0
R04635,2023-11-26,Bronze,40,Cairo,4.1,0,0
R04636,2023-06-17,Bronze,24,Cairo,3.7,0,0
R04637,2024-07-08,Bronze,22,Nairobi,4.4,0,0
R04638,2024-05-17,Bronze,31,Cairo,4.8,0,0
R04639,2024-09-11,Silver,50,Lagos,4.5,1,1
R04640,2024-04-11,Bronze,18,Cairo,5.0,0,1
R04641,2024-11-22,Bronze,22,Lagos,5.0,0,1
R04642,2024-12-04,Bronze,36,Cairo,4.4,1,0
R04643,2023-11-29,Platinum,50,Cairo,4.3,0,0
R04644,2024-11-30,Bronze,29,Lagos,4.0,1,1
R04645,2025-02-19,Bronze,24,Lagos,3.9,0,0
R04646,2024-10-01,Silver,18,Lagos,4.2,0,1
R04647,2024-10-19,Bronze,40,Nairobi,4.8,0,0
R04648,2025-01-29,Bronze,43,Nairobi,4.9,0,0
R04649,2025-01-02,Bronze,38,Lagos,4.8,0,0
R04650,2024-04-04,Bronze,33,Nairobi,4.3,0,1
R04651,2023-05-11,Silver,28,Lagos,4.1,0,1
R04652,2023-11-02,Bronze,18,Nairobi,4.5,0,0
R04653,2024-02-07,Silver,53,Cairo,4.2,0,0
R04654,2023-10-20,Bronze,53,Cairo,5.0,0,1
R04655,2024-09-28,Silver,37,Cairo,4.7,0,0
R04656,2024-02-26,Silver,43,Lagos,4.3,0,1
R04657,2023-07-11,Gold,18,Lagos,4.6,0,0
R04658,2023-05-07,Bronze,29,Cairo,4.2,0,0
R04659,2023-10-18,Gold,56,Lagos,5.0,1,0
R04660,2023-11-09,Bronze,34,Cairo,3.4,0,1
R04661,2023-05-12,Bronze,35,Lagos,3.6,0,0
R04662,2024-06-11,Bronze,23,Lagos,4.8,0,0
R04663,2023-10-05,Bronze,24,Cairo,4.3,0,1
R04664,2024-04-21,Gold,43,Nairobi,4.0,0,1
R04665,2023-06-16,Bronze,36,Lagos,4.5,0,0
R04666,2023-06-15,Gold,45,Nairobi,5.0,0,0
R04667,2024-09-12,Silver,40,Cairo,5.0,0,0
R04668,2025-01-23,Silver,45,Cairo,4.7,0,1
R04669,2025-03-18,Silver,28,Lagos,4.6,0,1
R04670,2023-12-20,Bronze,47,Cairo,4.3,0,0
R04671,2024-10-25,Bronze,45,Lagos,4.9,0,1
R04672,2024-02-05,Bronze,28,Lagos,4.4,0,0
R04673,2024-04-11,Silver,21,Nairobi,4.3,0,0
R04674,2024-10-19,Bronze,24,Cairo,4.7,0,0
R04675,2024-03-30,Gold,42,Cairo,4.5,0,1
R04676,2025-04-04,Bronze,30,Lagos,3.9,0,1
R04677,2024-04-14,Silver,33,Cairo,4.6,0,0
R04678,2023-05-30,Gold,24,Lagos,4.0,0,0
R04679,2023-12-02,Platinum,33,Lagos,4.6,0,0
R04680,2025-01-30,Bronze,43,Nairobi,4.7,0,1
R04681,2023-09-07,Silver,59,Nairobi,4.4,1,0
R04682,2025-04-11,Gold,41,Nairobi,4.3,1,0
R04683,2024-08-07,Bronze,26,Nairobi,4.2,0,0
R04684,2024-12-10,Bronze,26,Lagos,4.1,0,1
R04685,2025-01-16,Silver,23,Nairobi,4.6,0,1
R04686,2023-12-30,Silver,30,Cairo,4.7,0,0
R04687,2025-02-22,Bronze,22,Lagos,3.9,0,0
R04688,2024-03-16,Silver,40,Cairo,4.2,0,0
R04689,2025-04-10,Silver,27,Cairo,4.5,0,1
R04690,2024-10-29,Bronze,46,Cairo,4.9,0,0
R04691,2024-12-03,Bronze,29,Nairobi,4.4,1,1
R04692,2024-11-14,Silver,30,Lagos,4.5,0,0
R04693,2024-09-09,Bronze,28,Cairo,4.6,0,0
R04694,2024-12-13,Silver,32,Cairo,5.0,0,1
R04695,2023-09-26,Bronze,45,Lagos,4.4,0,0
R04696,2024-07-23,Silver,62,Nairobi,5.0,0,0
R04697,2024-05-23,Silver,18,Cairo,3.7,0,0
R04698,2024-07-12,Platinum,44,Nairobi,4.4,0,0
R04699,2023-10-11,Bronze,29,Nairobi,4.1,0,0
R04700,2024-01-23,Bronze,28,Nairobi,4.4,0,0
R04701,2023-09-19,Gold,38,Nairobi,3.9,0,0
R04702,2023-09-14,Bronze,32,Nairobi,4.3,0,0
R04703,2023-11-04,Bronze,18,Nairobi,4.3,0,1
R04704,2024-10-24,Gold,21,Lagos,4.7,0,0
R04705,2024-05-15,Bronze,44,Nairobi,5.0,0,0
R04706,2024-10-21,Bronze,35,Lagos,4.1,0,0
R04707,2024-10-07,Bronze,18,Lagos,5.0,0,1
R04708,2024-08-08,Silver,35,Nairobi,4.2,0,0
R04709,2024-11-14,Bronze,27,Cairo,3.8,0,1
R04710,2024-04-23,Bronze,49,Nairobi,4.9,0,0
R04711,2024-08-25,Bronze,32,Lagos,3.5,0,0
R04712,2025-03-20,Bronze,26,Cairo,4.3,0,0
R04713,2024-12-07,Silver,18,Cairo,4.4,0,0
R04714,2025-04-03,Bronze,48,Nairobi,5.0,0,0
R04715,2023-07-20,Bronze,49,Nairobi,5.0,0,1
R04716,2024-05-07,Bronze,29,Cairo,4.9,0,1
R04717,2023-07-10,Silver,26,Nairobi,4.4,0,0
R04718,2024-03-05,Silver,35,Cairo,4.4,0,1
R04719,2024-02-22,Bronze,42,Nairobi,3.3,1,0
R04720,2024-07-14,Silver,18,Cairo,4.3,0,0
R04721,2024-12-01,Bronze,39,Cairo,4.1,0,0
R04722,2023-05-17,Bronze,47,Cairo,4.8,0,0
R04723,2024-03-28,Bronze,48,Lagos,4.7,0,1
R04724,2023-08-09,Bronze,36,Cairo,4.0,0,1
R04725,2024-03-26,Platinum,33,Nairobi,3.6,0,1
R04726,2023-10-17,Gold,37,Nairobi,5.0,0,1
R04727,2024-08-13,Silver,33,Nairobi,4.2,0,0
R04728,2023-05-08,Bronze,39,Lagos,4.5,0,1
R04729,2023-11-08,Silver,38,Cairo,4.9,0,0
R04730,2024-06-27,Silver,34,Nairobi,4.8,0,1
R04731,2024-12-16,Bronze,22,Lagos,4.3,0,0
R04732,2024-06-27,Gold,40,Cairo,4.5,0,1
R04733,2024-10-10,Silver,18,Cairo,3.6,0,0
R04734,2023-05-31,Bronze,44,Cairo,3.6,0,0
R04735,2023-06-11,Silver,50,Nairobi,4.3,0,0
R04736,2024-05-25,Bronze,39,Lagos,5.0,0,0
R04737,2024-02-15,Bronze,18,Lagos,4.6,0,0
R04738,2024-05-01,Silver,44,Lagos,5.0,0,0
R04739,2025-04-10,Bronze,36,Lagos,4.0,0,0
R04740,2024-11-23,Bronze,41,Lagos,4.0,0,0
R04741,2023-12-21,Bronze,34,Lagos,4.4,0,0
R04742,2023-11-21,Bronze,26,Lagos,4.4,0,1
R04743,2023-06-26,Gold,24,Cairo,4.8,1,0
R04744,2023-12-21,Silver,40,Nairobi,4.9,0,0
R04745,2023-10-22,Bronze,36,Lagos,4.5,0,0
R04746,2023-11-06,Bronze,50,Lagos,4.0,0,0
R04747,2024-01-20,Bronze,20,Nairobi,3.6,0,0
R04748,2024-12-28,Bronze,27,Lagos,3.6,0,1
R04749,2024-06-21,Silver,35,Cairo,3.9,0,1
R04750,2023-07-19,Bronze,31,Lagos,4.3,0,0
R04751,2024-02-13,Bronze,26,Lagos,5.0,0,1
R04752,2025-01-19,Bronze,43,Nairobi,4.0,0,1
R04753,2025-02-03,Bronze,46,Cairo,4.2,0,1
R04754,2023-12-09,Bronze,19,Nairobi,4.0,0,0
R04755,2025-02-02,Bronze,18,Cairo,4.8,0,0
R04756,2025-01-28,Bronze,38,Cairo,4.8,1,1
R04757,2023-05-05,Silver,53,Cairo,4.5,0,0
R04758,2024-04-11,Bronze,29,Lagos,4.8,1,0
R04759,2024-09-26,Silver,21,Nairobi,4.3,0,0
R04760,2024-01-10,Bronze,45,Cairo,5.0,0,0
R04761,2025-03-07,Bronze,40,Cairo,4.2,0,1
R04762,2024-04-29,Bronze,43,Lagos,5.0,1,0
R04763,2024-09-13,Silver,40,Nairobi,4.3,0,1
R04764,2024-06-20,Bronze,21,Nairobi,4.3,0,0
R04765,2025-01-26,Bronze,28,Lagos,4.5,0,1
R04766,2023-12-11,Bronze,35,Cairo,5.0,1,1
R04767,2024-09-21,Gold,37,Nairobi,4.0,0,0
R04768,2024-04-26,Bronze,39,Lagos,4.9,0,0
R04769,2025-04-02,Gold,45,Cairo,4.1,0,1
R04770,2023-09-24,Bronze,35,Nairobi,5.0,0,0
R04771,2023-09-17,Bronze,39,Nairobi,4.3,0,0
R04772,2023-06-11,Bronze,18,Lagos,4.8,0,0
R04773,2025-03-12,Bronze,29,Lagos,4.7,0,0
R04774,2023-10-20,Bronze,38,Nairobi,4.4,0,0
R04775,2023-05-07,Silver,47,Cairo,3.8,0,0
R04776,2024-04-05,Bronze,19,Lagos,4.3,0,0
R04777,2024-11-22,Bronze,18,Cairo,4.2,0,1
R04778,2024-01-21,Bronze,33,Lagos,4.9,1,0
R04779,2023-10-21,Bronze,51,Lagos,3.7,0,0
R04780,2024-07-15,Bronze,30,Cairo,4.6,0,1
R04781,2024-06-17,Bronze,41,Nairobi,4.7,0,1
R04782,2024-10-19,Bronze,43,Cairo,4.3,0,0
R04783,2024-08-04,Platinum,33,Nairobi,4.0,0,1
R04784,2024-03-25,Silver,36,Cairo,4.1,0,0
R04785,2024-10-12,Bronze,42,Cairo,3.9,0,0
R04786,2024-05-26,Bronze,30,Cairo,4.1,0,0
R04787,2024-03-09,Bronze,48,Cairo,5.0,0,0
R04788,2023-06-29,Bronze,30,Cairo,5.0,0,0
R04789,2024-04-03,Bronze,45,Nairobi,3.9,0,0
R04790,2024-11-28,Silver,29,Cairo,4.7,0,0
R04791,2024-03-06,Platinum,18,Cairo,4.0,0,0
R04792,2024-06-13,Bronze,40,Lagos,4.6,0,1
R04793,2025-04-20,Platinum,21,Cairo,4.6,0,1
R04794,2025-03-15,Bronze,43,Nairobi,4.2,0,1
R04795,2025-01-31,Silver,38,Lagos,4.9,0,0
R04796,2025-04-22,Silver,26,Cairo,3.7,0,1
R04797,2023-08-04,Gold,49,Nairobi,3.9,0,1
R04798,2025-01-31,Silver,22,Cairo,4.5,0,1
R04799,2025-04-24,Bronze,37,Cairo,3.7,0,1
R04800,2024-03-17,Bronze,28,Nairobi,4.6,1,1
R04801,2023-06-20,Bronze,48,Cairo,4.4,0,0
R04802,2024-12-06,Bronze,33,Nairobi,4.6,0,0
R04803,2023-10-11,Bronze,38,Cairo,4.1,0,1
R04804,2024-05-16,Silver,39,Lagos,4.8,0,1
R04805,2023-11-29,Silver,53,Nairobi,4.6,0,0
R04806,2024-05-16,Gold,22,Cairo,4.1,0,0
R04807,2023-10-13,Bronze,29,Cairo,4.8,0,1
R04808,2024-04-09,Bronze,31,Cairo,4.3,0,0
R04809,2025-04-10,Bronze,45,Lagos,4.5,0,1
R04810,2025-01-04,Bronze,35,Cairo,5.0,0,1
R04811,2024-08-26,Bronze,40,Nairobi,5.0,0,1
R04812,2023-09-04,Bronze,38,Nairobi,4.7,0,1
R04813,2024-10-25,Bronze,24,Nairobi,4.7,0,0
R04814,2024-09-29,Bronze,48,Nairobi,4.6,0,0
R04815,2023-10-07,Bronze,28,Cairo,4.4,0,0
R04816,2024-12-23,Bronze,40,Lagos,4.9,0,1
R04817,2024-04-21,Bronze,28,Lagos,4.7,0,1
R04818,2023-07-23,Silver,32,Lagos,4.5,0,0
R04819,2023-06-12,Bronze,53,Nairobi,4.1,0,1
R04820,2024-01-10,Bronze,19,Lagos,4.0,0,0
R04821,2024-08-14,Bronze,30,Cairo,4.5,0,0
R04822,2024-02-11,Silver,37,Cairo,4.7,0,0
R04823,2023-06-13,Bronze,35,Lagos,5.0,0,0
R04824,2025-01-31,Bronze,21,Nairobi,4.4,0,1
R04825,2023-10-11,Platinum,32,Nairobi,4.9,0,0
R04826,2024-12-07,Silver,38,Nairobi,4.7,0,0
R04827,2023-11-09,Platinum,56,Lagos,5.0,0,0
R04828,2024-01-26,Bronze,29,Nairobi,4.6,0,0
R04829,2023-09-13,Silver,49,Cairo,4.7,0,0
R04830,2024-03-26,Bronze,53,Cairo,3.6,0,0
R04831,2023-10-04,Silver,20,Cairo,4.1,0,0
R04832,2023-12-10,Gold,34,Lagos,4.8,0,1
R04833,2023-11-29,Bronze,26,Cairo,4.3,1,0
R04834,2024-04-04,Bronze,28,Cairo,4.7,0,0
R04835,2023-08-06,Bronze,49,Nairobi,5.0,0,0
R04836,2023-07-15,Silver,33,Cairo,5.0,0,1
R04837,2025-04-02,Bronze,36,Nairobi,4.4,0,0
R04838,2024-09-11,Gold,42,Nairobi,4.4,0,1
R04839,2024-11-08,Gold,36,Lagos,3.6,0,0
R04840,2025-04-25,Silver,45,Nairobi,3.8,0,0
R04841,2024-03-13,Bronze,40,Lagos,4.4,1,0
R04842,2023-06-18,Silver,25,Nairobi,4.1,1,0
R04843,2024-09-04,Bronze,34,Lagos,5.0,0,1
R04844,2025-03-18,Bronze,32,Cairo,4.6,0,0
R04845,2023-10-27,Bronze,35,Lagos,5.0,0,0
R04846,2024-11-10,Bronze,47,Cairo,4.3,0,1
R04847,2024-11-18,Bronze,33,Nairobi,4.2,0,0
R04848,2024-03-13,Bronze,18,Nairobi,4.3,0,0
R04849,2024-05-10,Silver,34,Nairobi,4.5,0,0
R04850,2025-01-22,Bronze,18,Cairo,4.6,0,0
R04851,2025-03-23,Silver,47,Cairo,4.2,0,0
R04852,2025-01-26,Bronze,41,Nairobi,3.4,0,0
R04853,2024-05-25,Bronze,30,Lagos,4.6,0,0
R04854,2025-04-04,Silver,40,Cairo,4.3,0,0
R04855,2023-10-01,Silver,38,Cairo,5.0,0,0
R04856,2024-03-30,Bronze,29,Cairo,4.4,0,0
R04857,2024-04-06,Silver,52,Cairo,4.3,0,0
R04858,2023-10-07,Bronze,43,Cairo,4.2,0,1
R04859,2023-06-11,Bronze,38,Lagos,4.6,0,0
R04860,2023-12-16,Silver,27,Lagos,4.3,0,0
R04861,2024-12-17,Bronze,36,Cairo,4.7,1,0
R04862,2023-08-27,Bronze,40,Nairobi,4.8,0,0
R04863,2023-10-06,Bronze,40,Cairo,4.5,0,0
R04864,2024-04-10,Bronze,28,Nairobi,3.9,0,1
R04865,2025-02-10,Silver,25,Nairobi,4.8,0,1
R04866,2024-10-18,Gold,22,Lagos,4.9,0,0
R04867,2024-11-11,Bronze,31,Nairobi,4.9,0,1
R04868,2024-05-27,Bronze,48,Lagos,4.8,0,0
R04869,2023-07-20,Bronze,35,Lagos,4.4,0,1
R04870,2025-02-22,Bronze,51,Lagos,5.0,0,0
R04871,2024-08-19,Silver,41,Nairobi,4.1,0,0
R04872,2024-03-10,Bronze,30,Cairo,4.5,0,1
R04873,2025-04-26,Bronze,41,Cairo,4.4,0,0
R04874,2025-04-20,Bronze,28,Lagos,4.8,1,0
R04875,2023-12-25,Platinum,60,Cairo,4.5,0,0
R04876,2025-01-25,Bronze,18,Nairobi,5.0,0,1
R04877,2025-04-25,Platinum,45,Lagos,4.6,0,0
R04878,2023-05-13,Gold,32,Nairobi,4.3,0,0
R04879,2024-12-20,Bronze,33,Cairo,4.2,1,0
R04880,2024-09-12,Gold,30,Cairo,4.6,0,1
R04881,2024-01-19,Bronze,31,Nairobi,5.0,1,1
R04882,2024-06-06,Bronze,36,Cairo,4.2,0,0
R04883,2024-01-19,Bronze,38,Lagos,3.8,0,0
R04884,2023-11-30,Bronze,33,Cairo,4.7,0,0
R04885,2025-03-08,Gold,45,Lagos,5.0,0,0
R04886,2023-12-12,Bronze,39,Lagos,5.0,0,0
R04887,2023-10-31,Silver,31,Cairo,4.1,0,1
R04888,2023-08-10,Bronze,24,Lagos,5.0,0,0
R04889,2023-09-08,Bronze,18,Cairo,4.5,0,0
R04890,2023-05-07,Gold,28,Nairobi,4.5,1,1
R04891,2023-05-20,Bronze,38,Cairo,4.5,1,0
R04892,2024-05-31,Bronze,42,Nairobi,4.8,0,0
R04893,2024-08-23,Silver,28,Nairobi,4.1,0,1
R04894,2024-09-20,Bronze,40,Lagos,5.0,0,0
R04895,2023-06-28,Bronze,28,Lagos,3.8,0,1
R04896,2024-11-25,Silver,46,Cairo,4.6,0,0
R04897,2023-08-17,Silver,19,Lagos,3.0,0,1
R04898,2024-05-22,Gold,43,Cairo,4.0,0,1
R04899,2023-06-26,Silver,23,Lagos,4.9,0,1
R04900,2024-07-29,Silver,34,Nairobi,4.8,0,0
R04901,2023-05-08,Bronze,37,Cairo,5.0,0,0
R04902,2025-02-14,Bronze,30,Nairobi,4.4,0,0
R04903,2025-03-05,Platinum,54,Lagos,4.8,0,0
R04904,2023-08-29,Bronze,43,Cairo,4.6,1,1
R04905,2024-06-26,Gold,34,Cairo,4.0,1,1
R04906,2024-01-21,Bronze,29,Lagos,5.0,0,0
R04907,2025-02-13,Silver,30,Nairobi,5.0,0,0
R04908,2023-12-12,Bronze,36,Cairo,5.0,0,1
R04909,2024-09-13,Bronze,30,Cairo,5.0,0,0
R04910,2023-09-28,Silver,30,Cairo,4.7,0,1
R04911,2023-07-11,Bronze,41,Lagos,3.9,0,1
R04912,2024-09-12,Bronze,46,Nairobi,4.1,0,0
R04913,2024-06-09,Silver,18,Lagos,4.2,0,0
R04914,2023-07-28,Bronze,39,Lagos,4.2,0,0
R04915,2024-09-24,Gold,21,Lagos,5.0,0,0
R04916,2025-03-19,Bronze,27,Lagos,4.4,0,0
R04917,2024-08-18,Bronze,47,Nairobi,4.9,0,1
R04918,2024-06-10,Bronze,29,Lagos,5.0,0,0
R04919,2025-04-14,Bronze,37,Lagos,4.2,0,0
R04920,2024-03-24,Bronze,48,Cairo,4.6,0,0
R04921,2024-10-04,Bronze,57,Cairo,4.0,0,0
R04922,2024-03-11,Bronze,34,Nairobi,5.0,0,0
R04923,2024-02-23,Silver,41,Nairobi,5.0,0,0
R04924,2023-05-05,Silver,36,Lagos,4.6,0,1
R04925,2023-06-02,Silver,25,Lagos,4.0,0,0
R04926,2023-11-14,Platinum,35,Nairobi,4.4,0,0
R04927,2025-02-27,Bronze,45,Cairo,4.3,0,1
R04928,2023-11-02,Bronze,49,Cairo,4.9,0,1
R04929,2024-02-18,Bronze,53,Nairobi,4.4,0,1
R04930,2024-08-21,Silver,36,Cairo,5.0,0,1
R04931,2023-08-21,Silver,30,Lagos,3.4,0,0
R04932,2024-10-31,Silver,37,Cairo,5.0,0,1
R04933,2023-08-14,Gold,33,Nairobi,4.6,0,0
R04934,2024-10-06,Bronze,51,Nairobi,5.0,1,0
R04935,2023-06-08,Bronze,61,Nairobi,5.0,0,0
R04936,2024-04-21,Silver,22,Cairo,5.0,0,1
R04937,2025-01-01,Bronze,33,Cairo,4.1,0,1
R04938,2023-12-21,Silver,43,Cairo,4.4,0,1
R04939,2024-06-17,Bronze,21,Nairobi,3.9,0,1
R04940,2025-01-31,Bronze,33,Nairobi,4.0,0,0
R04941,2025-01-04,Gold,53,Lagos,4.3,0,0
R04942,2025-01-23,Bronze,19,Nairobi,4.9,0,0
R04943,2024-01-09,Bronze,58,Cairo,5.0,1,0
R04944,2023-05-07,Bronze,45,Lagos,5.0,0,0
R04945,2024-04-21,Silver,32,Lagos,4.3,0,0
R04946,2023-11-03,Bronze,29,Nairobi,5.0,0,0
R04947,2024-09-03,Silver,26,Cairo,3.8,0,0
R04948,2023-05-10,Bronze,46,Cairo,4.5,0,0
R04949,2024-05-30,Bronze,27,Cairo,3.9,0,0
R04950,2023-08-23,Bronze,21,Lagos,3.8,0,1
R04951,2023-08-15,Bronze,27,Lagos,5.0,0,0
R04952,2025-02-05,Bronze,36,Nairobi,4.9,0,1
R04953,2024-01-06,Silver,47,Lagos,4.8,0,0
R04954,2023-08-19,Silver,19,Lagos,3.5,0,0
R04955,2024-10-10,Silver,21,Nairobi,5.0,0,1
R04956,2025-04-08,Bronze,47,Cairo,3.7,0,0
R04957,2024-11-08,Bronze,24,Nairobi,4.3,0,1
R04958,2025-01-30,Gold,36,Lagos,4.3,0,0
R04959,2023-09-23,Bronze,44,Nairobi,4.8,0,0
R04960,2024-03-13,Bronze,36,Nairobi,4.0,0,0
R04961,2023-09-27,Bronze,33,Cairo,4.9,0,1
R04962,2024-05-20,Gold,25,Nairobi,4.5,0,0
R04963,2024-02-24,Bronze,44,Nairobi,4.7,1,0
R04964,2023-12-12,Bronze,23,Cairo,3.9,0,0
R04965,2023-08-16,Bronze,56,Nairobi,4.7,0,0
R04966,2023-10-29,Gold,37,Nairobi,4.8,0,1
R04967,2023-10-25,Silver,28,Lagos,4.7,0,0
R04968,2025-03-21,Bronze,46,Cairo,3.9,0,0
R04969,2024-07-31,Bronze,34,Cairo,3.9,0,0
R04970,2024-06-15,Bronze,30,Nairobi,4.4,0,0
R04971,2023-07-27,Silver,49,Lagos,4.2,0,1
R04972,2024-12-19,Platinum,63,Nairobi,4.5,0,1
R04973,2024-08-31,Bronze,34,Nairobi,4.9,0,0
R04974,2023-07-12,Gold,47,Cairo,3.6,0,0
R04975,2023-09-12,Bronze,39,Cairo,4.4,0,0
R04976,2023-07-23,Bronze,47,Cairo,4.2,0,0
R04977,2024-03-12,Bronze,36,Cairo,3.6,0,0
R04978,2023-08-06,Gold,29,Lagos,5.0,1,0
R04979,2024-01-16,Bronze,51,Nairobi,5.0,0,0
R04980,2023-11-04,Gold,55,Lagos,5.0,0,0
R04981,2024-02-26,Bronze,27,Cairo,4.2,0,0
R04982,2025-02-11,Platinum,43,Lagos,4.7,0,0
R04983,2025-01-07,Gold,39,Lagos,5.0,0,0
R04984,2023-10-03,Silver,50,Nairobi,5.0,0,0
R04985,2024-08-29,Bronze,43,Nairobi,4.0,0,0
R04986,2024-03-25,Gold,40,Cairo,3.6,0,1
R04987,2025-03-14,Bronze,53,Lagos,4.5,1,1
R04988,2024-02-07,Bronze,40,Lagos,5.0,0,0
R04989,2025-01-06,Bronze,23,Cairo,4.0,0,1
R04990,2024-12-11,Bronze,24,Nairobi,3.9,0,1
R04991,2024-05-07,Bronze,40,Lagos,4.8,0,0
R04992,2024-12-05,Bronze,52,Nairobi,4.7,1,0
R04993,2023-05-09,Silver,35,Lagos,5.0,0,0
R04994,2023-08-12,Bronze,18,Cairo,4.8,0,1
R04995,2023-11-06,Bronze,40,Lagos,3.7,0,0
R04996,2024-08-14,Silver,41,Nairobi,4.2,0,1
R04997,2023-10-11,Bronze,24,Lagos,3.9,0,0
R04998,2023-10-09,Bronze,45,Nairobi,4.3,0,0
R04999,2024-04-23,Bronze,34,Nairobi,4.6,0,0
R05000,2023-12-25,Bronze,44,Nairobi,4.9,0,1
R05001,2025-01-07,Gold,35,Cairo,5.0,0,0
R05002,2024-02-24,Bronze,33,Lagos,4.9,1,0
R05003,2024-08-26,Platinum,30,Cairo,4.3,0,0
R05004,2023-05-23,Bronze,35,Lagos,4.1,0,0
R05005,2025-03-21,Bronze,33,Cairo,4.6,0,0
R05006,2024-05-26,Bronze,26,Lagos,4.3,0,1
R05007,2025-03-05,Bronze,34,Nairobi,4.0,0,1
R05008,2023-10-01,Bronze,44,Cairo,4.8,0,0
R05009,2023-09-14,Bronze,35,Cairo,4.9,0,0
R05010,2024-05-20,Bronze,35,Nairobi,4.0,0,1
R05011,2024-04-27,Bronze,23,Nairobi,5.0,1,1
R05012,2024-02-04,Silver,36,Cairo,4.1,1,0
R05013,2024-12-19,Silver,23,Nairobi,5.0,0,0
R05014,2024-02-03,Bronze,30,Cairo,4.8,0,0
R05015,2023-09-07,Silver,43,Cairo,4.6,0,0
R05016,2025-04-19,Bronze,43,Cairo,3.7,0,0
R05017,2023-12-18,Silver,36,Lagos,4.6,0,0
R05018,2024-03-10,Bronze,18,Cairo,4.4,0,0
R05019,2025-02-21,Bronze,30,Lagos,4.8,0,0
R05020,2024-07-14,Bronze,36,Nairobi,4.5,0,0
R05021,2023-05-12,Gold,34,Cairo,5.0,0,0
R05022,2025-04-24,Silver,38,Lagos,5.0,0,0
R05023,2025-04-09,Platinum,43,Nairobi,4.1,0,1
R05024,2024-11-04,Bronze,47,Nairobi,5.0,0,1
R05025,2024-01-13,Gold,31,Nairobi,3.6,0,0
R05026,2023-09-27,Bronze,24,Cairo,4.9,0,0
R05027,2024-11-22,Bronze,18,Lagos,5.0,0,0
R05028,2024-05-05,Bronze,42,Cairo,3.8,0,0
R05029,2024-10-21,Silver,19,Nairobi,4.0,1,1
R05030,2023-11-28,Silver,44,Nairobi,4.2,0,0
R05031,2023-12-22,Silver,46,Cairo,4.5,0,0
R05032,2024-07-19,Bronze,27,Cairo,3.6,0,1
R05033,2024-09-28,Bronze,34,Cairo,4.6,0,0
R05034,2023-08-01,Bronze,43,Cairo,3.6,0,0
R05035,2024-03-19,Platinum,40,Cairo,4.2,0,0
R05036,2024-09-02,Bronze,39,Cairo,4.5,0,0
R05037,2024-12-31,Bronze,48,Nairobi,4.7,0,1
R05038,2024-06-12,Silver,42,Cairo,4.5,0,0
R05039,2023-12-10,Silver,35,Nairobi,4.8,0,0
R05040,2023-06-26,Bronze,18,Nairobi,4.8,0,0
R05041,2024-12-19,Silver,36,Cairo,4.6,0,0
R05042,2023-06-08,Platinum,18,Cairo,5.0,0,0
R05043,2023-11-12,Gold,48,Lagos,4.9,0,1
R05044,2024-06-28,Bronze,33,Nairobi,3.9,1,1
R05045,2024-02-29,Bronze,45,Nairobi,4.3,0,0
R05046,2025-01-26,Silver,41,Lagos,3.6,0,1
R05047,2024-01-17,Bronze,23,Cairo,4.1,1,1
R05048,2025-04-22,Bronze,19,Cairo,4.3,0,0
R05049,2024-07-01,Gold,28,Cairo,4.4,0,1
R05050,2023-08-04,Bronze,43,Lagos,4.6,0,0
R05051,2023-12-06,Platinum,53,Nairobi,4.8,0,0
R05052,2023-12-14,Silver,28,Cairo,4.9,0,0
R05053,2024-03-10,Silver,42,Cairo,4.8,0,0
R05054,2023-09-20,Silver,20,Cairo,4.6,0,0
R05055,2024-12-11,Bronze,33,Lagos,4.0,0,0
R05056,2023-10-14,Bronze,27,Lagos,4.2,1,0
R05057,2025-01-16,Silver,27,Lagos,4.5,0,1
R05058,2025-02-17,Bronze,38,Nairobi,5.0,0,0
R05059,2024-11-15,Silver,26,Cairo,4.5,0,1
R05060,2023-05-15,Bronze,36,Nairobi,4.7,0,0
R05061,2023-08-26,Silver,18,Lagos,4.8,0,0
R05062,2023-07-26,Bronze,27,Cairo,3.7,0,1
R05063,2024-10-25,Gold,34,Nairobi,4.7,0,0
R05064,2023-08-14,Silver,43,Nairobi,3.8,1,0
R05065,2023-06-13,Silver,18,Nairobi,4.8,0,1
R05066,2024-12-05,Bronze,43,Cairo,4.1,0,1
R05067,2024-08-26,Bronze,36,Lagos,4.8,1,1
R05068,2023-12-07,Gold,20,Nairobi,3.9,0,1
R05069,2024-01-19,Silver,24,Lagos,4.5,0,0
R05070,2024-05-11,Silver,27,Cairo,4.0,0,1
R05071,2023-05-20,Gold,22,Nairobi,4.6,0,0
R05072,2024-07-27,Bronze,22,Cairo,4.1,0,0
R05073,2023-06-29,Bronze,39,Cairo,5.0,1,0
R05074,2024-11-21,Silver,25,Nairobi,4.2,0,0
R05075,2023-11-08,Platinum,34,Cairo,5.0,1,1
R05076,2025-02-06,Silver,48,Nairobi,5.0,0,0
R05077,2024-03-20,Gold,46,Lagos,4.2,0,0
R05078,2024-05-06,Silver,42,Lagos,5.0,0,0
R05079,2024-06-13,Platinum,29,Lagos,4.6,0,1
R05080,2024-03-13,Bronze,30,Lagos,5.0,0,1
R05081,2025-03-03,Silver,24,Lagos,4.2,0,1
R05082,2023-05-02,Silver,41,Lagos,4.5,0,1
R05083,2023-05-26,Gold,20,Nairobi,4.2,0,0
R05084,2025-01-22,Gold,38,Nairobi,4.6,0,1
R05085,2023-09-25,Silver,40,Cairo,5.0,0,0
R05086,2024-09-10,Bronze,34,Nairobi,4.8,0,0
R05087,2024-01-29,Silver,35,Lagos,5.0,0,0
R05088,2024-06-17,Bronze,40,Cairo,4.1,0,0
R05089,2025-01-07,Silver,48,Nairobi,4.7,0,1
R05090,2023-09-09,Silver,35,Lagos,4.9,0,0
R05091,2025-03-06,Gold,36,Nairobi,4.9,0,0
R05092,2023-08-26,Bronze,31,Nairobi,4.7,0,0
R05093,2025-02-04,Bronze,50,Lagos,4.5,0,0
R05094,2024-12-10,Platinum,43,Lagos,4.5,0,0
R05095,2023-10-15,Silver,25,Nairobi,4.8,1,0
R05096,2023-12-17,Bronze,44,Nairobi,4.9,0,1
R05097,2024-07-11,Bronze,32,Cairo,5.0,0,1
R05098,2023-08-17,Gold,20,Nairobi,5.0,0,1
R05099,2024-09-06,Bronze,33,Cairo,4.6,0,0
R05100,2023-10-08,Bronze,25,Cairo,4.4,0,0
R05101,2024-12-31,Bronze,46,Nairobi,4.2,0,0
R05102,2024-04-09,Bronze,57,Lagos,4.0,0,0
R05103,2025-04-25,Bronze,37,Nairobi,4.7,0,1
R05104,2023-08-14,Bronze,23,Nairobi,4.2,0,0
R05105,2023-06-19,Silver,41,Lagos,4.1,0,1
R05106,2023-08-22,Bronze,30,Lagos,4.7,0,1
R05107,2023-10-01,Gold,30,Nairobi,4.7,0,0
R05108,2023-12-31,Bronze,42,Lagos,4.6,0,0
R05109,2025-01-01,Platinum,35,Cairo,4.0,0,1
R05110,2023-12-07,Bronze,32,Nairobi,4.3,0,0
R05111,2024-10-01,Silver,35,Nairobi,4.6,0,0
R05112,2023-08-25,Silver,25,Cairo,4.4,0,1
R05113,2023-05-25,Silver,34,Lagos,4.2,0,0
R05114,2023-11-15,Bronze,43,Cairo,4.5,0,0
R05115,2024-08-06,Bronze,26,Cairo,4.1,0,0
R05116,2023-10-08,Bronze,32,Nairobi,5.0,1,0
R05117,2023-07-31,Silver,45,Cairo,3.5,0,1
R05118,2025-03-04,Bronze,24,Lagos,3.9,0,1
R05119,2024-03-24,Silver,25,Lagos,4.3,0,0
R05120,2024-10-12,Bronze,32,Lagos,3.4,0,1
R05121,2024-06-20,Bronze,18,Lagos,5.0,0,0
R05122,2024-03-06,Silver,27,Lagos,5.0,0,0
R05123,2024-03-19,Bronze,43,Cairo,4.2,0,0
R05124,2024-08-03,Bronze,54,Nairobi,5.0,0,0
R05125,2024-07-21,Bronze,23,Cairo,4.1,0,1
R05126,2023-07-12,Bronze,43,Lagos,4.9,0,0
R05127,2023-04-27,Silver,35,Cairo,4.1,0,0
R05128,2024-07-21,Silver,55,Lagos,5.0,0,1
R05129,2024-01-08,Silver,48,Lagos,4.2,0,0
R05130,2024-12-17,Bronze,44,Lagos,4.4,0,0
R05131,2024-04-20,Bronze,53,Lagos,5.0,0,1
R05132,2024-08-26,Bronze,35,Cairo,3.7,0,1
R05133,2024-06-23,Bronze,52,Cairo,4.2,0,0
R05134,2024-11-08,Platinum,25,Lagos,3.5,1,0
R05135,2024-03-20,Bronze,35,Cairo,4.8,0,1
R05136,2024-03-18,Silver,33,Lagos,4.4,0,0
R05137,2024-11-01,Bronze,32,Nairobi,4.2,1,0
R05138,2025-02-10,Bronze,21,Cairo,4.7,0,0
R05139,2024-06-19,Bronze,30,Nairobi,3.9,1,0
R05140,2023-08-31,Silver,27,Cairo,4.4,0,1
R05141,2023-09-18,Bronze,43,Cairo,5.0,0,1
R05142,2023-11-26,Bronze,39,Lagos,4.2,0,0
R05143,2023-06-22,Bronze,42,Cairo,4.6,0,1
R05144,2023-06-21,Bronze,25,Cairo,5.0,0,0
R05145,2023-11-23,Bronze,21,Lagos,4.8,0,0
R05146,2024-11-27,Bronze,33,Nairobi,5.0,0,0
R05147,2025-03-04,Bronze,26,Cairo,5.0,0,0
R05148,2024-08-20,Bronze,34,Nairobi,5.0,0,0
R05149,2024-06-05,Gold,39,Cairo,4.3,0,1
R05150,2023-10-31,Bronze,42,Nairobi,4.5,0,1
R05151,2023-10-30,Gold,35,Nairobi,4.3,0,0
R05152,2024-08-24,Bronze,35,Nairobi,5.0,0,0
R05153,2024-03-22,Silver,43,Cairo,4.9,0,0
R05154,2023-10-29,Bronze,36,Nairobi,3.9,0,1
R05155,2024-02-15,Bronze,34,Nairobi,4.8,0,1
R05156,2023-06-10,Silver,57,Nairobi,4.2,0,1
R05157,2025-01-09,Bronze,44,Nairobi,4.8,0,0
R05158,2023-12-23,Bronze,39,Cairo,4.6,1,0
R05159,2025-03-08,Bronze,20,Lagos,4.7,0,0
R05160,2025-02-08,Bronze,41,Nairobi,4.9,0,0
R05161,2024-12-25,Bronze,43,Nairobi,4.2,0,0
R05162,2025-03-05,Bronze,43,Nairobi,4.4,0,0
R05163,2025-03-19,Bronze,39,Nairobi,4.8,0,0
R05164,2024-10-01,Bronze,70,Nairobi,4.9,0,0
R05165,2024-10-28,Bronze,23,Cairo,4.3,0,1
R05166,2023-11-13,Silver,39,Cairo,5.0,0,0
R05167,2025-02-10,Bronze,33,Lagos,4.7,0,1
R05168,2024-06-26,Gold,32,Lagos,3.5,0,1
R05169,2024-09-08,Bronze,27,Nairobi,4.2,1,1
R05170,2023-11-25,Silver,45,Lagos,3.8,0,1
R05171,2024-07-31,Bronze,43,Nairobi,4.3,0,1
R05172,2024-11-30,Bronze,37,Nairobi,4.7,0,1
R05173,2024-12-13,Silver,35,Cairo,4.4,1,0
R05174,2023-06-01,Bronze,56,Nairobi,4.9,0,0
R05175,2023-11-12,Bronze,42,Nairobi,4.5,0,0
R05176,2024-07-12,Bronze,49,Nairobi,4.9,0,0
R05177,2023-08-03,Bronze,44,Nairobi,4.2,0,0
R05178,2025-04-13,Bronze,35,Nairobi,3.7,0,0
R05179,2023-09-29,Bronze,34,Nairobi,4.8,0,0
R05180,2024-12-25,Bronze,50,Cairo,5.0,0,0
R05181,2024-12-22,Bronze,39,Lagos,4.3,0,1
R05182,2023-05-30,Platinum,36,Lagos,4.2,0,0
R05183,2024-12-21,Bronze,38,Cairo,4.3,0,0
R05184,2024-03-08,Bronze,20,Nairobi,5.0,0,0
R05185,2023-12-26,Silver,35,Nairobi,4.8,0,0
R05186,2023-06-19,Bronze,43,Lagos,4.5,0,0
R05187,2024-10-16,Bronze,25,Cairo,4.3,0,0
R05188,2024-07-15,Silver,54,Lagos,3.7,0,0
R05189,2023-11-24,Silver,37,Cairo,4.3,0,0
R05190,2023-09-17,Gold,33,Lagos,4.4,1,1
R05191,2023-08-20,Bronze,45,Lagos,4.7,0,0
R05192,2025-03-10,Bronze,42,Nairobi,5.0,0,0
R05193,2024-06-15,Silver,55,Lagos,4.7,0,0
R05194,2025-02-28,Bronze,29,Cairo,4.2,0,1
R05195,2024-08-23,Bronze,40,Cairo,5.0,0,1
R05196,2023-10-19,Silver,43,Lagos,4.2,0,1
R05197,2024-02-21,Platinum,40,Nairobi,4.4,1,1
R05198,2023-10-09,Gold,21,Nairobi,4.4,0,0
R05199,2023-12-21,Bronze,23,Lagos,4.4,0,0
R05200,2023-08-30,Bronze,36,Lagos,4.3,0,0
R05201,2024-03-08,Bronze,28,Nairobi,4.9,0,0
R05202,2024-07-12,Bronze,26,Lagos,4.7,0,0
R05203,2023-12-21,Bronze,33,Cairo,4.5,0,1
R05204,2024-02-11,Silver,51,Cairo,5.0,0,0
R05205,2024-02-28,Gold,34,Lagos,4.6,0,1
R05206,2024-08-16,Bronze,27,Lagos,3.8,1,1
R05207,2023-09-20,Bronze,38,Nairobi,4.3,0,0
R05208,2024-02-26,Silver,26,Nairobi,4.1,0,0
R05209,2024-07-12,Gold,39,Nairobi,4.5,1,0
R05210,2024-07-22,Bronze,33,Lagos,4.3,0,0
R05211,2023-10-24,Bronze,40,Nairobi,4.8,1,1
R05212,2025-01-19,Bronze,39,Nairobi,4.4,0,0
R05213,2024-05-26,Bronze,40,Lagos,4.9,0,1
R05214,2024-10-11,Silver,30,Lagos,4.8,0,0
R05215,2024-05-29,Silver,27,Nairobi,4.6,0,0
R05216,2023-07-08,Silver,39,Cairo,4.7,0,1
R05217,2024-07-13,Bronze,39,Nairobi,4.8,0,0
R05218,2025-02-26,Bronze,29,Nairobi,3.5,0,0
R05219,2024-03-06,Silver,32,Nairobi,4.5,0,0
R05220,2024-11-01,Bronze,29,Nairobi,4.7,0,1
R05221,2025-01-23,Silver,26,Nairobi,5.0,0,0
R05222,2024-11-27,Bronze,31,Lagos,5.0,0,0
R05223,2023-06-21,Bronze,30,Lagos,5.0,0,0
R05224,2023-09-30,Silver,44,Cairo,5.0,0,0
R05225,2025-01-26,Bronze,41,Lagos,5.0,0,0
R05226,2024-09-25,Bronze,30,Cairo,4.2,0,0
R05227,2024-06-14,Bronze,59,Lagos,4.9,0,0
R05228,2023-12-11,Silver,25,Cairo,4.9,0,0
R05229,2024-01-22,Bronze,26,Cairo,4.8,1,1
R05230,2024-05-26,Bronze,21,Nairobi,3.8,0,1
R05231,2024-03-26,Bronze,25,Nairobi,5.0,0,0
R05232,2024-10-31,Bronze,34,Nairobi,4.9,0,1
R05233,2024-11-30,Bronze,40,Lagos,4.5,0,0
R05234,2023-06-14,Silver,27,Cairo,4.5,0,1
R05235,2024-10-02,Silver,56,Lagos,5.0,0,1
R05236,2024-07-17,Platinum,18,Nairobi,4.6,0,0
R05237,2023-12-16,Bronze,35,Nairobi,4.6,0,0
R05238,2025-02-15,Bronze,29,Cairo,5.0,0,0
R05239,2024-08-10,Bronze,37,Nairobi,3.9,0,0
R05240,2023-07-11,Gold,39,Nairobi,4.1,0,1
R05241,2025-02-21,Bronze,22,Nairobi,3.9,0,0
R05242,2024-01-03,Bronze,27,Lagos,4.9,0,1
R05243,2024-10-10,Bronze,34,Lagos,4.8,0,0
R05244,2024-09-26,Silver,36,Lagos,3.8,0,0
R05245,2024-08-26,Silver,19,Cairo,4.7,0,0
R05246,2025-02-04,Bronze,54,Cairo,5.0,0,0
R05247,2024-05-01,Silver,44,Lagos,3.7,0,0
R05248,2023-05-02,Gold,41,Nairobi,4.6,0,0
R05249,2024-02-06,Silver,47,Lagos,4.2,0,0
R05250,2025-02-02,Silver,39,Nairobi,4.8,0,0
R05251,2023-05-01,Bronze,45,Cairo,4.6,0,0
R05252,2023-10-14,Bronze,18,Lagos,5.0,0,1
R05253,2023-09-13,Bronze,33,Nairobi,4.7,0,0
R05254,2023-08-09,Silver,46,Nairobi,4.9,0,1
R05255,2024-02-18,Gold,44,Lagos,4.7,0,0
R05256,2024-08-18,Silver,27,Cairo,4.9,0,0
R05257,2024-11-18,Bronze,36,Lagos,4.8,0,0
R05258,2023-08-28,Bronze,36,Nairobi,5.0,0,1
R05259,2025-01-25,Bronze,31,Lagos,4.8,0,0
R05260,2025-02-17,Gold,33,Lagos,4.7,1,0
R05261,2025-01-13,Gold,29,Lagos,3.6,1,0
R05262,2025-03-10,Bronze,47,Lagos,4.2,0,1
R05263,2023-05-23,Bronze,44,Lagos,4.8,0,0
R05264,2024-04-03,Silver,32,Nairobi,4.4,0,0
R05265,2025-01-30,Silver,18,Cairo,4.4,0,0
R05266,2024-10-25,Bronze,28,Cairo,4.0,1,1
R05267,2024-07-21,Gold,40,Lagos,4.2,0,1
R05268,2024-12-21,Bronze,48,Lagos,4.5,0,1
R05269,2024-08-17,Bronze,35,Lagos,4.6,0,0
R05270,2023-07-21,Bronze,42,Nairobi,4.4,0,1
R05271,2024-04-13,Bronze,35,Nairobi,4.8,0,1
R05272,2024-04-02,Platinum,39,Cairo,4.4,0,1
R05273,2023-12-18,Bronze,30,Cairo,4.2,0,0
R05274,2024-03-26,Bronze,53,Lagos,2.9,0,0
R05275,2023-07-03,Bronze,25,Nairobi,4.0,0,0
R05276,2023-05-09,Bronze,30,Nairobi,4.5,0,0
R05277,2024-01-25,Gold,28,Cairo,4.9,0,0
R05278,2024-05-29,Gold,51,Cairo,4.2,0,0
R05279,2024-09-13,Bronze,18,Nairobi,4.5,0,0
R05280,2024-08-03,Bronze,39,Cairo,4.0,0,0
R05281,2024-03-27,Gold,40,Cairo,4.6,1,0
R05282,2023-06-17,Bronze,29,Nairobi,3.8,0,1
R05283,2024-06-11,Bronze,46,Lagos,4.9,0,0
R05284,2023-11-21,Silver,19,Lagos,4.6,0,0
R05285,2023-08-06,Bronze,18,Cairo,4.6,0,1
R05286,2024-05-24,Bronze,33,Nairobi,4.9,0,1
R05287,2024-08-13,Bronze,41,Cairo,4.6,0,0
R05288,2024-07-20,Bronze,43,Nairobi,4.6,0,0
R05289,2025-03-13,Bronze,34,Lagos,4.4,0,1
R05290,2024-11-17,Gold,29,Nairobi,4.6,0,1
R05291,2023-08-03,Silver,47,Nairobi,4.8,0,0
R05292,2023-05-17,Bronze,31,Nairobi,4.2,0,0
R05293,2025-04-05,Bronze,41,Cairo,4.2,0,0
R05294,2024-05-20,Bronze,25,Lagos,3.4,0,1
R05295,2023-11-23,Bronze,50,Lagos,5.0,0,0
R05296,2024-04-21,Bronze,41,Cairo,4.3,1,0
R05297,2024-11-21,Bronze,40,Lagos,4.8,0,0
R05298,2024-03-28,Silver,33,Cairo,4.5,0,0
R05299,2025-04-16,Bronze,24,Cairo,4.8,0,1
R05300,2024-04-04,Gold,45,Cairo,3.8,0,1
R05301,2025-04-09,Bronze,45,Nairobi,5.0,0,0
R05302,2024-04-20,Silver,42,Lagos,4.7,1,0
R05303,2023-05-10,Bronze,21,Lagos,4.6,1,0
R05304,2024-04-02,Bronze,35,Cairo,4.4,0,0
R05305,2024-01-27,Gold,38,Cairo,4.2,0,0
R05306,2024-07-14,Silver,28,Cairo,4.4,0,1
R05307,2023-11-15,Bronze,23,Lagos,4.8,0,0
R05308,2023-09-27,Silver,46,Nairobi,4.6,0,0
R05309,2024-08-16,Bronze,55,Cairo,4.4,0,1
R05310,2024-03-22,Platinum,20,Cairo,4.1,0,0
R05311,2024-09-21,Bronze,38,Nairobi,4.5,0,1
R05312,2025-03-05,Bronze,36,Nairobi,4.4,0,1
R05313,2023-09-09,Bronze,42,Lagos,4.9,1,0
R05314,2023-10-17,Gold,35,Lagos,4.0,0,0
R05315,2023-06-29,Bronze,28,Lagos,5.0,1,1
R05316,2025-04-03,Bronze,31,Cairo,4.4,0,0
R05317,2024-02-13,Bronze,35,Cairo,4.2,0,1
R05318,2024-08-01,Bronze,18,Lagos,4.3,0,1
R05319,2023-04-29,Silver,47,Nairobi,4.1,0,0
R05320,2023-12-20,Silver,40,Nairobi,4.8,0,0
R05321,2023-06-27,Bronze,49,Nairobi,5.0,0,0
R05322,2024-09-19,Bronze,35,Cairo,4.0,0,1
R05323,2023-12-02,Bronze,40,Cairo,4.8,0,1
R05324,2024-02-07,Bronze,22,Cairo,4.9,0,0
R05325,2023-08-18,Platinum,39,Cairo,5.0,0,0
R05326,2024-01-17,Silver,43,Cairo,3.5,0,0
R05327,2024-10-16,Silver,50,Nairobi,4.6,0,0
R05328,2025-04-14,Bronze,51,Lagos,4.1,0,1
R05329,2025-01-30,Bronze,41,Lagos,4.5,0,0
R05330,2025-04-05,Bronze,18,Nairobi,4.3,0,1
R05331,2024-01-07,Silver,37,Lagos,3.3,1,0
R05332,2023-09-14,Gold,51,Lagos,4.6,0,0
R05333,2024-06-21,Silver,25,Lagos,4.4,0,1
R05334,2023-07-05,Bronze,47,Lagos,5.0,0,1
R05335,2025-03-09,Bronze,47,Nairobi,4.1,0,0
R05336,2024-09-26,Bronze,38,Nairobi,4.6,0,1
R05337,2024-06-10,Silver,18,Cairo,4.0,0,0
R05338,2024-12-13,Bronze,32,Nairobi,4.7,0,1
R05339,2024-05-12,Gold,30,Lagos,4.1,0,0
R05340,2025-03-31,Bronze,28,Nairobi,4.8,0,0
R05341,2024-06-04,Silver,30,Lagos,4.9,0,0
R05342,2023-06-19,Bronze,20,Cairo,4.9,1,1
R05343,2025-03-25,Bronze,42,Cairo,4.0,0,0
R05344,2024-05-16,Bronze,44,Nairobi,4.6,0,0
R05345,2023-11-02,Bronze,41,Lagos,3.8,0,0
R05346,2023-11-29,Bronze,36,Lagos,3.9,0,0
R05347,2024-07-13,Bronze,27,Cairo,3.9,0,0
R05348,2024-10-31,Bronze,49,Lagos,4.5,0,0
R05349,2024-07-10,Silver,39,Cairo,4.6,0,0
R05350,2025-03-28,Bronze,31,Cairo,4.2,0,1
R05351,2025-04-11,Platinum,30,Cairo,3.8,0,0
R05352,2023-10-24,Bronze,38,Nairobi,3.8,0,0
R05353,2024-08-06,Gold,44,Cairo,5.0,1,0
R05354,2023-05-14,Bronze,41,Nairobi,4.2,0,0
R05355,2025-03-19,Bronze,39,Nairobi,5.0,0,0
R05356,2023-12-07,Bronze,26,Nairobi,3.8,0,0
R05357,2024-02-14,Gold,29,Lagos,4.0,1,1
R05358,2024-07-12,Gold,43,Cairo,5.0,0,0
R05359,2024-12-03,Silver,20,Cairo,5.0,0,0
R05360,2023-09-27,Bronze,42,Nairobi,4.1,0,0
R05361,2024-12-05,Gold,26,Lagos,4.8,0,0
R05362,2023-12-12,Bronze,20,Nairobi,3.9,0,1
R05363,2025-02-23,Bronze,43,Nairobi,4.2,0,0
R05364,2024-01-10,Bronze,31,Nairobi,4.4,0,0
R05365,2023-09-10,Silver,50,Lagos,4.0,0,0
R05366,2023-08-15,Silver,47,Nairobi,4.2,0,0
R05367,2024-08-22,Bronze,18,Lagos,4.0,0,0
R05368,2024-07-04,Gold,30,Lagos,4.7,0,0
R05369,2023-07-27,Bronze,34,Lagos,4.7,1,1
R05370,2024-02-24,Platinum,19,Nairobi,4.6,0,1
R05371,2025-03-22,Gold,27,Cairo,4.0,0,0
R05372,2024-09-06,Bronze,44,Nairobi,4.6,0,0
R05373,2025-02-12,Bronze,37,Lagos,5.0,0,0
R05374,2025-04-21,Bronze,40,Cairo,4.5,0,1
R05375,2023-09-14,Bronze,29,Cairo,4.2,1,0
R05376,2024-02-04,Gold,35,Nairobi,4.3,1,0
R05377,2023-11-21,Bronze,25,Cairo,4.4,0,0
R05378,2023-09-25,Bronze,40,Lagos,4.6,0,0
R05379,2023-12-22,Bronze,43,Lagos,5.0,0,1
R05380,2025-04-10,Bronze,29,Cairo,5.0,0,0
R05381,2025-01-17,Bronze,44,Lagos,3.7,0,0
R05382,2024-12-24,Silver,52,Nairobi,4.5,0,0
R05383,2023-11-06,Bronze,41,Cairo,3.9,0,0
R05384,2024-01-19,Silver,50,Nairobi,5.0,0,1
R05385,2023-11-21,Silver,44,Cairo,3.7,0,1
R05386,2023-06-25,Bronze,33,Lagos,5.0,0,0
R05387,2025-02-17,Bronze,21,Nairobi,5.0,0,0
R05388,2024-05-09,Bronze,18,Lagos,4.1,0,1
R05389,2025-01-21,Bronze,34,Nairobi,4.4,0,0
R05390,2025-01-31,Silver,45,Cairo,4.4,0,0
R05391,2024-11-19,Platinum,49,Nairobi,4.8,0,0
R05392,2024-07-16,Bronze,32,Cairo,4.1,0,0
R05393,2024-09-26,Silver,22,Nairobi,5.0,0,1
R05394,2024-12-19,Bronze,38,Nairobi,5.0,0,1
R05395,2023-11-23,Bronze,36,Lagos,5.0,0,1
R05396,2024-03-17,Gold,28,Lagos,4.8,0,1
R05397,2024-06-27,Silver,48,Lagos,5.0,0,0
R05398,2024-06-07,Bronze,40,Lagos,4.3,0,0
R05399,2024-06-14,Bronze,22,Lagos,5.0,0,0
R05400,2024-03-13,Bronze,49,Nairobi,4.3,0,0
R05401,2024-05-31,Platinum,53,Cairo,4.7,0,0
R05402,2024-07-20,Bronze,18,Nairobi,4.7,0,1
R05403,2025-02-28,Gold,41,Lagos,5.0,0,0
R05404,2024-12-25,Bronze,20,Cairo,4.2,0,1
R05405,2024-02-28,Gold,25,Lagos,4.3,1,0
R05406,2023-12-12,Bronze,30,Lagos,4.8,0,0
R05407,2023-12-24,Bronze,21,Nairobi,4.4,0,0
R05408,2024-05-20,Bronze,41,Lagos,4.2,0,0
R05409,2024-12-19,Bronze,38,Nairobi,5.0,0,0
R05410,2024-08-22,Silver,58,Nairobi,4.8,0,0
R05411,2023-09-25,Platinum,32,Lagos,3.7,0,0
R05412,2024-05-20,Gold,32,Cairo,4.6,0,0
R05413,2024-04-16,Gold,33,Nairobi,3.7,0,0
R05414,2025-01-20,Bronze,68,Nairobi,4.5,0,0
R05415,2025-01-01,Bronze,29,Nairobi,4.0,0,0
R05416,2025-02-13,Bronze,29,Nairobi,4.2,0,1
R05417,2024-01-14,Bronze,52,Lagos,4.1,0,0
R05418,2025-02-20,Silver,48,Lagos,4.5,0,1
R05419,2024-09-22,Bronze,47,Nairobi,4.6,0,0
R05420,2024-12-13,Bronze,29,Nairobi,4.5,0,0
R05421,2024-05-28,Bronze,36,Lagos,4.0,1,0
R05422,2024-02-08,Bronze,29,Cairo,4.1,0,0
R05423,2023-11-11,Bronze,37,Lagos,4.6,0,0
R05424,2025-04-25,Bronze,27,Cairo,4.3,0,1
R05425,2023-11-14,Gold,37,Lagos,3.9,0,0
R05426,2024-02-05,Silver,34,Cairo,3.9,0,1
R05427,2023-05-05,Bronze,39,Lagos,5.0,0,0
R05428,2023-12-29,Bronze,20,Nairobi,3.6,0,0
R05429,2025-01-13,Bronze,48,Lagos,4.0,0,0
R05430,2023-06-02,Silver,53,Lagos,4.3,0,0
R05431,2024-10-09,Bronze,20,Cairo,5.0,0,1
R05432,2023-06-02,Silver,25,Cairo,4.6,0,1
R05433,2025-02-15,Bronze,32,Lagos,4.4,0,0
R05434,2023-06-14,Silver,20,Lagos,4.3,0,0
R05435,2024-01-07,Silver,39,Lagos,4.8,0,0
R05436,2024-04-18,Bronze,35,Lagos,4.3,1,0
R05437,2025-04-26,Bronze,56,Nairobi,4.1,0,1
R05438,2023-08-14,Bronze,35,Cairo,4.5,0,0
R05439,2023-11-13,Bronze,38,Cairo,4.6,0,0
R05440,2025-04-15,Bronze,28,Lagos,4.8,0,1
R05441,2024-01-09,Bronze,27,Cairo,4.3,0,1
R05442,2023-12-24,Gold,25,Nairobi,4.4,0,0
R05443,2024-12-03,Bronze,30,Cairo,4.8,1,0
R05444,2023-12-28,Silver,37,Nairobi,4.5,0,0
R05445,2024-10-28,Bronze,34,Cairo,4.7,0,1
R05446,2024-07-23,Platinum,31,Cairo,4.0,0,1
R05447,2024-01-25,Bronze,36,Nairobi,4.0,0,0
R05448,2023-08-17,Bronze,40,Lagos,4.2,0,0
R05449,2024-11-21,Platinum,43,Lagos,4.2,0,1
R05450,2024-10-19,Silver,25,Lagos,4.5,0,0
R05451,2023-12-07,Bronze,36,Nairobi,4.3,1,1
R05452,2023-12-27,Silver,37,Lagos,3.7,0,1
R05453,2023-06-21,Silver,25,Nairobi,5.0,1,1
R05454,2024-11-23,Bronze,31,Lagos,4.2,0,0
R05455,2025-03-01,Gold,49,Nairobi,4.6,0,0
R05456,2024-07-04,Silver,29,Cairo,4.6,0,0
R05457,2024-01-27,Bronze,33,Nairobi,5.0,0,1
R05458,2024-10-11,Gold,24,Nairobi,4.3,0,0
R05459,2024-01-23,Bronze,24,Cairo,5.0,0,0
R05460,2025-01-21,Platinum,25,Nairobi,4.2,0,0
R05461,2024-06-17,Bronze,44,Nairobi,5.0,0,0
R05462,2024-11-20,Bronze,33,Nairobi,4.1,1,1
R05463,2025-01-11,Platinum,51,Cairo,5.0,0,0
R05464,2024-11-30,Silver,29,Cairo,3.4,0,1
R05465,2025-03-08,Bronze,46,Cairo,4.8,0,0
R05466,2023-09-23,Bronze,29,Nairobi,4.6,0,0
R05467,2024-10-04,Bronze,30,Nairobi,4.2,0,0
R05468,2024-10-13,Bronze,22,Lagos,4.1,0,0
R05469,2024-07-07,Gold,47,Lagos,3.2,0,1
R05470,2024-07-23,Platinum,49,Nairobi,5.0,1,0
R05471,2024-08-05,Gold,23,Cairo,4.2,0,0
R05472,2024-04-23,Gold,31,Nairobi,3.8,0,0
R05473,2023-05-02,Bronze,35,Lagos,4.4,0,0
R05474,2023-07-29,Bronze,33,Cairo,4.4,0,1
R05475,2024-06-14,Bronze,37,Nairobi,5.0,0,0
R05476,2024-02-11,Platinum,37,Cairo,4.5,1,1
R05477,2024-07-29,Bronze,52,Lagos,4.6,0,1
R05478,2023-11-13,Bronze,52,Cairo,4.0,0,0
R05479,2024-01-14,Bronze,36,Lagos,4.4,0,0
R05480,2023-06-23,Bronze,37,Cairo,5.0,0,1
R05481,2023-08-06,Silver,41,Lagos,4.9,0,0
R05482,2024-01-13,Silver,26,Lagos,3.9,0,0
R05483,2023-06-06,Bronze,19,Cairo,3.9,0,0
R05484,2024-03-12,Silver,43,Lagos,4.2,1,1
R05485,2024-11-26,Bronze,21,Lagos,4.0,0,0
R05486,2024-08-22,Gold,39,Nairobi,4.9,0,1
R05487,2023-07-24,Bronze,18,Cairo,4.3,1,0
R05488,2025-02-08,Bronze,35,Cairo,4.2,0,1
R05489,2023-07-01,Bronze,55,Nairobi,4.1,0,0
R05490,2024-08-03,Bronze,26,Lagos,4.9,0,1
R05491,2023-12-31,Bronze,47,Cairo,4.4,0,0
R05492,2024-01-26,Bronze,32,Lagos,4.3,0,0
R05493,2024-03-07,Bronze,48,Nairobi,4.3,0,0
R05494,2023-10-04,Bronze,39,Lagos,5.0,0,0
R05495,2023-12-26,Bronze,34,Cairo,4.7,0,1
R05496,2023-11-07,Bronze,28,Lagos,3.9,0,0
R05497,2025-03-29,Bronze,27,Lagos,4.4,1,0
R05498,2024-03-24,Gold,32,Nairobi,4.8,0,0
R05499,2024-02-15,Silver,25,Nairobi,4.6,0,0
R05500,2024-09-26,Bronze,37,Lagos,4.9,0,1
R05501,2024-03-03,Silver,33,Nairobi,4.8,0,0
R05502,2024-12-18,Silver,34,Nairobi,3.9,0,0
R05503,2025-03-24,Silver,39,Nairobi,4.5,0,0
R05504,2023-05-10,Silver,33,Lagos,5.0,0,0
R05505,2024-06-27,Silver,21,Cairo,4.2,1,0
R05506,2024-02-25,Silver,37,Cairo,4.6,0,0
R05507,2024-06-14,Gold,40,Cairo,4.6,0,0
R05508,2025-03-20,Bronze,35,Lagos,4.9,0,0
R05509,2024-08-28,Gold,34,Cairo,4.6,0,0
R05510,2024-02-02,Bronze,38,Nairobi,4.7,0,0
R05511,2024-03-21,Bronze,29,Lagos,4.7,0,0
R05512,2024-02-26,Bronze,28,Nairobi,4.8,0,1
R05513,2024-03-20,Bronze,30,Nairobi,4.4,0,1
R05514,2024-02-17,Bronze,34,Lagos,4.3,0,0
R05515,2024-09-20,Bronze,33,Lagos,5.0,0,0
R05516,2024-10-25,Bronze,28,Nairobi,4.4,0,0
R05517,2024-01-23,Gold,36,Cairo,4.4,0,1
R05518,2024-11-25,Bronze,36,Cairo,4.2,0,1
R05519,2023-08-25,Bronze,36,Lagos,4.5,1,0
R05520,2025-01-13,Bronze,40,Lagos,3.9,0,1
R05521,2025-02-22,Bronze,23,Nairobi,5.0,0,0
R05522,2023-07-23,Bronze,33,Nairobi,4.3,0,0
R05523,2024-01-06,Bronze,38,Nairobi,4.4,0,0
R05524,2024-09-09,Bronze,49,Nairobi,4.2,0,0
R05525,2024-08-13,Bronze,29,Lagos,5.0,0,1
R05526,2024-07-03,Silver,18,Cairo,4.5,0,0
R05527,2025-04-12,Bronze,35,Nairobi,4.9,1,1
R05528,2023-08-23,Platinum,53,Cairo,4.7,0,0
R05529,2023-04-30,Bronze,43,Lagos,4.8,0,0
R05530,2024-12-02,Bronze,25,Nairobi,5.0,0,0
R05531,2024-04-22,Silver,30,Lagos,4.9,0,0
R05532,2024-08-31,Bronze,35,Cairo,4.5,0,0
R05533,2024-06-29,Bronze,47,Nairobi,3.4,0,0
R05534,2024-03-28,Bronze,54,Cairo,4.9,0,0
R05535,2024-10-08,Silver,32,Nairobi,4.5,0,0
R05536,2025-01-10,Bronze,25,Lagos,4.7,0,0
R05537,2024-12-31,Gold,29,Lagos,5.0,0,1
R05538,2023-12-16,Bronze,29,Cairo,4.1,0,0
R05539,2024-05-18,Silver,29,Lagos,4.8,1,1
R05540,2023-10-09,Bronze,31,Lagos,4.9,0,0
R05541,2023-10-23,Bronze,33,Cairo,3.5,1,1
R05542,2025-04-04,Bronze,34,Cairo,4.8,0,0
R05543,2025-02-27,Gold,27,Cairo,3.0,0,0
R05544,2024-08-19,Platinum,43,Cairo,5.0,1,0
R05545,2024-05-27,Gold,32,Cairo,4.1,1,0
R05546,2024-01-07,Silver,40,Cairo,4.0,0,0
R05547,2023-07-13,Bronze,40,Lagos,3.8,0,0
R05548,2023-05-01,Silver,35,Nairobi,4.7,0,0
R05549,2024-04-11,Bronze,31,Lagos,5.0,0,0
R05550,2023-11-07,Silver,44,Lagos,5.0,0,0
R05551,2024-12-02,Bronze,45,Nairobi,5.0,0,1
R05552,2025-03-15,Platinum,31,Nairobi,4.5,0,1
R05553,2023-07-25,Silver,25,Lagos,5.0,0,1
R05554,2024-02-27,Silver,28,Cairo,3.8,0,1
R05555,2025-01-16,Bronze,43,Cairo,4.8,0,0
R05556,2024-10-04,Silver,52,Cairo,4.2,0,1
R05557,2024-05-21,Bronze,40,Lagos,4.0,0,0
R05558,2023-12-09,Platinum,49,Nairobi,4.5,0,0
R05559,2025-01-16,Gold,26,Cairo,4.0,0,0
R05560,2024-09-06,Bronze,40,Lagos,5.0,0,0
R05561,2024-07-11,Gold,22,Nairobi,4.3,0,0
R05562,2023-10-08,Bronze,43,Cairo,5.0,0,0
R05563,2023-07-17,Bronze,18,Cairo,4.6,1,1
R05564,2024-01-03,Platinum,18,Lagos,5.0,0,1
R05565,2023-09-12,Bronze,45,Cairo,5.0,0,0
R05566,2024-01-23,Bronze,19,Lagos,4.5,1,0
R05567,2023-10-31,Gold,37,Cairo,4.2,0,0
R05568,2024-08-14,Gold,25,Nairobi,4.0,0,1
R05569,2024-10-04,Bronze,29,Lagos,4.1,0,0
R05570,2025-04-03,Silver,24,Cairo,5.0,1,1
R05571,2023-10-02,Silver,36,Nairobi,4.4,0,0
R05572,2023-10-12,Silver,32,Lagos,5.0,0,1
R05573,2023-12-28,Gold,43,Lagos,3.5,0,0
R05574,2024-08-09,Bronze,26,Nairobi,3.9,1,0
R05575,2025-02-05,Bronze,41,Nairobi,4.3,1,0
R05576,2024-12-25,Bronze,56,Lagos,4.7,1,0
R05577,2023-09-10,Bronze,34,Lagos,3.8,0,0
R05578,2023-12-06,Bronze,50,Cairo,4.1,0,0
R05579,2024-06-11,Bronze,46,Lagos,3.8,0,1
R05580,2024-09-06,Bronze,39,Cairo,3.8,0,0
R05581,2024-06-02,Platinum,45,Lagos,4.6,0,0
R05582,2024-07-05,Gold,46,Lagos,5.0,0,0
R05583,2023-12-04,Bronze,46,Lagos,4.5,0,0
R05584,2024-07-11,Silver,43,Lagos,4.0,1,1
R05585,2024-07-22,Bronze,37,Cairo,4.7,0,0
R05586,2024-07-21,Bronze,54,Cairo,4.6,0,0
R05587,2023-05-28,Bronze,42,Lagos,3.4,0,0
R05588,2024-02-20,Silver,34,Lagos,5.0,0,1
R05589,2023-06-15,Silver,30,Nairobi,4.6,0,0
R05590,2024-05-17,Silver,18,Cairo,4.5,0,0
R05591,2023-06-17,Bronze,34,Cairo,3.6,0,0
R05592,2023-09-05,Bronze,47,Cairo,4.9,0,0
R05593,2024-06-19,Silver,39,Lagos,3.9,0,0
R05594,2023-08-25,Silver,28,Lagos,5.0,0,0
R05595,2023-08-09,Bronze,33,Lagos,4.2,1,0
R05596,2025-03-06,Bronze,29,Nairobi,4.4,0,1
R05597,2024-06-28,Bronze,29,Nairobi,4.7,0,0
R05598,2024-08-09,Bronze,30,Lagos,3.7,0,0
R05599,2025-02-26,Gold,34,Cairo,4.1,0,0
R05600,2024-06-05,Silver,55,Lagos,4.8,0,0
R05601,2025-02-22,Silver,27,Nairobi,4.2,0,0
R05602,2023-05-09,Silver,26,Lagos,4.1,0,0
R05603,2023-12-07,Gold,52,Nairobi,4.7,0,1
R05604,2023-08-06,Platinum,23,Cairo,4.4,0,0
R05605,2023-08-23,Bronze,19,Cairo,5.0,0,0
R05606,2025-01-25,Bronze,55,Nairobi,4.1,0,0
R05607,2023-11-02,Bronze,38,Cairo,3.9,1,1
R05608,2024-05-05,Bronze,50,Cairo,4.0,0,1
R05609,2023-09-28,Bronze,29,Cairo,5.0,0,1
R05610,2024-08-30,Silver,31,Cairo,4.9,0,1
R05611,2024-04-04,Silver,21,Cairo,4.2,0,0
R05612,2023-05-17,Silver,33,Cairo,4.8,0,0
R05613,2024-02-05,Bronze,31,Lagos,5.0,0,0
R05614,2024-02-09,Bronze,23,Nairobi,4.2,1,1
R05615,2024-09-21,Silver,29,Nairobi,3.9,0,0
R05616,2025-03-09,Bronze,51,Nairobi,4.9,1,0
R05617,2025-04-15,Silver,29,Lagos,5.0,0,1
R05618,2023-07-28,Silver,31,Cairo,3.3,1,0
R05619,2024-02-09,Silver,45,Lagos,4.7,0,0
R05620,2024-05-23,Gold,25,Nairobi,3.8,0,0
R05621,2024-01-16,Bronze,41,Cairo,5.0,0,0
R05622,2024-11-19,Bronze,34,Cairo,4.6,0,0
R05623,2024-10-26,Silver,37,Nairobi,4.2,1,0
R05624,2024-02-26,Silver,44,Lagos,4.8,0,1
R05625,2024-04-15,Gold,18,Nairobi,4.2,0,1
R05626,2025-03-12,Gold,18,Nairobi,5.0,0,0
R05627,2024-11-07,Bronze,50,Lagos,4.3,0,1
R05628,2024-05-23,Platinum,22,Nairobi,5.0,0,0
R05629,2023-09-14,Bronze,28,Nairobi,4.8,0,0
R05630,2024-09-05,Bronze,40,Lagos,4.5,0,0
R05631,2024-03-25,Bronze,42,Cairo,3.9,0,0
R05632,2025-02-12,Bronze,37,Lagos,4.5,0,1
R05633,2024-10-12,Bronze,47,Lagos,4.7,0,0
R05634,2024-12-22,Silver,43,Cairo,4.6,0,1
R05635,2024-11-01,Bronze,33,Cairo,5.0,0,0
R05636,2023-07-07,Bronze,31,Nairobi,5.0,0,0
R05637,2024-08-22,Bronze,50,Lagos,4.5,0,0
R05638,2024-07-09,Bronze,22,Lagos,4.8,0,1
R05639,2024-11-14,Silver,53,Nairobi,4.7,0,0
R05640,2025-01-03,Bronze,41,Lagos,4.6,0,0
R05641,2025-02-10,Bronze,28,Nairobi,5.0,0,0
R05642,2023-07-26,Bronze,43,Nairobi,4.7,0,1
R05643,2023-10-03,Silver,40,Nairobi,5.0,0,1
R05644,2024-11-02,Bronze,33,Lagos,3.9,0,1
R05645,2024-09-15,Bronze,19,Cairo,4.2,0,1
R05646,2023-11-26,Gold,27,Lagos,4.4,0,0
R05647,2023-11-07,Bronze,45,Nairobi,3.5,0,1
R05648,2023-06-02,Bronze,26,Cairo,4.7,0,1
R05649,2025-02-16,Silver,27,Nairobi,4.1,1,1
R05650,2024-07-05,Silver,38,Lagos,5.0,1,1
R05651,2023-12-05,Bronze,18,Cairo,4.1,0,1
R05652,2023-10-22,Bronze,53,Cairo,4.3,0,0
R05653,2023-10-06,Gold,38,Cairo,3.5,0,0
R05654,2024-02-09,Silver,31,Lagos,4.5,0,1
R05655,2025-02-07,Gold,40,Cairo,4.5,0,0
R05656,2023-11-14,Silver,46,Lagos,4.9,1,0
R05657,2023-11-29,Bronze,51,Nairobi,5.0,0,0
R05658,2024-05-16,Bronze,40,Nairobi,5.0,0,1
R05659,2023-08-19,Bronze,36,Nairobi,5.0,0,0
R05660,2023-12-07,Bronze,18,Cairo,3.9,0,0
R05661,2023-06-07,Bronze,50,Lagos,5.0,0,0
R05662,2023-08-17,Gold,37,Nairobi,4.4,1,0
R05663,2023-12-31,Silver,43,Nairobi,5.0,0,1
R05664,2024-10-24,Bronze,45,Cairo,4.9,0,0
R05665,2024-04-24,Bronze,35,Lagos,4.3,0,0
R05666,2023-12-15,Silver,35,Lagos,4.7,0,0
R05667,2023-11-10,Gold,20,Cairo,4.3,0,1
R05668,2024-01-19,Bronze,26,Nairobi,5.0,0,0
R05669,2025-03-08,Silver,46,Cairo,4.5,0,0
R05670,2023-12-01,Bronze,35,Cairo,4.6,0,0
R05671,2024-12-05,Bronze,33,Lagos,5.0,0,0
R05672,2024-06-16,Bronze,29,Nairobi,3.7,0,0
R05673,2024-11-17,Bronze,35,Lagos,4.8,0,0
R05674,2025-04-24,Bronze,28,Nairobi,4.8,0,0
R05675,2024-05-14,Silver,20,Cairo,5.0,1,0
R05676,2024-08-16,Bronze,49,Lagos,4.8,0,1
R05677,2024-03-18,Bronze,35,Cairo,4.0,0,0
R05678,2024-06-03,Bronze,49,Nairobi,5.0,0,0
R05679,2024-12-19,Bronze,35,Lagos,4.3,0,0
R05680,2024-05-27,Bronze,32,Cairo,5.0,0,1
R05681,2023-10-15,Silver,36,Cairo,4.7,0,0
R05682,2024-12-31,Bronze,39,Nairobi,4.6,1,0
R05683,2024-03-21,Bronze,31,Nairobi,3.8,0,0
R05684,2023-10-13,Gold,18,Cairo,3.9,0,1
R05685,2024-05-21,Bronze,37,Nairobi,3.8,0,0
R05686,2023-07-30,Bronze,32,Lagos,4.6,0,0
R05687,2024-07-15,Bronze,44,Lagos,4.3,0,0
R05688,2024-10-12,Bronze,48,Nairobi,4.6,0,0
R05689,2023-10-05,Bronze,25,Nairobi,4.9,0,0
R05690,2024-04-18,Bronze,37,Lagos,5.0,0,0
R05691,2025-02-28,Bronze,43,Lagos,3.7,0,0
R05692,2024-02-15,Platinum,33,Cairo,4.3,0,0
R05693,2023-11-10,Bronze,45,Nairobi,4.3,0,0
R05694,2025-04-07,Bronze,23,Lagos,4.7,0,0
R05695,2024-11-26,Silver,25,Lagos,4.0,0,0
R05696,2023-09-09,Gold,18,Nairobi,4.7,0,0
R05697,2023-06-28,Silver,31,Cairo,5.0,0,0
R05698,2024-05-16,Bronze,37,Nairobi,3.8,0,0
R05699,2024-09-01,Bronze,30,Nairobi,5.0,0,1
R05700,2024-10-15,Silver,22,Lagos,5.0,0,0
R05701,2025-03-12,Bronze,30,Lagos,4.5,0,0
R05702,2023-08-22,Bronze,40,Nairobi,5.0,0,0
R05703,2024-03-16,Silver,33,Nairobi,4.5,0,0
R05704,2024-10-31,Bronze,25,Cairo,4.1,0,0
R05705,2024-09-13,Bronze,23,Lagos,4.1,0,0
R05706,2024-10-27,Bronze,42,Nairobi,4.9,0,0
R05707,2025-01-17,Platinum,18,Lagos,4.2,0,1
R05708,2024-11-28,Gold,39,Lagos,4.9,0,1
R05709,2024-11-28,Bronze,44,Nairobi,4.0,0,1
R05710,2025-03-19,Silver,51,Cairo,4.4,0,0
R05711,2023-10-07,Bronze,38,Nairobi,4.5,0,0
R05712,2024-12-06,Bronze,23,Cairo,3.9,0,0
R05713,2024-03-24,Bronze,18,Lagos,4.7,0,0
R05714,2025-03-19,Bronze,41,Nairobi,4.5,1,0
R05715,2023-09-07,Bronze,30,Nairobi,3.8,0,0
R05716,2024-12-02,Bronze,24,Nairobi,5.0,1,0
R05717,2024-01-03,Gold,19,Cairo,4.1,0,0
R05718,2024-12-10,Gold,38,Cairo,5.0,0,1
R05719,2023-05-31,Bronze,44,Lagos,3.9,0,0
R05720,2024-01-25,Silver,44,Cairo,4.6,0,0
R05721,2024-08-08,Bronze,19,Cairo,4.4,0,0
R05722,2024-08-30,Silver,46,Lagos,4.5,0,0
R05723,2024-07-06,Bronze,37,Cairo,4.7,0,0
R05724,2023-08-23,Bronze,25,Lagos,4.8,0,1
R05725,2023-09-09,Bronze,36,Cairo,4.8,0,0
R05726,2023-10-01,Gold,23,Lagos,4.4,0,0
R05727,2025-02-28,Bronze,18,Lagos,4.8,0,0
R05728,2024-02-07,Gold,37,Nairobi,4.4,0,1
R05729,2024-09-06,Gold,44,Cairo,4.7,0,0
R05730,2024-03-22,Silver,36,Lagos,4.8,0,0
R05731,2023-06-11,Bronze,35,Cairo,5.0,0,0
R05732,2023-06-18,Bronze,34,Nairobi,3.6,0,0
R05733,2024-03-25,Bronze,43,Nairobi,4.0,0,1
R05734,2023-07-17,Bronze,36,Nairobi,4.1,0,0
R05735,2024-09-28,Bronze,56,Nairobi,5.0,0,0
R05736,2024-04-17,Bronze,37,Nairobi,4.9,0,0
R05737,2024-02-07,Platinum,43,Cairo,4.5,0,1
R05738,2024-02-12,Bronze,41,Cairo,3.9,0,1
R05739,2024-08-06,Bronze,56,Nairobi,4.7,0,0
R05740,2023-11-09,Bronze,20,Nairobi,4.5,1,1
R05741,2023-05-11,Bronze,39,Cairo,4.6,0,1
R05742,2023-10-13,Bronze,49,Cairo,4.7,0,1
R05743,2024-09-07,Bronze,43,Lagos,5.0,0,0
R05744,2023-06-25,Bronze,33,Cairo,3.7,0,0
R05745,2024-12-30,Silver,40,Nairobi,4.1,0,1
R05746,2023-12-26,Silver,41,Lagos,5.0,0,1
R05747,2023-08-16,Platinum,37,Nairobi,4.9,0,0
R05748,2024-12-25,Gold,46,Nairobi,4.2,0,0
R05749,2024-11-02,Bronze,30,Lagos,5.0,0,1
R05750,2024-06-14,Bronze,35,Nairobi,5.0,0,0
R05751,2023-10-30,Bronze,40,Cairo,4.1,0,1
R05752,2024-01-04,Bronze,43,Lagos,4.7,1,1
R05753,2023-10-08,Silver,42,Cairo,4.4,1,0
R05754,2025-03-05,Gold,22,Cairo,4.3,0,0
R05755,2023-08-16,Silver,42,Nairobi,4.1,0,1
R05756,2024-01-03,Bronze,26,Nairobi,4.1,0,0
R05757,2024-07-17,Bronze,34,Cairo,3.7,0,1
R05758,2023-11-09,Gold,18,Lagos,5.0,1,0
R05759,2023-09-25,Bronze,34,Lagos,4.6,0,0
R05760,2025-01-26,Bronze,18,Cairo,4.3,0,0
R05761,2025-01-11,Bronze,42,Cairo,4.2,0,0
R05762,2024-12-01,Bronze,38,Cairo,3.3,0,0
R05763,2024-05-22,Bronze,36,Lagos,5.0,0,1
R05764,2024-12-14,Bronze,26,Lagos,4.1,0,0
R05765,2024-10-24,Silver,28,Lagos,5.0,0,0
R05766,2023-11-28,Bronze,53,Lagos,5.0,1,1
R05767,2025-02-05,Bronze,34,Lagos,4.9,1,0
R05768,2024-09-24,Bronze,42,Cairo,4.0,1,0
R05769,2023-10-13,Bronze,43,Nairobi,4.3,0,1
R05770,2025-03-20,Platinum,40,Nairobi,4.6,0,0
R05771,2024-11-02,Bronze,41,Cairo,4.5,0,0
R05772,2023-10-24,Silver,18,Cairo,4.8,0,1
R05773,2025-04-15,Bronze,43,Lagos,3.9,0,0
R05774,2024-12-27,Bronze,28,Nairobi,4.2,0,0
R05775,2025-04-11,Bronze,18,Nairobi,4.3,0,0
R05776,2024-01-10,Bronze,29,Nairobi,4.5,0,1
R05777,2023-09-23,Bronze,44,Cairo,4.8,0,0
R05778,2024-04-20,Silver,55,Nairobi,4.2,1,0
R05779,2023-09-22,Gold,25,Lagos,4.7,0,0
R05780,2023-10-26,Bronze,39,Lagos,4.3,0,0
R05781,2025-02-17,Bronze,47,Nairobi,3.9,0,1
R05782,2024-08-04,Bronze,37,Lagos,4.6,0,0
R05783,2023-06-27,Bronze,34,Nairobi,3.2,0,0
R05784,2024-12-24,Gold,40,Lagos,5.0,0,1
R05785,2023-12-27,Gold,20,Cairo,4.6,0,1
R05786,2023-10-06,Bronze,39,Nairobi,4.1,0,0
R05787,2024-12-04,Bronze,45,Nairobi,4.5,1,0
R05788,2024-10-01,Bronze,39,Lagos,4.3,1,0
R05789,2024-08-02,Gold,40,Nairobi,4.6,1,1
R05790,2023-12-18,Silver,35,Nairobi,5.0,0,0
R05791,2024-11-20,Silver,34,Nairobi,4.3,0,1
R05792,2023-07-02,Bronze,36,Nairobi,4.4,0,0
R05793,2024-11-20,Gold,18,Nairobi,4.6,0,0
R05794,2023-05-07,Gold,42,Lagos,5.0,0,0
R05795,2023-09-05,Bronze,26,Nairobi,4.7,0,1
R05796,2024-07-21,Silver,18,Cairo,3.5,0,0
R05797,2023-07-20,Bronze,29,Nairobi,4.7,0,0
R05798,2023-06-22,Bronze,42,Nairobi,4.0,0,0
R05799,2025-03-25,Silver,39,Lagos,4.0,0,0
R05800,2023-09-15,Bronze,36,Nairobi,4.3,0,0
R05801,2024-02-16,Gold,46,Nairobi,3.5,0,1
R05802,2024-03-11,Bronze,38,Cairo,4.8,0,0
R05803,2024-08-02,Bronze,49,Nairobi,4.0,0,0
R05804,2024-08-17,Bronze,45,Lagos,4.4,0,1
R05805,2025-04-04,Silver,44,Lagos,4.1,0,1
R05806,2024-11-27,Bronze,24,Nairobi,4.7,0,0
R05807,2024-09-02,Silver,34,Nairobi,4.9,0,0
R05808,2023-09-30,Bronze,30,Cairo,3.8,0,0
R05809,2025-04-01,Bronze,50,Nairobi,4.2,0,1
R05810,2023-08-14,Bronze,30,Cairo,5.0,0,0
R05811,2023-09-21,Bronze,52,Lagos,4.4,0,1
R05812,2023-07-16,Bronze,43,Cairo,4.6,0,0
R05813,2024-07-14,Gold,18,Lagos,3.4,0,1
R05814,2025-03-18,Bronze,46,Nairobi,4.6,0,1
R05815,2024-09-30,Silver,42,Cairo,4.0,0,0
R05816,2024-12-16,Gold,43,Nairobi,4.4,0,1
R05817,2024-08-27,Silver,19,Lagos,4.1,0,0
R05818,2024-05-18,Gold,36,Nairobi,4.9,0,0
R05819,2025-01-31,Silver,28,Nairobi,4.2,0,0
R05820,2024-01-05,Gold,23,Cairo,4.6,0,0
R05821,2024-02-27,Bronze,33,Nairobi,4.7,0,0
R05822,2025-02-05,Bronze,32,Nairobi,5.0,0,0
R05823,2024-05-28,Bronze,35,Lagos,4.9,0,0
R05824,2024-01-09,Bronze,41,Nairobi,4.1,0,0
R05825,2024-12-12,Gold,36,Nairobi,3.5,0,1
R05826,2025-02-01,Bronze,33,Lagos,4.3,0,0
R05827,2024-01-21,Gold,25,Cairo,4.2,0,0
R05828,2023-09-16,Bronze,45,Cairo,5.0,1,1
R05829,2023-10-30,Platinum,55,Lagos,4.7,0,0
R05830,2024-02-03,Silver,25,Cairo,3.8,0,0
R05831,2025-03-13,Bronze,21,Lagos,4.4,0,1
R05832,2024-09-22,Silver,41,Lagos,5.0,0,0
R05833,2024-02-18,Bronze,42,Lagos,3.9,0,0
R05834,2023-09-06,Bronze,26,Lagos,4.4,0,0
R05835,2024-09-17,Platinum,36,Lagos,4.9,0,0
R05836,2024-01-23,Gold,27,Cairo,4.2,0,1
R05837,2024-02-07,Silver,29,Lagos,4.2,0,1
R05838,2024-06-13,Silver,42,Nairobi,4.6,0,1
R05839,2024-01-10,Silver,28,Lagos,4.2,0,0
R05840,2024-12-19,Bronze,21,Cairo,4.8,0,1
R05841,2024-06-26,Bronze,30,Cairo,4.9,0,0
R05842,2023-12-02,Silver,41,Lagos,4.6,0,1
R05843,2024-12-19,Gold,41,Lagos,4.8,0,1
R05844,2023-09-07,Bronze,35,Nairobi,4.4,0,1
R05845,2024-03-24,Gold,42,Nairobi,3.8,0,0
R05846,2023-12-11,Bronze,31,Cairo,4.9,0,0
R05847,2024-01-03,Bronze,42,Nairobi,4.6,0,0
R05848,2024-08-26,Bronze,34,Cairo,4.8,0,1
R05849,2024-06-09,Bronze,43,Nairobi,4.1,0,1
R05850,2024-05-20,Bronze,24,Nairobi,4.7,0,1
R05851,2024-05-06,Silver,36,Nairobi,3.8,1,0
R05852,2024-03-03,Silver,29,Nairobi,5.0,1,1
R05853,2024-04-18,Bronze,32,Lagos,4.7,0,0
R05854,2024-08-22,Platinum,33,Nairobi,4.4,1,0
R05855,2024-10-30,Silver,43,Lagos,4.5,0,0
R05856,2023-10-10,Bronze,42,Lagos,4.2,0,1
R05857,2025-03-20,Bronze,28,Nairobi,4.2,1,0
R05858,2024-09-25,Bronze,28,Cairo,4.6,0,0
R05859,2023-08-22,Silver,32,Cairo,4.6,0,1
R05860,2024-07-28,Silver,25,Lagos,4.3,0,1
R05861,2025-01-12,Silver,34,Cairo,3.6,0,0
R05862,2023-08-28,Bronze,35,Nairobi,4.4,0,1
R05863,2024-08-13,Bronze,41,Lagos,3.8,0,1
R05864,2024-05-23,Bronze,39,Cairo,4.9,0,0
R05865,2024-10-02,Bronze,25,Lagos,4.2,0,1
R05866,2024-09-03,Bronze,42,Lagos,4.6,0,0
R05867,2024-06-22,Silver,32,Lagos,4.3,0,1
R05868,2023-12-09,Bronze,34,Nairobi,4.9,0,0
R05869,2025-03-07,Bronze,18,Lagos,4.1,0,0
R05870,2023-07-06,Bronze,35,Cairo,3.9,0,0
R05871,2024-05-21,Bronze,37,Cairo,3.9,0,0
R05872,2023-11-21,Silver,43,Nairobi,4.1,0,0
R05873,2024-09-13,Bronze,48,Cairo,5.0,0,0
R05874,2024-11-25,Bronze,32,Nairobi,5.0,0,1
R05875,2025-01-08,Bronze,30,Cairo,4.7,0,0
R05876,2025-02-03,Bronze,41,Lagos,4.5,0,0
R05877,2025-04-07,Bronze,37,Nairobi,3.3,0,1
R05878,2023-05-22,Silver,27,Nairobi,3.4,0,0
R05879,2023-10-03,Gold,34,Lagos,3.6,0,0
R05880,2024-01-07,Bronze,19,Nairobi,4.4,0,0
R05881,2024-06-15,Bronze,62,Cairo,4.5,0,0
R05882,2024-06-21,Bronze,35,Lagos,5.0,0,0
R05883,2024-07-23,Platinum,31,Cairo,5.0,0,0
R05884,2024-03-22,Bronze,29,Lagos,4.8,0,0
R05885,2023-08-14,Bronze,44,Cairo,4.7,0,0
R05886,2024-07-23,Bronze,51,Cairo,3.5,0,0
R05887,2024-07-26,Bronze,44,Cairo,4.4,0,0
R05888,2024-08-11,Silver,41,Cairo,4.2,0,0
R05889,2024-04-27,Bronze,26,Lagos,4.6,1,0
R05890,2024-08-19,Silver,44,Lagos,5.0,0,1
R05891,2024-02-27,Bronze,18,Lagos,4.9,0,0
R05892,2025-02-28,Silver,50,Lagos,4.3,0,1
R05893,2024-04-26,Silver,44,Lagos,4.8,0,1
R05894,2025-02-12,Bronze,43,Cairo,5.0,0,0
R05895,2025-01-03,Silver,42,Cairo,5.0,0,0
R05896,2023-06-23,Silver,31,Cairo,4.8,0,0
R05897,2023-09-05,Silver,27,Cairo,4.2,0,0
R05898,2023-04-28,Gold,25,Cairo,5.0,0,1
R05899,2023-09-13,Bronze,34,Cairo,5.0,0,0
R05900,2024-01-16,Silver,42,Nairobi,3.8,1,1
R05901,2023-06-04,Silver,38,Lagos,5.0,0,0
R05902,2023-10-24,Bronze,27,Lagos,5.0,0,0
R05903,2023-10-23,Silver,35,Cairo,4.2,1,0
R05904,2024-08-04,Platinum,57,Nairobi,4.6,0,0
R05905,2023-12-06,Bronze,38,Lagos,4.5,0,0
R05906,2023-09-19,Bronze,25,Nairobi,4.1,0,0
R05907,2023-05-24,Bronze,36,Cairo,5.0,0,0
R05908,2023-07-29,Bronze,37,Nairobi,4.7,0,0
R05909,2025-01-28,Gold,28,Lagos,4.6,0,1
R05910,2023-08-12,Silver,37,Lagos,4.8,0,0
R05911,2023-06-16,Bronze,41,Cairo,5.0,0,0
R05912,2024-01-20,Bronze,37,Lagos,3.9,0,0
R05913,2025-01-12,Bronze,18,Cairo,4.0,0,1
R05914,2024-09-13,Bronze,35,Lagos,4.3,0,0
R05915,2025-01-27,Bronze,31,Nairobi,5.0,0,1
R05916,2023-10-11,Bronze,34,Lagos,3.6,0,1
R05917,2024-05-07,Silver,42,Lagos,4.2,1,0
R05918,2023-10-27,Gold,46,Nairobi,5.0,0,0
R05919,2024-06-26,Bronze,50,Nairobi,4.8,0,1
R05920,2024-04-04,Bronze,36,Nairobi,5.0,0,0
R05921,2024-11-19,Bronze,34,Cairo,5.0,0,0
R05922,2024-11-20,Bronze,35,Cairo,4.7,0,0
R05923,2023-08-16,Bronze,34,Lagos,4.4,0,0
R05924,2024-10-28,Bronze,38,Cairo,4.2,0,0
R05925,2024-03-22,Silver,43,Cairo,5.0,0,1
R05926,2024-07-19,Gold,35,Cairo,4.8,0,0
R05927,2025-01-04,Bronze,28,Nairobi,4.3,0,1
R05928,2023-11-02,Silver,22,Lagos,4.6,0,0
R05929,2024-03-02,Bronze,42,Nairobi,5.0,0,1
R05930,2023-08-21,Silver,43,Lagos,4.7,0,0
R05931,2024-04-16,Silver,22,Nairobi,4.1,0,0
R05932,2025-04-09,Silver,30,Cairo,3.7,0,0
R05933,2025-04-20,Silver,29,Cairo,4.1,0,0
R05934,2024-09-26,Bronze,46,Nairobi,4.0,0,0
R05935,2023-09-01,Silver,23,Lagos,4.1,0,0
R05936,2023-06-26,Bronze,41,Cairo,5.0,0,0
R05937,2024-06-29,Platinum,36,Nairobi,4.5,0,1
R05938,2024-04-28,Gold,19,Nairobi,5.0,0,0
R05939,2025-02-28,Bronze,36,Cairo,4.5,0,0
R05940,2023-10-03,Bronze,29,Lagos,4.5,0,0
R05941,2024-08-18,Bronze,24,Cairo,4.5,0,0
R05942,2023-06-10,Silver,27,Lagos,5.0,0,0
R05943,2024-01-30,Bronze,43,Cairo,4.4,0,0
R05944,2024-10-19,Bronze,31,Cairo,4.3,0,0
R05945,2025-04-02,Bronze,18,Nairobi,4.8,0,1
R05946,2023-07-07,Bronze,45,Cairo,3.9,0,0
R05947,2024-12-26,Silver,31,Lagos,4.6,0,1
R05948,2023-07-26,Silver,48,Lagos,4.6,0,0
R05949,2025-04-17,Bronze,38,Cairo,5.0,0,0
R05950,2024-03-29,Silver,50,Nairobi,4.3,0,0
R05951,2023-08-13,Silver,32,Nairobi,5.0,0,1
R05952,2024-09-02,Bronze,32,Nairobi,4.1,0,0
R05953,2023-10-08,Bronze,36,Cairo,4.2,0,0
R05954,2025-04-12,Bronze,47,Nairobi,3.7,0,1
R05955,2024-07-17,Bronze,22,Cairo,3.6,1,1
R05956,2024-03-02,Bronze,25,Cairo,4.1,0,1
R05957,2025-02-05,Silver,35,Nairobi,4.6,1,1
R05958,2024-12-02,Silver,48,Cairo,4.0,0,1
R05959,2024-08-08,Bronze,36,Nairobi,4.3,0,1
R05960,2023-05-14,Silver,37,Cairo,4.8,0,0
R05961,2023-12-29,Bronze,48,Nairobi,5.0,0,0
R05962,2024-10-26,Bronze,41,Nairobi,4.1,0,1
R05963,2024-04-24,Bronze,39,Cairo,4.8,0,0
R05964,2024-05-22,Bronze,35,Nairobi,3.9,0,0
R05965,2023-10-28,Gold,38,Cairo,5.0,1,1
R05966,2023-08-22,Bronze,46,Cairo,4.5,1,0
R05967,2025-03-25,Bronze,20,Cairo,4.7,0,0
R05968,2024-11-15,Bronze,43,Lagos,4.8,0,0
R05969,2023-09-27,Gold,43,Lagos,4.3,0,0
R05970,2024-01-14,Gold,35,Cairo,4.4,0,0
R05971,2025-03-26,Bronze,51,Nairobi,3.6,0,0
R05972,2023-08-18,Bronze,40,Cairo,4.7,1,0
R05973,2023-09-24,Gold,37,Lagos,4.2,0,0
R05974,2024-12-04,Gold,18,Nairobi,4.4,0,0
R05975,2023-09-18,Platinum,44,Nairobi,3.3,0,0
R05976,2023-10-20,Bronze,31,Cairo,4.2,0,0
R05977,2023-08-13,Bronze,36,Cairo,4.7,0,0
R05978,2024-11-20,Bronze,24,Nairobi,4.4,0,0
R05979,2023-09-01,Bronze,43,Cairo,5.0,0,1
R05980,2024-11-10,Silver,29,Lagos,4.4,0,1
R05981,2023-06-08,Bronze,26,Nairobi,3.4,0,0
R05982,2023-08-15,Gold,45,Lagos,4.2,0,1
R05983,2024-05-09,Bronze,30,Cairo,3.8,0,0
R05984,2024-10-26,Silver,50,Lagos,5.0,0,0
R05985,2024-06-24,Bronze,42,Nairobi,5.0,0,0
R05986,2023-09-08,Silver,23,Nairobi,4.5,0,1
R05987,2024-07-27,Bronze,28,Cairo,4.0,0,0
R05988,2024-03-17,Platinum,44,Cairo,4.5,0,1
R05989,2023-10-06,Bronze,37,Nairobi,4.3,0,0
R05990,2024-07-28,Platinum,23,Nairobi,3.9,1,0
R05991,2024-07-17,Silver,56,Lagos,5.0,1,0
R05992,2024-08-29,Bronze,28,Lagos,4.1,1,1
R05993,2023-07-19,Bronze,25,Cairo,3.8,0,0
R05994,2024-09-08,Bronze,50,Cairo,4.3,0,0
R05995,2024-05-16,Silver,23,Cairo,4.4,0,0
R05996,2024-05-17,Bronze,39,Nairobi,3.9,1,0
R05997,2024-07-01,Silver,43,Lagos,4.1,0,1
R05998,2024-01-09,Silver,45,Cairo,4.8,1,0
R05999,2025-01-26,Bronze,18,Nairobi,4.1,0,0
R06000,2024-05-10,Silver,42,Cairo,5.0,0,0
R06001,2023-09-28,Gold,28,Cairo,4.2,0,1
R06002,2023-07-02,Bronze,32,Nairobi,4.5,0,1
R06003,2024-07-11,Silver,34,Lagos,4.2,0,0
R06004,2025-03-27,Silver,35,Nairobi,3.7,0,1
R06005,2023-11-11,Platinum,32,Nairobi,3.8,0,0
R06006,2024-04-17,Silver,46,Nairobi,5.0,0,0
R06007,2024-02-21,Bronze,47,Cairo,4.8,0,0
R06008,2024-01-03,Silver,25,Cairo,3.4,0,0
R06009,2024-07-01,Bronze,35,Cairo,4.1,0,0
R06010,2023-10-15,Gold,42,Cairo,4.5,0,1
R06011,2023-08-03,Bronze,23,Nairobi,4.2,1,0
R06012,2024-04-24,Bronze,44,Lagos,3.7,0,1
R06013,2023-05-12,Bronze,34,Nairobi,5.0,0,1
R06014,2023-12-04,Bronze,26,Nairobi,4.1,0,0
R06015,2024-04-11,Gold,22,Cairo,5.0,0,0
R06016,2024-06-19,Bronze,37,Cairo,4.1,0,0
R06017,2024-02-19,Bronze,24,Cairo,3.8,0,0
R06018,2023-06-13,Silver,42,Lagos,4.9,0,0
R06019,2023-10-10,Bronze,40,Nairobi,4.6,0,1
R06020,2024-11-01,Platinum,55,Nairobi,4.7,1,1
R06021,2023-12-14,Bronze,22,Cairo,5.0,0,1
R06022,2024-09-05,Bronze,18,Nairobi,4.6,0,0
R06023,2023-12-23,Bronze,29,Cairo,3.9,0,1
R06024,2024-07-16,Bronze,42,Cairo,4.9,0,0
R06025,2023-09-13,Silver,51,Lagos,3.6,1,1
R06026,2024-03-06,Bronze,30,Nairobi,3.6,0,0
R06027,2023-08-12,Bronze,38,Cairo,5.0,0,0
R06028,2024-04-02,Bronze,26,Cairo,4.1,0,1
R06029,2023-06-05,Bronze,33,Cairo,5.0,0,1
R06030,2024-08-15,Bronze,44,Nairobi,4.6,0,0
R06031,2024-12-09,Bronze,18,Cairo,4.7,0,0
R06032,2024-09-11,Gold,30,Cairo,5.0,0,1
R06033,2023-08-03,Bronze,36,Nairobi,3.7,0,0
R06034,2025-02-18,Silver,23,Cairo,4.8,0,0
R06035,2025-01-19,Silver,38,Lagos,4.1,0,0
R06036,2023-06-06,Silver,25,Lagos,4.6,0,0
R06037,2023-10-18,Bronze,30,Nairobi,4.2,0,1
R06038,2024-10-21,Bronze,43,Nairobi,4.7,1,0
R06039,2023-11-06,Bronze,34,Lagos,5.0,1,0
R06040,2023-12-30,Bronze,42,Nairobi,4.2,1,0
R06041,2023-11-16,Silver,30,Cairo,4.7,0,0
R06042,2023-12-19,Bronze,42,Nairobi,5.0,1,0
R06043,2024-01-28,Silver,33,Nairobi,4.4,1,0
R06044,2023-05-27,Bronze,44,Nairobi,4.3,1,1
R06045,2023-11-06,Gold,21,Cairo,5.0,1,0
R06046,2024-03-08,Bronze,51,Nairobi,4.8,0,0
R06047,2023-08-29,Bronze,48,Nairobi,4.2,0,1
R06048,2024-06-22,Silver,55,Lagos,4.5,0,0
R06049,2023-06-13,Bronze,29,Cairo,4.7,0,0
R06050,2023-08-23,Bronze,32,Nairobi,4.8,0,0
R06051,2025-01-21,Bronze,18,Nairobi,4.5,0,1
R06052,2024-02-07,Silver,33,Lagos,5.0,0,0
R06053,2023-11-15,Silver,45,Cairo,5.0,0,0
R06054,2023-11-03,Bronze,21,Nairobi,3.9,0,1
R06055,2023-05-11,Platinum,48,Lagos,4.8,0,0
R06056,2023-05-08,Bronze,30,Lagos,5.0,0,0
R06057,2023-06-17,Bronze,50,Nairobi,4.6,0,1
R06058,2023-05-25,Bronze,51,Lagos,4.2,0,0
R06059,2023-10-11,Bronze,36,Cairo,4.5,0,0
R06060,2024-04-25,Silver,21,Lagos,4.3,0,0
R06061,2025-02-06,Silver,45,Nairobi,3.7,0,0
R06062,2024-03-19,Bronze,24,Nairobi,3.3,0,0
R06063,2024-03-05,Bronze,27,Lagos,5.0,1,0
R06064,2023-10-14,Bronze,36,Cairo,4.7,0,0
R06065,2024-03-13,Bronze,57,Lagos,5.0,1,1
R06066,2025-01-13,Bronze,30,Nairobi,4.0,0,0
R06067,2024-07-01,Bronze,52,Lagos,4.8,0,0
R06068,2024-08-31,Silver,41,Cairo,4.8,0,0
R06069,2025-02-15,Bronze,23,Lagos,3.7,1,0
R06070,2023-10-21,Platinum,39,Cairo,4.6,0,0
R06071,2024-05-21,Bronze,48,Lagos,4.6,0,0
R06072,2023-12-02,Silver,48,Lagos,4.2,0,1
R06073,2024-12-21,Silver,25,Nairobi,5.0,0,0
R06074,2024-12-07,Bronze,38,Nairobi,4.3,0,0
R06075,2024-08-27,Bronze,44,Lagos,4.0,0,0
R06076,2023-12-09,Bronze,36,Lagos,4.7,0,0
R06077,2024-01-23,Bronze,42,Lagos,4.8,0,0
R06078,2025-01-26,Silver,30,Lagos,4.8,0,0
R06079,2024-06-27,Silver,33,Nairobi,5.0,0,0
R06080,2024-01-11,Bronze,39,Lagos,5.0,0,1
R06081,2025-04-07,Bronze,42,Cairo,4.7,1,1
R06082,2024-08-22,Bronze,35,Cairo,4.8,0,1
R06083,2023-08-17,Silver,46,Lagos,4.3,1,1
R06084,2024-04-02,Gold,43,Cairo,4.5,0,0
R06085,2024-11-25,Bronze,30,Cairo,4.8,0,0
R06086,2023-10-30,Bronze,44,Cairo,3.8,0,0
R06087,2024-02-02,Bronze,21,Cairo,4.8,1,1
R06088,2024-12-09,Bronze,45,Lagos,5.0,0,0
R06089,2024-07-18,Silver,18,Lagos,5.0,0,0
R06090,2023-05-30,Silver,35,Cairo,4.7,0,0
R06091,2024-11-22,Gold,42,Lagos,5.0,0,0
R06092,2024-07-09,Silver,62,Nairobi,4.2,0,1
R06093,2023-06-25,Bronze,35,Cairo,3.8,0,1
R06094,2023-10-30,Gold,42,Nairobi,4.6,1,0
R06095,2023-09-10,Bronze,28,Lagos,4.1,0,0
R06096,2023-11-28,Silver,36,Cairo,4.3,1,1
R06097,2024-08-21,Bronze,26,Lagos,4.8,0,1
R06098,2024-04-25,Gold,31,Lagos,4.3,0,1
R06099,2023-09-25,Silver,52,Cairo,4.9,0,1
R06100,2024-03-20,Silver,22,Nairobi,4.0,0,0
R06101,2024-01-22,Bronze,24,Nairobi,5.0,0,1
R06102,2023-07-06,Silver,27,Lagos,4.1,0,0
R06103,2024-10-03,Bronze,28,Lagos,5.0,1,0
R06104,2025-01-01,Silver,34,Nairobi,4.3,0,0
R06105,2024-12-22,Bronze,31,Lagos,4.3,0,0
R06106,2025-02-05,Gold,36,Lagos,4.9,0,0
R06107,2024-07-25,Silver,49,Nairobi,3.9,0,0
R06108,2023-10-20,Bronze,35,Nairobi,4.5,0,0
R06109,2024-04-02,Bronze,32,Lagos,4.7,0,0
R06110,2023-07-09,Silver,28,Lagos,4.5,1,1
R06111,2024-06-21,Gold,37,Cairo,3.9,0,0
R06112,2023-07-08,Silver,50,Nairobi,5.0,0,0
R06113,2024-08-16,Bronze,41,Cairo,5.0,0,0
R06114,2024-06-17,Bronze,50,Cairo,5.0,0,1
R06115,2023-07-05,Bronze,31,Lagos,4.3,0,1
R06116,2025-02-21,Bronze,27,Nairobi,3.8,0,1
R06117,2024-12-03,Bronze,52,Cairo,4.9,0,0
R06118,2023-05-02,Bronze,39,Lagos,4.8,0,0
R06119,2025-04-12,Bronze,41,Nairobi,4.2,0,0
R06120,2024-12-23,Bronze,37,Lagos,4.6,0,0
R06121,2023-07-06,Silver,46,Lagos,4.4,0,1
R06122,2024-05-04,Silver,41,Cairo,5.0,0,1
R06123,2024-08-15,Gold,29,Nairobi,5.0,1,0
R06124,2024-05-12,Bronze,19,Cairo,4.5,1,0
R06125,2024-07-15,Bronze,28,Nairobi,5.0,0,1
R06126,2023-11-10,Bronze,34,Lagos,4.8,0,0
R06127,2023-08-08,Silver,49,Lagos,4.6,1,0
R06128,2024-02-29,Bronze,32,Nairobi,4.5,0,1
R06129,2024-10-25,Silver,31,Cairo,3.4,0,1
R06130,2024-04-17,Bronze,44,Nairobi,4.7,1,0
R06131,2023-09-03,Gold,33,Cairo,4.8,0,0
R06132,2024-09-17,Bronze,18,Cairo,5.0,0,0
R06133,2024-02-23,Bronze,35,Nairobi,4.9,0,0
R06134,2024-02-22,Silver,44,Lagos,4.6,0,0
R06135,2024-04-10,Bronze,49,Nairobi,5.0,0,0
R06136,2024-01-03,Bronze,48,Nairobi,5.0,0,0
R06137,2025-01-01,Bronze,26,Cairo,4.5,0,0
R06138,2024-12-18,Bronze,38,Cairo,4.5,1,1
R06139,2024-07-12,Bronze,45,Cairo,4.7,0,0
R06140,2023-06-08,Bronze,43,Nairobi,5.0,0,1
R06141,2023-09-29,Silver,41,Nairobi,4.4,0,0
R06142,2024-05-03,Silver,44,Cairo,3.4,0,0
R06143,2024-07-28,Bronze,29,Lagos,5.0,0,0
R06144,2023-07-05,Bronze,39,Nairobi,5.0,0,0
R06145,2024-07-08,Silver,20,Nairobi,4.0,0,0
R06146,2024-08-25,Bronze,38,Nairobi,4.5,0,1
R06147,2023-06-10,Gold,33,Cairo,4.3,0,1
R06148,2024-10-19,Bronze,46,Cairo,5.0,0,0
R06149,2024-11-05,Silver,36,Lagos,4.0,1,1
R06150,2023-11-28,Bronze,51,Lagos,4.7,0,0
R06151,2024-03-16,Gold,19,Nairobi,5.0,0,0
R06152,2023-11-10,Bronze,42,Lagos,5.0,0,0
R06153,2024-09-01,Silver,28,Nairobi,4.9,0,0
R06154,2024-08-04,Platinum,35,Nairobi,3.8,0,1
R06155,2024-12-21,Bronze,39,Cairo,4.5,1,0
R06156,2023-10-14,Bronze,37,Nairobi,4.6,0,1
R06157,2023-06-11,Gold,35,Lagos,4.5,0,0
R06158,2024-09-10,Bronze,34,Lagos,4.4,0,1
R06159,2023-08-04,Silver,36,Cairo,4.7,0,0
R06160,2023-08-22,Gold,40,Cairo,4.9,0,0
R06161,2024-12-28,Silver,32,Cairo,4.5,0,0
R06162,2024-04-06,Bronze,50,Cairo,4.7,0,0
R06163,2023-10-13,Gold,30,Nairobi,3.9,0,0
R06164,2023-06-30,Bronze,19,Cairo,4.4,0,1
R06165,2025-01-31,Bronze,31,Cairo,4.2,0,1
R06166,2024-11-12,Silver,30,Cairo,5.0,0,1
R06167,2024-02-05,Silver,33,Cairo,4.6,0,1
R06168,2025-03-29,Silver,63,Nairobi,3.9,0,0
R06169,2024-12-04,Bronze,49,Nairobi,4.6,0,0
R06170,2023-06-26,Gold,36,Lagos,4.5,0,1
R06171,2023-11-12,Gold,29,Nairobi,5.0,0,1
R06172,2024-05-25,Silver,35,Nairobi,5.0,0,0
R06173,2024-06-27,Silver,23,Lagos,4.2,0,0
R06174,2023-09-29,Silver,28,Lagos,4.0,0,1
R06175,2025-03-25,Bronze,49,Lagos,4.5,0,0
R06176,2024-02-10,Gold,42,Lagos,4.0,0,0
R06177,2024-08-16,Bronze,38,Lagos,5.0,0,1
R06178,2024-10-11,Platinum,28,Lagos,3.9,0,1
R06179,2025-02-22,Bronze,34,Lagos,5.0,1,0
R06180,2023-04-28,Bronze,40,Lagos,4.9,1,1
R06181,2024-11-19,Bronze,46,Cairo,3.8,1,0
R06182,2025-03-02,Bronze,42,Lagos,4.6,0,0
R06183,2024-11-03,Silver,23,Nairobi,4.6,0,0
R06184,2024-11-28,Bronze,47,Nairobi,5.0,0,1
R06185,2023-08-16,Bronze,26,Nairobi,5.0,0,1
R06186,2025-02-12,Bronze,31,Cairo,4.1,0,0
R06187,2024-12-14,Bronze,48,Lagos,5.0,0,0
R06188,2024-06-08,Gold,50,Lagos,4.6,0,0
R06189,2023-09-30,Bronze,45,Cairo,4.7,0,0
R06190,2025-03-20,Bronze,42,Nairobi,5.0,0,0
R06191,2023-09-29,Bronze,49,Cairo,4.7,0,0
R06192,2025-04-25,Silver,40,Cairo,4.5,0,0
R06193,2024-03-07,Platinum,52,Cairo,4.5,1,0
R06194,2023-11-14,Silver,18,Lagos,4.5,0,0
R06195,2023-06-19,Bronze,33,Nairobi,4.8,1,0
R06196,2024-08-31,Bronze,31,Nairobi,5.0,0,0
R06197,2024-05-25,Bronze,37,Nairobi,4.0,0,0
R06198,2023-09-27,Bronze,18,Cairo,3.9,0,1
R06199,2025-04-23,Silver,25,Nairobi,3.1,0,0
R06200,2024-08-09,Bronze,46,Lagos,3.8,1,0
R06201,2024-09-12,Bronze,43,Cairo,4.9,0,0
R06202,2024-02-22,Platinum,48,Nairobi,4.9,0,0
R06203,2025-03-21,Bronze,28,Nairobi,4.8,0,0
R06204,2024-10-29,Bronze,35,Lagos,4.5,0,1
R06205,2023-12-30,Silver,26,Lagos,4.9,0,0
R06206,2025-02-25,Silver,41,Lagos,4.5,0,0
R06207,2024-12-31,Silver,42,Cairo,4.2,0,0
R06208,2024-11-11,Silver,36,Nairobi,4.7,0,1
R06209,2024-06-29,Silver,45,Lagos,5.0,0,1
R06210,2025-02-02,Bronze,31,Lagos,4.6,0,0
R06211,2024-10-15,Gold,52,Nairobi,4.4,0,0
R06212,2025-04-16,Bronze,25,Cairo,4.0,0,1
R06213,2024-10-27,Bronze,42,Nairobi,4.2,0,1
R06214,2024-08-27,Bronze,58,Nairobi,4.4,1,0
R06215,2025-01-31,Bronze,26,Lagos,4.1,0,1
R06216,2024-08-14,Gold,48,Cairo,4.3,0,0
R06217,2024-07-21,Bronze,18,Nairobi,4.8,0,0
R06218,2025-03-26,Bronze,32,Lagos,3.6,0,1
R06219,2024-04-13,Bronze,24,Nairobi,4.5,0,0
R06220,2023-11-15,Silver,18,Cairo,4.2,0,0
R06221,2025-02-08,Silver,36,Nairobi,5.0,0,0
R06222,2024-06-03,Bronze,28,Cairo,5.0,0,1
R06223,2024-04-30,Bronze,55,Cairo,4.1,0,1
R06224,2024-01-25,Gold,33,Nairobi,3.9,1,0
R06225,2023-12-27,Silver,32,Lagos,4.3,0,0
R06226,2023-12-30,Silver,19,Lagos,4.0,0,1
R06227,2025-03-13,Bronze,52,Cairo,4.2,0,0
R06228,2024-02-25,Bronze,31,Lagos,5.0,0,0
R06229,2024-08-06,Silver,44,Cairo,3.6,0,0
R06230,2024-04-19,Silver,46,Nairobi,4.5,1,0
R06231,2024-08-21,Gold,44,Cairo,3.8,0,1
R06232,2024-07-30,Silver,18,Cairo,4.2,1,1
R06233,2023-05-26,Silver,33,Nairobi,4.1,0,1
R06234,2023-09-20,Bronze,35,Cairo,5.0,0,0
R06235,2025-02-25,Bronze,28,Nairobi,5.0,0,0
R06236,2023-11-15,Bronze,28,Lagos,3.5,0,0
R06237,2025-03-27,Bronze,34,Cairo,4.0,0,1
R06238,2023-11-13,Bronze,31,Cairo,4.1,0,0
R06239,2024-06-05,Silver,48,Lagos,4.9,0,0
R06240,2023-11-18,Silver,22,Cairo,4.8,1,1
R06241,2023-12-02,Bronze,33,Cairo,4.0,1,0
R06242,2023-10-20,Silver,43,Lagos,4.5,0,0
R06243,2025-01-01,Silver,47,Lagos,4.8,0,1
R06244,2023-09-14,Bronze,33,Cairo,4.5,0,0
R06245,2024-05-11,Bronze,46,Cairo,4.6,0,1
R06246,2025-01-03,Bronze,41,Lagos,4.7,0,0
R06247,2023-05-15,Bronze,30,Cairo,4.8,0,1
R06248,2023-10-18,Gold,22,Lagos,4.2,0,0
R06249,2023-06-28,Silver,47,Nairobi,4.6,0,0
R06250,2024-06-27,Bronze,47,Cairo,4.9,0,0
R06251,2023-08-18,Gold,31,Nairobi,3.6,0,0
R06252,2024-05-30,Gold,37,Nairobi,4.9,0,0
R06253,2024-09-22,Silver,53,Nairobi,3.6,0,0
R06254,2025-04-01,Bronze,37,Cairo,4.3,0,0
R06255,2024-03-01,Gold,44,Nairobi,4.8,0,1
R06256,2023-09-05,Platinum,34,Nairobi,5.0,1,0
R06257,2024-04-01,Silver,27,Cairo,4.6,0,0
R06258,2025-02-02,Bronze,39,Nairobi,4.4,0,0
R06259,2024-05-22,Bronze,34,Cairo,4.6,0,0
R06260,2023-10-22,Silver,20,Lagos,4.2,0,0
R06261,2023-09-17,Gold,18,Nairobi,5.0,0,1
R06262,2024-11-24,Bronze,42,Nairobi,5.0,1,0
R06263,2023-10-13,Silver,45,Nairobi,4.8,0,1
R06264,2025-01-17,Bronze,33,Nairobi,4.4,1,0
R06265,2023-06-10,Gold,33,Nairobi,5.0,0,1
R06266,2024-09-15,Bronze,38,Cairo,3.9,0,0
R06267,2023-12-06,Bronze,30,Lagos,3.8,0,0
R06268,2024-10-29,Silver,36,Lagos,4.4,1,1
R06269,2024-02-12,Bronze,21,Cairo,4.5,0,0
R06270,2024-09-15,Bronze,40,Lagos,4.1,0,0
R06271,2023-05-04,Bronze,36,Nairobi,5.0,0,0
R06272,2024-07-31,Bronze,42,Nairobi,4.9,1,1
R06273,2025-04-09,Silver,24,Nairobi,4.2,0,0
R06274,2025-01-17,Platinum,28,Nairobi,5.0,1,0
R06275,2023-05-14,Bronze,39,Nairobi,4.8,0,1
R06276,2023-09-05,Bronze,38,Lagos,5.0,0,1
R06277,2024-03-14,Bronze,33,Nairobi,5.0,0,0
R06278,2023-08-12,Bronze,36,Lagos,5.0,0,0
R06279,2024-05-08,Bronze,26,Nairobi,5.0,0,0
R06280,2024-12-05,Bronze,18,Cairo,4.4,0,1
R06281,2023-10-21,Silver,41,Lagos,4.9,0,0
R06282,2024-03-22,Bronze,37,Cairo,4.1,1,1
R06283,2024-05-30,Bronze,25,Nairobi,4.5,0,0
R06284,2023-11-04,Bronze,49,Cairo,4.5,0,0
R06285,2024-11-05,Bronze,20,Nairobi,5.0,0,1
R06286,2025-02-28,Gold,42,Cairo,4.3,0,0
R06287,2024-11-19,Bronze,48,Cairo,3.7,0,0
R06288,2024-10-30,Bronze,26,Nairobi,4.3,0,0
R06289,2023-11-01,Bronze,49,Lagos,3.7,0,0
R06290,2024-06-03,Bronze,46,Nairobi,4.5,1,0
R06291,2024-02-17,Bronze,38,Lagos,4.7,0,0
R06292,2024-03-18,Bronze,30,Cairo,5.0,1,0
R06293,2024-11-14,Silver,27,Cairo,5.0,0,0
R06294,2024-12-26,Silver,30,Cairo,4.8,0,0
R06295,2024-11-22,Silver,40,Nairobi,3.5,0,0
R06296,2024-01-28,Bronze,39,Nairobi,4.1,1,0
R06297,2023-05-04,Bronze,22,Lagos,3.8,0,1
R06298,2023-05-02,Bronze,40,Lagos,3.8,0,0
R06299,2024-02-27,Bronze,37,Cairo,5.0,0,0
R06300,2023-11-04,Gold,40,Cairo,4.7,0,0
R06301,2024-03-01,Bronze,38,Nairobi,4.3,0,0
R06302,2024-10-18,Gold,21,Lagos,4.2,0,1
R06303,2023-09-18,Gold,32,Nairobi,3.8,0,0
R06304,2024-09-09,Bronze,38,Nairobi,5.0,0,1
R06305,2025-03-22,Bronze,45,Nairobi,4.2,0,0
R06306,2023-09-26,Bronze,18,Cairo,5.0,1,1
R06307,2023-10-23,Silver,34,Lagos,4.7,1,0
R06308,2024-06-04,Bronze,32,Nairobi,4.5,0,0
R06309,2024-06-09,Bronze,27,Cairo,5.0,1,0
R06310,2024-06-30,Bronze,38,Lagos,4.4,0,0
R06311,2024-05-25,Gold,42,Nairobi,4.9,0,0
R06312,2024-08-26,Silver,44,Lagos,4.7,0,1
R06313,2023-05-23,Platinum,39,Lagos,4.1,0,0
R06314,2025-04-04,Bronze,48,Lagos,4.0,0,0
R06315,2025-01-22,Bronze,41,Cairo,4.6,0,0
R06316,2023-11-10,Bronze,46,Lagos,4.0,0,1
R06317,2024-01-24,Bronze,45,Lagos,4.4,0,1
R06318,2025-02-20,Platinum,43,Cairo,3.6,0,0
R06319,2024-11-09,Silver,30,Nairobi,5.0,0,1
R06320,2023-10-23,Gold,20,Lagos,4.6,0,0
R06321,2025-01-31,Bronze,39,Cairo,4.8,0,1
R06322,2024-07-28,Bronze,42,Nairobi,4.8,0,0
R06323,2025-01-10,Bronze,18,Cairo,4.4,0,0
R06324,2023-08-30,Bronze,31,Lagos,5.0,0,0
R06325,2025-01-17,Bronze,41,Cairo,3.8,1,0
R06326,2023-12-20,Bronze,42,Lagos,3.8,0,1
R06327,2024-09-30,Silver,50,Cairo,5.0,0,0
R06328,2023-07-22,Bronze,25,Lagos,4.7,0,0
R06329,2024-06-11,Silver,39,Lagos,5.0,0,1
R06330,2023-10-26,Gold,36,Cairo,4.6,0,0
R06331,2024-11-15,Silver,18,Cairo,5.0,0,0
R06332,2024-11-07,Silver,53,Nairobi,4.8,0,1
R06333,2024-04-08,Bronze,30,Lagos,4.5,1,0
R06334,2023-08-23,Bronze,51,Cairo,4.0,0,0
R06335,2024-09-30,Bronze,61,Lagos,4.5,0,0
R06336,2024-02-15,Silver,40,Nairobi,4.9,0,0
R06337,2025-04-16,Bronze,35,Nairobi,4.8,0,0
R06338,2024-10-28,Gold,38,Cairo,4.7,0,0
R06339,2024-07-02,Bronze,37,Nairobi,4.1,0,0
R06340,2023-11-18,Bronze,52,Lagos,3.8,0,0
R06341,2023-06-25,Bronze,34,Cairo,4.7,0,0
R06342,2023-05-05,Platinum,36,Nairobi,3.9,0,0
R06343,2024-03-19,Silver,33,Nairobi,4.5,0,0
R06344,2024-10-02,Silver,35,Cairo,4.6,0,0
R06345,2024-07-19,Bronze,35,Cairo,4.1,0,1
R06346,2024-11-02,Silver,47,Lagos,4.4,0,0
R06347,2024-07-25,Silver,32,Lagos,4.6,0,0
R06348,2023-05-26,Silver,29,Cairo,3.5,0,1
R06349,2025-04-26,Platinum,32,Cairo,4.6,0,1
R06350,2024-08-22,Bronze,23,Nairobi,4.9,0,1
R06351,2025-01-05,Gold,35,Cairo,5.0,0,0
R06352,2023-08-09,Silver,22,Lagos,3.5,0,0
R06353,2025-01-29,Bronze,31,Lagos,5.0,0,0
R06354,2023-10-23,Bronze,53,Cairo,4.3,0,0
R06355,2025-01-21,Silver,34,Cairo,4.6,0,0
R06356,2023-05-11,Bronze,44,Lagos,4.3,0,0
R06357,2024-03-08,Bronze,35,Lagos,4.2,0,0
R06358,2024-01-05,Silver,38,Nairobi,4.9,0,0
R06359,2023-09-07,Bronze,38,Lagos,4.0,0,0
R06360,2025-01-21,Bronze,36,Cairo,4.8,0,0
R06361,2024-06-05,Bronze,37,Cairo,5.0,0,1
R06362,2023-12-10,Bronze,35,Cairo,4.2,0,0
R06363,2024-07-13,Bronze,28,Nairobi,4.7,0,0
R06364,2025-04-26,Bronze,37,Cairo,4.1,0,0
R06365,2024-07-15,Silver,29,Nairobi,4.3,0,1
R06366,2024-01-24,Bronze,52,Lagos,4.5,1,0
R06367,2025-04-24,Bronze,42,Cairo,4.4,0,0
R06368,2024-10-23,Bronze,36,Cairo,4.2,0,0
R06369,2024-09-17,Bronze,22,Cairo,5.0,0,0
R06370,2023-08-09,Bronze,38,Nairobi,4.5,0,0
R06371,2023-06-26,Bronze,39,Lagos,4.6,0,1
R06372,2023-10-18,Bronze,30,Cairo,3.3,0,0
R06373,2024-03-24,Silver,27,Lagos,3.8,1,0
R06374,2023-09-28,Silver,45,Nairobi,3.9,0,0
R06375,2023-09-09,Bronze,27,Nairobi,4.5,0,0
R06376,2024-05-09,Gold,34,Nairobi,5.0,0,1
R06377,2024-07-02,Silver,27,Lagos,5.0,0,1
R06378,2023-10-05,Silver,40,Lagos,3.6,0,0
R06379,2024-11-29,Gold,28,Nairobi,4.4,1,1
R06380,2024-02-06,Silver,18,Nairobi,4.5,0,0
R06381,2024-08-24,Bronze,49,Lagos,4.1,0,0
R06382,2023-05-24,Gold,24,Cairo,4.7,0,0
R06383,2025-02-01,Bronze,32,Lagos,4.4,0,0
R06384,2023-11-22,Bronze,29,Nairobi,4.0,0,0
R06385,2023-10-23,Bronze,22,Lagos,3.9,0,0
R06386,2023-07-06,Gold,41,Lagos,4.3,0,0
R06387,2024-03-21,Silver,34,Cairo,4.0,0,0
R06388,2024-03-06,Bronze,43,Nairobi,4.2,0,0
R06389,2025-02-11,Silver,29,Lagos,4.3,0,0
R06390,2025-02-04,Bronze,28,Lagos,4.4,0,0
R06391,2025-02-13,Bronze,20,Lagos,5.0,0,0
R06392,2023-05-24,Silver,33,Cairo,5.0,0,0
R06393,2023-06-28,Silver,43,Cairo,3.9,0,1
R06394,2025-04-15,Bronze,41,Lagos,4.5,0,0
R06395,2025-03-28,Gold,34,Cairo,4.1,0,1
R06396,2023-08-25,Bronze,32,Nairobi,4.7,0,0
R06397,2024-01-28,Silver,31,Lagos,3.6,0,0
R06398,2025-01-27,Bronze,43,Nairobi,5.0,0,1
R06399,2024-05-25,Gold,35,Lagos,4.7,0,1
R06400,2023-11-20,Gold,36,Cairo,4.5,0,0
R06401,2023-09-01,Silver,33,Nairobi,4.8,1,0
R06402,2025-04-04,Bronze,21,Lagos,4.8,0,1
R06403,2023-06-23,Bronze,46,Nairobi,5.0,0,0
R06404,2024-12-27,Gold,35,Lagos,4.0,0,0
R06405,2023-06-11,Bronze,18,Lagos,3.2,0,0
R06406,2024-12-02,Bronze,35,Cairo,3.7,0,0
R06407,2024-11-01,Bronze,54,Lagos,5.0,0,0
R06408,2025-01-06,Bronze,18,Lagos,4.2,0,1
R06409,2023-05-29,Silver,31,Lagos,3.8,0,0
R06410,2024-10-07,Silver,28,Nairobi,5.0,0,1
R06411,2024-05-02,Bronze,19,Cairo,4.2,0,0
R06412,2024-06-06,Bronze,29,Cairo,5.0,0,1
R06413,2024-04-04,Gold,18,Nairobi,3.8,0,0
R06414,2024-08-11,Bronze,50,Cairo,4.0,0,0
R06415,2023-09-11,Bronze,35,Cairo,3.9,0,1
R06416,2024-05-07,Bronze,31,Nairobi,4.6,0,0
R06417,2025-02-24,Silver,30,Lagos,4.4,0,0
R06418,2025-03-31,Silver,38,Cairo,4.6,0,0
R06419,2025-04-15,Bronze,29,Cairo,3.4,0,0
R06420,2023-09-13,Bronze,48,Lagos,4.2,0,1
R06421,2023-06-01,Bronze,23,Nairobi,3.7,1,1
R06422,2024-12-06,Silver,27,Cairo,5.0,0,0
R06423,2025-03-31,Bronze,47,Cairo,4.7,0,0
R06424,2024-08-27,Bronze,29,Cairo,4.6,0,0
R06425,2023-05-29,Gold,42,Nairobi,4.7,0,0
R06426,2024-03-10,Bronze,34,Nairobi,4.1,1,1
R06427,2023-12-18,Bronze,18,Cairo,4.9,0,0
R06428,2023-08-29,Silver,45,Cairo,4.8,0,1
R06429,2023-09-16,Silver,23,Nairobi,4.7,0,0
R06430,2023-11-29,Bronze,23,Lagos,4.7,0,1
R06431,2023-06-06,Bronze,43,Nairobi,4.2,0,0
R06432,2023-06-05,Gold,28,Nairobi,5.0,0,0
R06433,2024-07-23,Gold,42,Nairobi,4.4,0,1
R06434,2023-05-05,Bronze,49,Cairo,5.0,0,0
R06435,2024-05-15,Platinum,21,Lagos,4.8,0,0
R06436,2023-07-24,Bronze,60,Cairo,4.8,0,0
R06437,2023-07-25,Bronze,41,Cairo,5.0,1,1
R06438,2025-04-24,Bronze,53,Cairo,4.7,0,1
R06439,2025-03-19,Bronze,31,Lagos,4.7,0,0
R06440,2024-05-14,Silver,50,Cairo,3.6,0,0
R06441,2024-03-23,Bronze,43,Nairobi,4.2,0,0
R06442,2024-12-05,Bronze,31,Cairo,4.4,0,1
R06443,2024-12-21,Bronze,29,Lagos,4.7,0,0
R06444,2024-04-30,Bronze,47,Lagos,4.1,0,0
R06445,2024-08-18,Bronze,25,Cairo,4.1,0,0
R06446,2024-06-11,Gold,52,Lagos,4.2,0,0
R06447,2023-11-15,Bronze,28,Nairobi,4.8,0,0
R06448,2023-12-12,Silver,37,Cairo,4.5,0,0
R06449,2024-07-23,Silver,47,Lagos,4.3,0,0
R06450,2025-03-10,Silver,32,Nairobi,4.3,0,1
R06451,2023-10-16,Bronze,41,Nairobi,4.9,0,1
R06452,2023-07-16,Bronze,40,Lagos,5.0,0,0
R06453,2023-09-17,Bronze,25,Nairobi,4.5,0,1
R06454,2025-02-26,Gold,26,Cairo,4.0,0,0
R06455,2024-08-27,Bronze,28,Nairobi,4.2,0,0
R06456,2023-10-21,Bronze,38,Nairobi,5.0,0,1
R06457,2024-11-02,Silver,39,Lagos,4.7,0,1
R06458,2023-12-17,Silver,55,Nairobi,4.4,0,1
R06459,2023-11-01,Bronze,28,Nairobi,4.8,0,1
R06460,2023-06-01,Gold,46,Lagos,4.8,0,0
R06461,2024-02-26,Bronze,43,Nairobi,5.0,0,1
R06462,2024-08-01,Platinum,53,Nairobi,4.9,1,0
R06463,2023-08-19,Bronze,63,Cairo,4.7,1,1
R06464,2023-06-02,Bronze,32,Nairobi,4.5,0,0
R06465,2023-09-23,Bronze,41,Cairo,4.6,0,0
R06466,2023-06-17,Bronze,40,Nairobi,4.5,0,0
R06467,2024-04-26,Silver,30,Cairo,4.0,1,0
R06468,2025-03-23,Bronze,27,Lagos,4.4,0,1
R06469,2024-10-28,Bronze,24,Nairobi,4.0,0,0
R06470,2023-11-14,Silver,26,Lagos,4.6,0,0
R06471,2024-04-16,Silver,32,Cairo,4.0,1,0
R06472,2023-12-11,Silver,40,Lagos,4.1,0,1
R06473,2024-07-06,Silver,26,Nairobi,4.3,0,0
R06474,2024-04-02,Bronze,40,Nairobi,4.2,0,0
R06475,2024-03-09,Bronze,50,Nairobi,4.3,0,0
R06476,2024-06-09,Bronze,22,Nairobi,4.3,0,1
R06477,2023-09-23,Bronze,18,Nairobi,4.1,0,0
R06478,2024-12-27,Silver,35,Cairo,4.7,0,0
R06479,2023-11-25,Silver,22,Cairo,4.2,0,0
R06480,2025-02-25,Gold,57,Nairobi,4.4,0,0
R06481,2023-07-05,Bronze,37,Cairo,4.5,0,1
R06482,2025-03-29,Bronze,22,Lagos,3.8,0,1
R06483,2024-04-10,Bronze,34,Nairobi,4.2,1,0
R06484,2024-03-10,Bronze,37,Lagos,4.2,0,0
R06485,2025-01-17,Silver,34,Nairobi,4.3,0,0
R06486,2025-03-02,Bronze,40,Nairobi,4.8,0,1
R06487,2024-02-26,Bronze,22,Nairobi,5.0,0,0
R06488,2023-05-20,Silver,27,Cairo,4.9,0,1
R06489,2024-02-08,Bronze,50,Nairobi,3.8,0,0
R06490,2025-04-01,Bronze,28,Cairo,4.7,0,0
R06491,2025-03-24,Bronze,32,Lagos,4.0,1,0
R06492,2024-10-23,Silver,18,Cairo,4.6,0,0
R06493,2024-12-09,Bronze,41,Nairobi,4.5,0,0
R06494,2024-05-14,Bronze,41,Cairo,4.0,0,0
R06495,2024-12-01,Bronze,24,Cairo,4.3,0,0
R06496,2025-03-19,Bronze,39,Lagos,5.0,0,0
R06497,2024-01-16,Bronze,31,Cairo,4.3,0,0
R06498,2024-07-27,Bronze,20,Cairo,4.6,1,0
R06499,2024-11-04,Bronze,46,Lagos,4.7,0,1
R06500,2023-07-30,Bronze,36,Cairo,4.0,0,0
R06501,2024-06-18,Bronze,46,Lagos,4.3,1,1
R06502,2023-10-30,Silver,23,Cairo,4.4,0,0
R06503,2025-02-04,Silver,43,Nairobi,4.4,0,0
R06504,2023-05-01,Bronze,18,Lagos,4.3,0,0
R06505,2023-08-07,Bronze,28,Nairobi,4.2,0,1
R06506,2024-04-01,Bronze,18,Lagos,5.0,1,1
R06507,2023-08-31,Bronze,50,Nairobi,4.7,0,0
R06508,2023-12-20,Bronze,25,Cairo,4.6,0,0
R06509,2024-11-18,Bronze,24,Nairobi,4.5,0,0
R06510,2024-03-21,Gold,26,Cairo,4.2,0,0
R06511,2023-07-31,Bronze,29,Cairo,3.8,0,1
R06512,2023-08-16,Bronze,33,Nairobi,4.6,0,0
R06513,2023-07-21,Gold,21,Nairobi,4.1,0,0
R06514,2024-03-25,Bronze,35,Nairobi,4.9,0,0
R06515,2023-05-17,Bronze,41,Cairo,5.0,1,1
R06516,2024-08-12,Bronze,43,Cairo,4.0,1,1
R06517,2024-06-07,Bronze,42,Nairobi,4.0,0,1
R06518,2023-12-11,Silver,43,Lagos,4.1,0,0
R06519,2025-03-01,Bronze,57,Nairobi,4.6,0,0
R06520,2024-01-07,Bronze,18,Cairo,5.0,0,0
R06521,2025-01-02,Bronze,40,Lagos,4.0,1,0
R06522,2025-03-19,Gold,18,Nairobi,4.0,0,0
R06523,2024-07-20,Silver,47,Lagos,4.4,0,0
R06524,2024-05-09,Gold,32,Nairobi,4.8,0,0
R06525,2024-03-19,Silver,37,Cairo,4.1,0,0
R06526,2024-05-16,Bronze,34,Lagos,4.7,0,0
R06527,2025-04-25,Bronze,22,Lagos,3.6,0,1
R06528,2023-09-15,Silver,27,Nairobi,4.7,0,0
R06529,2025-04-23,Silver,39,Cairo,3.2,0,0
R06530,2023-06-12,Bronze,36,Nairobi,4.7,0,0
R06531,2023-07-30,Silver,37,Cairo,4.4,0,0
R06532,2023-05-19,Bronze,39,Lagos,4.6,0,0
R06533,2024-12-19,Silver,19,Cairo,4.4,0,1
R06534,2024-06-08,Bronze,54,Cairo,3.1,1,0
R06535,2024-06-18,Bronze,35,Cairo,4.3,0,1
R06536,2025-01-14,Bronze,45,Lagos,4.3,0,0
R06537,2024-12-17,Silver,31,Lagos,4.1,0,0
R06538,2024-04-14,Silver,33,Nairobi,4.5,0,1
R06539,2024-10-11,Bronze,19,Nairobi,4.9,1,0
R06540,2023-07-23,Bronze,29,Lagos,4.5,0,0
R06541,2024-08-25,Bronze,19,Nairobi,4.5,0,0
R06542,2024-04-04,Bronze,30,Cairo,3.9,0,0
R06543,2023-07-17,Gold,24,Lagos,4.6,0,0
R06544,2025-01-02,Gold,42,Nairobi,3.5,0,0
R06545,2024-09-18,Silver,40,Lagos,5.0,0,0
R06546,2023-11-03,Gold,30,Nairobi,4.7,0,0
R06547,2023-06-05,Gold,24,Nairobi,5.0,0,1
R06548,2023-07-20,Bronze,31,Nairobi,3.9,0,0
R06549,2024-12-28,Bronze,47,Lagos,4.3,0,0
R06550,2025-02-27,Bronze,43,Cairo,4.9,0,0
R06551,2024-04-29,Gold,30,Lagos,4.8,1,0
R06552,2025-03-02,Bronze,35,Lagos,5.0,0,1
R06553,2023-06-16,Bronze,31,Cairo,4.5,0,0
R06554,2023-05-14,Bronze,52,Cairo,4.7,0,0
R06555,2025-04-19,Bronze,34,Lagos,3.9,0,1
R06556,2024-10-27,Bronze,31,Nairobi,5.0,0,1
R06557,2024-02-14,Bronze,41,Nairobi,4.2,1,0
R06558,2024-11-14,Silver,18,Cairo,3.6,0,1
R06559,2024-01-02,Gold,18,Lagos,4.6,0,1
R06560,2023-08-04,Bronze,27,Nairobi,4.9,0,1
R06561,2023-10-19,Silver,42,Cairo,5.0,0,1
R06562,2024-11-05,Gold,41,Nairobi,3.7,0,0
R06563,2024-09-16,Bronze,36,Nairobi,4.6,1,1
R06564,2024-02-26,Bronze,41,Lagos,4.3,1,0
R06565,2024-02-04,Bronze,48,Lagos,4.1,0,0
R06566,2024-02-06,Silver,29,Nairobi,4.7,0,1
R06567,2024-05-21,Bronze,45,Nairobi,4.6,0,0
R06568,2023-10-25,Silver,18,Nairobi,4.4,0,0
R06569,2025-02-25,Gold,36,Lagos,4.5,0,1
R06570,2023-05-09,Bronze,40,Lagos,4.7,0,0
R06571,2023-09-12,Gold,29,Cairo,4.5,0,0
R06572,2024-08-12,Gold,34,Cairo,3.2,0,1
R06573,2023-10-16,Bronze,40,Lagos,4.8,0,0
R06574,2024-02-17,Silver,26,Lagos,4.8,0,1
R06575,2023-09-10,Bronze,50,Lagos,3.9,0,0
R06576,2024-10-24,Platinum,38,Lagos,4.5,0,1
R06577,2023-10-05,Bronze,58,Cairo,5.0,0,0
R06578,2023-07-30,Bronze,36,Cairo,5.0,0,0
R06579,2023-06-01,Silver,28,Cairo,4.2,0,0
R06580,2023-12-11,Bronze,51,Nairobi,4.1,0,0
R06581,2024-03-14,Silver,33,Cairo,4.6,0,0
R06582,2023-08-26,Bronze,43,Cairo,4.9,0,0
R06583,2024-02-02,Bronze,32,Nairobi,3.9,0,0
R06584,2023-06-24,Silver,36,Lagos,4.3,0,0
R06585,2025-01-20,Bronze,44,Lagos,4.5,0,0
R06586,2024-09-05,Bronze,18,Lagos,4.6,0,1
R06587,2024-01-24,Bronze,34,Nairobi,4.5,0,0
R06588,2024-02-14,Bronze,37,Cairo,5.0,0,0
R06589,2025-04-24,Bronze,18,Lagos,4.9,0,0
R06590,2025-04-05,Silver,27,Nairobi,4.5,0,0
R06591,2023-05-09,Bronze,40,Lagos,5.0,0,1
R06592,2024-11-09,Silver,43,Lagos,4.5,0,0
R06593,2024-12-29,Platinum,38,Cairo,4.7,0,1
R06594,2023-04-28,Silver,28,Lagos,5.0,0,1
R06595,2024-03-13,Bronze,39,Nairobi,4.3,1,1
R06596,2024-10-02,Bronze,53,Cairo,5.0,0,0
R06597,2023-12-19,Bronze,56,Lagos,4.4,0,0
R06598,2024-05-08,Gold,45,Lagos,5.0,0,0
R06599,2023-06-27,Bronze,64,Nairobi,4.6,0,0
R06600,2025-03-03,Bronze,36,Nairobi,4.5,0,0
R06601,2025-02-28,Gold,39,Lagos,4.4,0,1
R06602,2023-07-17,Silver,43,Lagos,4.6,0,0
R06603,2023-05-05,Bronze,58,Lagos,3.5,0,0
R06604,2024-01-03,Bronze,40,Nairobi,5.0,0,0
R06605,2023-05-30,Bronze,40,Nairobi,3.8,0,0
R06606,2023-07-03,Bronze,28,Lagos,5.0,0,0
R06607,2024-03-31,Bronze,30,Cairo,4.0,0,0
R06608,2024-10-16,Bronze,27,Lagos,5.0,0,1
R06609,2024-02-01,Bronze,35,Cairo,4.4,0,1
R06610,2024-03-17,Bronze,50,Lagos,4.8,0,0
R06611,2024-06-29,Gold,39,Lagos,4.7,0,1
R06612,2023-05-23,Bronze,41,Lagos,4.3,0,1
R06613,2024-02-05,Silver,31,Cairo,4.6,0,0
R06614,2023-10-20,Bronze,40,Lagos,4.6,0,0
R06615,2023-08-03,Bronze,32,Cairo,4.3,0,1
R06616,2024-12-29,Bronze,18,Lagos,4.9,0,0
R06617,2023-12-12,Bronze,41,Cairo,5.0,0,1
R06618,2024-09-16,Silver,59,Nairobi,4.8,0,1
R06619,2024-06-02,Bronze,47,Lagos,3.9,0,0
R06620,2024-08-27,Bronze,23,Lagos,4.3,0,0
R06621,2023-09-17,Bronze,48,Lagos,4.1,0,0
R06622,2024-06-05,Bronze,36,Nairobi,3.9,0,0
R06623,2023-07-10,Bronze,32,Nairobi,4.7,0,1
R06624,2023-07-19,Platinum,29,Cairo,4.5,0,0
R06625,2024-05-26,Silver,29,Lagos,4.6,0,1
R06626,2024-02-14,Bronze,40,Cairo,3.9,0,1
R06627,2024-08-30,Gold,39,Nairobi,4.8,1,1
R06628,2024-03-30,Platinum,27,Nairobi,4.5,0,0
R06629,2023-08-23,Bronze,32,Lagos,4.1,0,1
R06630,2025-01-03,Bronze,36,Lagos,3.5,1,0
R06631,2025-03-30,Silver,33,Nairobi,4.9,0,1
R06632,2023-07-15,Silver,33,Cairo,4.7,0,0
R06633,2025-03-25,Silver,31,Nairobi,4.6,1,0
R06634,2023-06-25,Silver,30,Nairobi,5.0,0,1
R06635,2023-05-04,Bronze,27,Nairobi,4.0,0,0
R06636,2024-10-05,Bronze,41,Lagos,4.5,0,0
R06637,2024-02-18,Bronze,20,Cairo,4.6,0,0
R06638,2024-07-20,Bronze,30,Nairobi,4.6,0,0
R06639,2023-07-18,Bronze,41,Nairobi,4.1,0,0
R06640,2023-11-01,Silver,20,Lagos,4.7,0,0
R06641,2024-01-24,Silver,55,Lagos,4.3,0,0
R06642,2024-08-29,Bronze,26,Cairo,3.9,1,0
R06643,2023-08-20,Bronze,45,Cairo,4.9,0,0
R06644,2025-04-26,Bronze,46,Nairobi,4.9,0,0
R06645,2023-12-02,Bronze,32,Lagos,4.6,0,0
R06646,2023-08-11,Gold,30,Cairo,4.9,0,0
R06647,2024-12-11,Gold,47,Cairo,4.9,0,1
R06648,2023-09-20,Platinum,40,Nairobi,3.7,0,1
R06649,2025-01-09,Silver,26,Lagos,4.4,0,0
R06650,2023-10-21,Platinum,36,Cairo,5.0,0,0
R06651,2024-03-30,Bronze,47,Cairo,4.5,0,0
R06652,2024-06-10,Bronze,54,Cairo,4.3,0,1
R06653,2023-11-29,Gold,37,Lagos,5.0,0,1
R06654,2024-10-01,Bronze,40,Nairobi,3.7,0,0
R06655,2023-05-25,Silver,26,Lagos,4.6,0,0
R06656,2023-07-12,Silver,28,Nairobi,4.3,0,0
R06657,2024-09-17,Silver,46,Nairobi,3.8,0,1
R06658,2024-05-19,Silver,47,Lagos,4.3,0,0
R06659,2024-03-22,Bronze,24,Lagos,4.8,0,1
R06660,2024-11-15,Silver,27,Cairo,4.4,0,0
R06661,2024-11-25,Bronze,53,Nairobi,4.7,0,0
R06662,2023-10-28,Bronze,50,Lagos,5.0,1,0
R06663,2024-12-22,Bronze,19,Cairo,4.2,0,0
R06664,2023-08-30,Bronze,40,Nairobi,4.4,0,0
R06665,2023-06-03,Bronze,36,Lagos,4.8,0,0
R06666,2025-01-14,Bronze,35,Cairo,5.0,0,0
R06667,2025-02-21,Bronze,36,Lagos,3.6,0,0
R06668,2023-08-30,Bronze,46,Nairobi,3.9,0,1
R06669,2024-01-13,Bronze,55,Nairobi,4.8,0,0
R06670,2024-12-14,Bronze,42,Nairobi,4.4,0,0
R06671,2024-03-30,Bronze,18,Lagos,5.0,0,0
R06672,2024-10-27,Bronze,18,Lagos,3.5,0,0
R06673,2024-08-27,Bronze,32,Nairobi,3.8,0,0
R06674,2023-10-10,Silver,27,Cairo,3.9,0,0
R06675,2024-11-15,Bronze,49,Nairobi,4.8,0,0
R06676,2024-02-25,Bronze,49,Nairobi,5.0,0,1
R06677,2023-06-01,Bronze,22,Nairobi,4.5,0,0
R06678,2023-06-28,Silver,18,Nairobi,4.9,0,0
R06679,2024-03-15,Bronze,37,Cairo,4.2,0,1
R06680,2024-06-14,Silver,43,Cairo,4.8,1,0
R06681,2023-08-03,Bronze,42,Cairo,5.0,0,0
R06682,2023-06-30,Silver,30,Cairo,5.0,0,0
R06683,2025-02-22,Bronze,41,Cairo,4.8,0,0
R06684,2024-04-13,Bronze,35,Cairo,5.0,0,0
R06685,2024-02-19,Bronze,39,Cairo,4.4,0,1
R06686,2023-11-01,Bronze,46,Nairobi,4.1,0,1
R06687,2024-01-06,Bronze,44,Lagos,4.2,1,0
R06688,2023-09-27,Silver,31,Cairo,5.0,0,0
R06689,2024-11-23,Platinum,65,Nairobi,4.2,0,1
R06690,2024-12-13,Silver,48,Cairo,3.9,0,0
R06691,2023-06-14,Silver,35,Cairo,4.7,0,0
R06692,2025-01-17,Bronze,40,Nairobi,4.2,0,0
R06693,2023-11-30,Bronze,31,Lagos,4.1,0,1
R06694,2024-10-08,Bronze,29,Cairo,4.0,0,0
R06695,2025-01-15,Gold,18,Nairobi,4.0,0,1
R06696,2023-07-01,Silver,35,Cairo,4.9,0,0
R06697,2025-04-15,Bronze,33,Cairo,3.9,0,1
R06698,2024-02-09,Bronze,40,Lagos,3.7,0,0
R06699,2024-04-15,Bronze,22,Lagos,4.9,1,0
R06700,2024-02-03,Bronze,35,Cairo,4.2,0,0
R06701,2024-12-08,Bronze,35,Lagos,4.3,0,1
R06702,2023-09-11,Bronze,19,Nairobi,4.5,1,0
R06703,2023-09-18,Gold,33,Cairo,4.1,0,0
R06704,2023-05-31,Silver,31,Nairobi,4.8,0,0
R06705,2024-05-25,Platinum,21,Nairobi,5.0,0,0
R06706,2024-10-05,Bronze,48,Lagos,3.7,0,0
R06707,2023-05-18,Bronze,38,Nairobi,3.8,1,0
R06708,2025-03-28,Bronze,38,Cairo,5.0,0,1
R06709,2024-05-02,Silver,48,Lagos,4.0,0,0
R06710,2023-05-01,Bronze,31,Cairo,4.5,0,1
R06711,2023-09-21,Bronze,21,Cairo,3.3,0,0
R06712,2024-07-18,Silver,22,Cairo,5.0,0,0
R06713,2023-09-30,Silver,28,Lagos,3.7,1,0
R06714,2023-05-15,Silver,23,Cairo,4.7,0,0
R06715,2024-07-29,Silver,53,Lagos,4.2,0,0
R06716,2025-03-13,Bronze,41,Nairobi,5.0,0,1
R06717,2024-06-30,Bronze,49,Lagos,4.6,0,0
R06718,2023-10-01,Bronze,44,Nairobi,4.0,0,0
R06719,2023-05-28,Silver,45,Lagos,3.8,0,0
R06720,2024-01-09,Bronze,26,Nairobi,5.0,0,1
R06721,2023-11-14,Silver,36,Cairo,4.2,0,0
R06722,2024-08-07,Bronze,34,Nairobi,4.1,0,0
R06723,2024-06-01,Silver,18,Nairobi,4.6,0,0
R06724,2024-10-08,Bronze,37,Nairobi,5.0,0,0
R06725,2023-06-27,Bronze,22,Cairo,5.0,1,0
R06726,2023-11-17,Bronze,20,Cairo,4.8,1,1
R06727,2023-06-25,Gold,34,Nairobi,4.0,0,0
R06728,2023-12-12,Bronze,38,Nairobi,4.4,1,1
R06729,2025-03-11,Silver,34,Lagos,4.7,0,1
R06730,2023-08-10,Bronze,18,Cairo,4.4,0,1
R06731,2024-06-01,Bronze,26,Nairobi,5.0,0,0
R06732,2023-05-18,Silver,18,Nairobi,5.0,1,1
R06733,2024-03-23,Gold,37,Lagos,4.5,0,1
R06734,2023-04-28,Bronze,48,Nairobi,4.0,0,0
R06735,2024-05-14,Bronze,27,Lagos,4.3,0,0
R06736,2024-11-04,Bronze,18,Lagos,4.0,0,0
R06737,2024-04-20,Bronze,57,Nairobi,4.9,0,0
R06738,2024-04-03,Bronze,29,Cairo,4.3,0,1
R06739,2024-08-13,Platinum,31,Nairobi,4.9,0,0
R06740,2023-09-01,Bronze,36,Cairo,4.6,0,0
R06741,2025-02-02,Silver,39,Nairobi,4.0,0,0
R06742,2025-03-30,Bronze,42,Lagos,3.7,1,0
R06743,2023-07-28,Silver,37,Cairo,5.0,1,0
R06744,2023-09-23,Bronze,35,Nairobi,4.5,0,0
R06745,2023-12-22,Silver,18,Cairo,4.4,0,0
R06746,2024-09-10,Bronze,38,Cairo,3.9,0,0
R06747,2023-05-10,Bronze,43,Cairo,4.3,0,1
R06748,2023-05-06,Bronze,37,Lagos,5.0,0,0
R06749,2024-04-27,Silver,46,Nairobi,4.9,0,0
R06750,2024-01-19,Bronze,40,Lagos,4.3,0,0
R06751,2024-06-26,Silver,36,Cairo,4.6,0,1
R06752,2023-10-01,Bronze,45,Nairobi,4.8,0,0
R06753,2023-05-25,Bronze,41,Cairo,4.1,0,0
R06754,2023-05-15,Bronze,28,Lagos,4.1,0,0
R06755,2024-01-07,Bronze,36,Cairo,5.0,0,1
R06756,2024-07-05,Bronze,46,Nairobi,4.4,0,0
R06757,2025-03-03,Bronze,18,Nairobi,5.0,0,0
R06758,2024-07-02,Bronze,52,Nairobi,3.6,0,0
R06759,2024-05-12,Bronze,28,Cairo,5.0,0,0
R06760,2024-12-23,Bronze,48,Cairo,3.7,0,1
R06761,2023-12-07,Bronze,39,Lagos,5.0,0,0
R06762,2024-07-20,Silver,39,Cairo,3.7,0,0
R06763,2023-09-30,Bronze,35,Nairobi,3.5,0,0
R06764,2024-04-05,Bronze,55,Lagos,4.5,0,1
R06765,2023-10-27,Silver,39,Lagos,3.7,0,1
R06766,2024-07-19,Bronze,31,Nairobi,4.5,1,0
R06767,2025-03-06,Bronze,35,Cairo,4.3,0,1
R06768,2024-11-19,Bronze,42,Cairo,4.6,0,0
R06769,2024-08-14,Silver,25,Nairobi,4.9,0,1
R06770,2025-02-12,Bronze,40,Cairo,4.2,0,0
R06771,2024-08-25,Bronze,35,Cairo,5.0,0,1
R06772,2024-11-13,Silver,47,Cairo,4.0,0,0
R06773,2024-12-12,Silver,34,Cairo,4.3,0,0
R06774,2024-09-20,Bronze,20,Nairobi,3.9,0,0
R06775,2025-01-19,Platinum,29,Cairo,4.3,0,1
R06776,2024-12-08,Bronze,18,Cairo,4.5,0,0
R06777,2025-01-12,Bronze,34,Nairobi,4.1,0,0
R06778,2023-09-19,Bronze,33,Lagos,4.3,0,0
R06779,2024-01-07,Bronze,54,Lagos,5.0,0,0
R06780,2024-05-23,Silver,37,Lagos,4.2,0,1
R06781,2024-12-21,Bronze,38,Nairobi,3.8,0,0
R06782,2024-02-18,Bronze,23,Cairo,5.0,1,0
R06783,2024-03-16,Bronze,39,Nairobi,4.7,0,0
R06784,2023-11-16,Bronze,48,Cairo,4.5,1,1
R06785,2024-04-01,Silver,39,Cairo,4.9,0,0
R06786,2024-10-28,Bronze,36,Cairo,5.0,0,0
R06787,2025-04-14,Gold,23,Lagos,4.5,0,0
R06788,2023-06-28,Bronze,38,Cairo,4.1,0,0
R06789,2025-01-07,Silver,33,Lagos,4.7,0,0
R06790,2024-03-26,Silver,48,Lagos,4.9,0,1
R06791,2023-06-04,Silver,45,Cairo,5.0,0,1
R06792,2023-05-02,Bronze,51,Lagos,4.9,0,0
R06793,2024-07-24,Bronze,36,Nairobi,3.9,0,0
R06794,2024-02-04,Bronze,42,Cairo,4.4,0,1
R06795,2023-12-08,Bronze,45,Nairobi,4.4,1,0
R06796,2025-02-24,Bronze,36,Cairo,4.4,0,0
R06797,2023-05-11,Silver,44,Cairo,4.8,0,0
R06798,2024-08-29,Gold,27,Nairobi,4.5,0,0
R06799,2024-03-13,Silver,19,Nairobi,4.7,0,1
R06800,2023-05-31,Bronze,25,Nairobi,4.4,1,0
R06801,2024-01-15,Bronze,36,Lagos,5.0,0,0
R06802,2025-04-14,Bronze,41,Cairo,4.7,1,0
R06803,2023-05-22,Bronze,24,Lagos,4.4,0,0
R06804,2024-11-15,Bronze,38,Cairo,4.0,0,1
R06805,2023-06-22,Bronze,27,Cairo,4.1,0,0
R06806,2024-10-12,Gold,26,Lagos,3.9,0,0
R06807,2025-02-09,Gold,41,Nairobi,5.0,0,0
R06808,2025-04-24,Bronze,30,Nairobi,3.8,0,0
R06809,2023-05-16,Bronze,29,Nairobi,4.5,0,0
R06810,2024-12-05,Gold,30,Lagos,4.0,0,0
R06811,2024-09-18,Bronze,33,Cairo,4.7,1,0
R06812,2024-11-04,Bronze,32,Cairo,5.0,0,1
R06813,2024-07-20,Bronze,33,Lagos,4.7,0,1
R06814,2023-09-14,Gold,20,Nairobi,4.8,0,1
R06815,2025-02-27,Bronze,28,Cairo,3.9,0,0
R06816,2024-12-31,Silver,29,Lagos,4.2,0,1
R06817,2025-01-20,Bronze,45,Cairo,4.9,0,0
R06818,2024-03-26,Bronze,38,Nairobi,5.0,0,0
R06819,2023-08-23,Silver,33,Lagos,3.6,0,0
R06820,2023-08-31,Bronze,23,Nairobi,4.8,0,0
R06821,2023-11-28,Bronze,53,Cairo,4.0,0,0
R06822,2025-02-13,Bronze,31,Nairobi,4.7,0,0
R06823,2024-05-09,Silver,28,Nairobi,4.3,0,1
R06824,2024-06-04,Bronze,36,Nairobi,4.6,0,0
R06825,2025-03-10,Silver,41,Cairo,4.1,0,1
R06826,2024-12-20,Silver,29,Nairobi,3.9,0,0
R06827,2024-10-02,Bronze,43,Nairobi,5.0,0,0
R06828,2024-04-20,Silver,27,Nairobi,4.7,0,0
R06829,2023-06-05,Bronze,54,Nairobi,5.0,0,0
R06830,2024-03-05,Bronze,38,Cairo,4.9,0,0
R06831,2024-08-31,Gold,46,Cairo,4.6,0,0
R06832,2024-07-26,Silver,38,Cairo,4.9,0,1
R06833,2024-07-18,Bronze,30,Lagos,4.1,0,0
R06834,2024-06-11,Bronze,37,Lagos,4.8,0,0
R06835,2024-04-09,Bronze,22,Lagos,4.5,0,0
R06836,2024-03-23,Bronze,30,Lagos,5.0,0,1
R06837,2023-09-29,Bronze,24,Cairo,4.6,0,1
R06838,2024-05-04,Silver,54,Cairo,4.0,0,0
R06839,2023-07-09,Bronze,35,Lagos,5.0,0,0
R06840,2025-02-07,Gold,18,Cairo,4.6,0,1
R06841,2024-10-20,Bronze,33,Cairo,4.1,0,1
R06842,2023-09-06,Bronze,44,Nairobi,5.0,0,1
R06843,2024-09-18,Bronze,40,Cairo,4.4,0,0
R06844,2024-02-12,Gold,29,Nairobi,5.0,0,1
R06845,2023-08-12,Bronze,48,Nairobi,4.8,0,0
R06846,2023-07-15,Gold,22,Lagos,4.2,0,0
R06847,2024-11-25,Bronze,28,Lagos,4.0,0,1
R06848,2025-01-16,Silver,26,Cairo,4.1,0,0
R06849,2023-11-12,Bronze,48,Cairo,4.9,0,0
R06850,2024-02-07,Silver,39,Lagos,4.0,0,0
R06851,2024-07-08,Platinum,24,Cairo,5.0,0,0
R06852,2024-01-08,Bronze,35,Lagos,3.9,0,0
R06853,2023-05-07,Silver,36,Cairo,4.2,0,1
R06854,2025-01-22,Bronze,28,Lagos,3.8,1,0
R06855,2025-03-03,Silver,42,Nairobi,5.0,0,1
R06856,2025-02-02,Platinum,33,Cairo,4.6,0,1
R06857,2023-08-17,Bronze,24,Cairo,4.0,1,1
R06858,2023-09-20,Bronze,31,Lagos,3.5,0,1
R06859,2024-12-22,Bronze,40,Nairobi,4.7,0,0
R06860,2025-04-26,Silver,27,Lagos,4.0,0,0
R06861,2024-12-05,Bronze,50,Nairobi,4.4,0,1
R06862,2025-03-14,Gold,28,Lagos,3.6,0,1
R06863,2024-08-29,Silver,37,Lagos,3.9,0,0
R06864,2024-01-09,Silver,41,Lagos,5.0,0,1
R06865,2023-09-21,Bronze,35,Lagos,5.0,0,1
R06866,2024-08-11,Bronze,59,Nairobi,4.9,0,1
R06867,2024-09-17,Bronze,37,Cairo,3.7,0,0
R06868,2024-09-16,Bronze,33,Lagos,4.8,0,0
R06869,2024-05-20,Silver,34,Lagos,5.0,0,1
R06870,2024-08-18,Bronze,47,Nairobi,4.9,0,0
R06871,2024-09-10,Bronze,32,Nairobi,4.6,0,1
R06872,2024-01-06,Bronze,22,Lagos,3.5,0,1
R06873,2025-03-31,Silver,35,Nairobi,4.3,1,0
R06874,2025-04-02,Bronze,43,Cairo,4.8,0,1
R06875,2024-10-26,Bronze,21,Lagos,4.3,0,1
R06876,2024-04-21,Gold,25,Cairo,4.0,1,0
R06877,2023-05-14,Bronze,20,Lagos,4.7,0,1
R06878,2024-02-24,Silver,51,Cairo,5.0,0,1
R06879,2023-07-06,Bronze,42,Cairo,4.6,0,1
R06880,2023-09-07,Silver,18,Lagos,4.4,0,1
R06881,2024-01-23,Bronze,19,Nairobi,4.4,0,0
R06882,2025-03-18,Bronze,23,Nairobi,4.9,1,1
R06883,2024-08-28,Bronze,42,Nairobi,4.4,0,0
R06884,2023-06-03,Bronze,46,Nairobi,4.7,0,0
R06885,2023-10-30,Bronze,29,Cairo,4.5,1,0
R06886,2025-01-14,Gold,19,Nairobi,3.9,0,0
R06887,2024-02-23,Bronze,29,Cairo,4.2,0,0
R06888,2024-08-20,Bronze,34,Lagos,5.0,0,0
R06889,2025-01-27,Bronze,27,Cairo,4.8,0,0
R06890,2025-01-02,Platinum,33,Nairobi,3.7,1,1
R06891,2024-04-01,Bronze,33,Lagos,4.1,1,1
R06892,2023-09-01,Bronze,40,Nairobi,5.0,1,1
R06893,2024-06-20,Bronze,30,Cairo,4.7,0,0
R06894,2024-04-23,Bronze,22,Lagos,4.1,0,1
R06895,2024-12-16,Bronze,35,Lagos,5.0,0,0
R06896,2024-09-16,Bronze,46,Cairo,4.5,0,1
R06897,2023-05-22,Bronze,33,Cairo,4.6,0,0
R06898,2024-10-28,Silver,45,Nairobi,4.1,0,0
R06899,2024-06-13,Silver,41,Lagos,5.0,0,1
R06900,2023-12-24,Gold,44,Cairo,5.0,0,0
R06901,2023-06-02,Bronze,33,Cairo,4.6,0,1
R06902,2023-09-10,Bronze,43,Cairo,4.5,0,0
R06903,2023-07-21,Bronze,24,Nairobi,3.0,0,0
R06904,2024-12-06,Bronze,38,Cairo,4.4,0,1
R06905,2024-05-22,Bronze,20,Cairo,4.5,0,0
R06906,2023-11-29,Bronze,39,Cairo,4.9,0,0
R06907,2024-10-18,Gold,18,Lagos,5.0,1,0
R06908,2023-10-09,Silver,34,Cairo,4.2,0,0
R06909,2024-07-17,Bronze,43,Nairobi,4.4,0,1
R06910,2025-04-09,Bronze,33,Nairobi,4.2,0,0
R06911,2023-09-26,Bronze,39,Lagos,4.8,0,0
R06912,2025-01-24,Bronze,37,Cairo,3.9,0,1
R06913,2023-09-07,Silver,26,Lagos,4.1,0,0
R06914,2024-11-11,Bronze,35,Nairobi,4.5,0,0
R06915,2024-01-24,Bronze,43,Cairo,4.4,1,0
R06916,2024-09-30,Bronze,22,Cairo,3.6,0,0
R06917,2024-09-21,Silver,47,Cairo,4.0,0,0
R06918,2024-05-17,Platinum,63,Cairo,4.0,0,1
R06919,2023-10-01,Bronze,63,Lagos,3.8,0,1
R06920,2025-04-19,Silver,30,Lagos,4.6,0,0
R06921,2023-07-09,Silver,33,Lagos,5.0,0,0
R06922,2025-03-21,Gold,18,Lagos,4.3,0,0
R06923,2024-07-28,Bronze,47,Lagos,4.9,0,0
R06924,2024-12-30,Bronze,37,Lagos,4.7,1,0
R06925,2024-05-10,Bronze,31,Lagos,4.6,0,1
R06926,2024-07-14,Bronze,44,Lagos,5.0,0,0
R06927,2024-09-26,Bronze,18,Cairo,4.9,0,1
R06928,2024-02-08,Bronze,49,Lagos,5.0,0,1
R06929,2025-03-28,Silver,36,Nairobi,5.0,0,0
R06930,2024-01-19,Bronze,28,Cairo,4.6,0,0
R06931,2025-04-10,Bronze,67,Cairo,4.1,0,1
R06932,2024-04-17,Bronze,28,Cairo,4.3,0,1
R06933,2024-04-10,Silver,54,Cairo,4.3,0,0
R06934,2023-06-01,Bronze,25,Cairo,4.6,0,0
R06935,2023-11-29,Silver,24,Cairo,4.3,0,0
R06936,2024-01-18,Gold,34,Nairobi,4.5,0,0
R06937,2023-10-05,Gold,18,Lagos,3.9,0,1
R06938,2024-05-24,Bronze,50,Nairobi,3.4,0,1
R06939,2024-02-18,Bronze,38,Lagos,3.7,0,0
R06940,2023-10-08,Gold,29,Cairo,3.8,0,0
R06941,2024-05-12,Bronze,25,Cairo,4.4,1,0
R06942,2025-03-28,Bronze,34,Cairo,5.0,0,0
R06943,2023-12-22,Bronze,41,Lagos,5.0,0,0
R06944,2025-01-24,Bronze,34,Cairo,5.0,0,0
R06945,2024-10-05,Gold,18,Lagos,4.6,1,0
R06946,2024-08-01,Silver,40,Cairo,4.3,0,1
R06947,2024-08-19,Bronze,27,Cairo,4.0,0,1
R06948,2023-10-28,Silver,32,Lagos,5.0,0,0
R06949,2023-10-22,Gold,36,Nairobi,5.0,0,1
R06950,2024-06-24,Gold,32,Lagos,5.0,0,1
R06951,2024-10-15,Platinum,38,Cairo,3.9,0,0
R06952,2024-02-15,Bronze,22,Cairo,3.5,0,0
R06953,2023-05-05,Bronze,44,Cairo,4.5,0,1
R06954,2023-10-24,Bronze,30,Nairobi,4.8,0,1
R06955,2024-08-24,Bronze,45,Lagos,4.7,0,0
R06956,2024-12-12,Bronze,36,Cairo,4.5,0,0
R06957,2025-02-23,Bronze,32,Cairo,5.0,0,0
R06958,2024-03-31,Silver,46,Lagos,5.0,0,1
R06959,2024-04-28,Bronze,26,Nairobi,4.6,0,0
R06960,2024-02-23,Bronze,43,Lagos,4.9,0,0
R06961,2024-06-28,Platinum,40,Nairobi,5.0,0,1
R06962,2024-01-19,Silver,18,Cairo,4.7,0,0
R06963,2024-08-14,Bronze,37,Lagos,3.9,0,0
R06964,2023-08-01,Bronze,29,Lagos,4.6,0,0
R06965,2025-01-27,Silver,30,Cairo,4.2,0,0
R06966,2023-09-05,Gold,33,Nairobi,4.6,0,1
R06967,2023-09-29,Bronze,41,Nairobi,5.0,0,0
R06968,2024-10-12,Bronze,41,Cairo,3.6,0,0
R06969,2025-04-13,Bronze,48,Lagos,4.4,1,0
R06970,2024-08-20,Bronze,48,Cairo,4.1,0,0
R06971,2024-04-03,Silver,49,Nairobi,4.3,0,1
R06972,2024-04-10,Bronze,18,Cairo,4.7,0,1
R06973,2024-04-21,Bronze,28,Cairo,3.9,0,0
R06974,2024-05-26,Bronze,22,Cairo,4.6,0,0
R06975,2023-07-12,Platinum,47,Cairo,5.0,0,0
R06976,2024-08-20,Silver,31,Lagos,4.2,0,0
R06977,2024-04-11,Platinum,39,Cairo,4.5,0,0
R06978,2024-04-16,Platinum,31,Lagos,3.4,0,0
R06979,2023-12-08,Bronze,37,Cairo,4.4,0,1
R06980,2023-12-02,Silver,39,Lagos,5.0,0,1
R06981,2024-07-11,Silver,22,Cairo,5.0,0,0
R06982,2024-06-06,Bronze,55,Nairobi,3.5,0,1
R06983,2023-05-20,Silver,27,Lagos,4.5,0,0
R06984,2023-08-29,Silver,30,Cairo,4.3,0,1
R06985,2024-05-21,Bronze,46,Lagos,3.8,0,0
R06986,2024-10-17,Silver,31,Cairo,3.7,1,0
R06987,2024-05-06,Bronze,38,Lagos,4.5,0,0
R06988,2023-05-05,Bronze,33,Nairobi,5.0,0,0
R06989,2024-01-02,Silver,43,Lagos,3.4,0,0
R06990,2024-12-07,Bronze,32,Cairo,3.7,0,0
R06991,2024-11-20,Bronze,44,Lagos,4.5,0,1
R06992,2023-10-23,Bronze,43,Nairobi,4.7,0,0
R06993,2024-12-03,Bronze,61,Nairobi,4.1,0,0
R06994,2023-11-23,Bronze,35,Cairo,4.6,0,0
R06995,2023-10-27,Bronze,27,Nairobi,5.0,0,1
R06996,2024-06-05,Bronze,32,Lagos,4.0,0,0
R06997,2025-02-10,Bronze,28,Lagos,4.8,0,1
R06998,2024-06-11,Bronze,27,Nairobi,4.6,0,0
R06999,2023-09-19,Bronze,19,Lagos,4.6,0,0
R07000,2024-02-28,Bronze,37,Nairobi,3.7,0,1
R07001,2023-10-29,Bronze,32,Nairobi,4.2,0,0
R07002,2023-07-03,Silver,35,Lagos,4.8,0,1
R07003,2024-07-10,Silver,56,Nairobi,4.6,0,0
R07004,2024-01-10,Bronze,41,Nairobi,3.2,0,0
R07005,2024-08-23,Silver,18,Nairobi,5.0,0,1
R07006,2024-02-26,Bronze,22,Cairo,5.0,0,0
R07007,2023-07-16,Silver,32,Nairobi,5.0,0,0
R07008,2023-08-21,Silver,34,Lagos,4.2,0,0
R07009,2023-05-30,Bronze,35,Nairobi,4.4,0,0
R07010,2024-05-14,Bronze,28,Cairo,5.0,0,0
R07011,2024-04-30,Platinum,43,Cairo,4.8,0,1
R07012,2024-10-17,Bronze,36,Cairo,4.7,0,0
R07013,2023-08-05,Silver,33,Nairobi,5.0,0,0
R07014,2024-02-17,Silver,24,Lagos,4.6,0,1
R07015,2023-04-28,Gold,46,Cairo,4.7,1,0
R07016,2023-11-06,Bronze,52,Nairobi,4.0,0,1
R07017,2024-12-31,Bronze,29,Nairobi,4.4,0,1
R07018,2025-03-08,Bronze,18,Lagos,4.8,0,1
R07019,2024-01-23,Silver,18,Cairo,4.6,0,0
R07020,2023-10-21,Platinum,24,Cairo,4.7,0,0
R07021,2023-11-26,Platinum,33,Cairo,4.7,0,0
R07022,2025-03-09,Bronze,20,Lagos,4.0,0,0
R07023,2024-03-08,Silver,29,Lagos,3.7,0,0
R07024,2024-12-26,Silver,33,Cairo,4.6,0,0
R07025,2025-03-13,Silver,36,Cairo,5.0,0,1
R07026,2024-02-06,Bronze,25,Lagos,4.7,0,0
R07027,2024-01-11,Bronze,29,Nairobi,4.2,0,0
R07028,2024-04-26,Bronze,26,Nairobi,4.7,0,1
R07029,2024-10-05,Bronze,32,Cairo,3.9,0,1
R07030,2024-11-25,Bronze,32,Lagos,5.0,0,1
R07031,2025-01-12,Bronze,46,Lagos,3.9,0,0
R07032,2024-09-20,Bronze,51,Nairobi,4.6,1,1
R07033,2024-01-26,Silver,45,Nairobi,4.8,0,0
R07034,2024-12-06,Bronze,33,Cairo,4.1,1,0
R07035,2024-04-23,Silver,52,Lagos,4.2,0,0
R07036,2023-05-28,Bronze,36,Cairo,5.0,1,1
R07037,2023-10-25,Silver,38,Cairo,4.1,0,1
R07038,2024-12-12,Platinum,21,Cairo,4.1,0,1
R07039,2024-06-25,Bronze,37,Cairo,4.5,0,0
R07040,2023-10-17,Platinum,48,Nairobi,4.8,0,0
R07041,2024-04-30,Bronze,31,Cairo,4.0,0,1
R07042,2023-09-23,Bronze,45,Lagos,5.0,0,0
R07043,2023-07-09,Gold,44,Lagos,4.8,0,0
R07044,2025-02-23,Bronze,43,Lagos,5.0,0,1
R07045,2024-03-28,Gold,28,Nairobi,4.9,0,0
R07046,2023-10-29,Gold,31,Cairo,4.2,0,0
R07047,2024-08-28,Silver,35,Cairo,4.5,0,1
R07048,2023-12-07,Bronze,49,Lagos,4.7,0,0
R07049,2024-08-29,Bronze,28,Cairo,3.9,0,0
R07050,2025-02-19,Silver,25,Nairobi,5.0,0,0
R07051,2024-02-25,Silver,30,Nairobi,5.0,0,0
R07052,2024-08-16,Silver,35,Cairo,4.4,0,0
R07053,2024-05-04,Bronze,44,Lagos,4.1,0,0
R07054,2023-06-10,Gold,43,Nairobi,4.5,1,1
R07055,2024-09-11,Gold,42,Cairo,4.5,0,1
R07056,2023-05-23,Bronze,29,Lagos,4.3,0,0
R07057,2023-06-29,Bronze,33,Nairobi,5.0,0,0
R07058,2024-11-30,Silver,47,Lagos,4.4,0,1
R07059,2024-12-17,Bronze,47,Lagos,4.6,0,0
R07060,2023-05-31,Bronze,26,Cairo,5.0,0,0
R07061,2023-09-14,Bronze,39,Lagos,4.3,0,0
R07062,2024-09-04,Bronze,28,Lagos,4.4,0,0
R07063,2023-05-10,Platinum,37,Lagos,3.8,0,0
R07064,2023-10-12,Gold,39,Cairo,4.9,0,0
R07065,2025-01-26,Gold,20,Cairo,5.0,0,0
R07066,2024-01-15,Bronze,35,Lagos,4.4,0,0
R07067,2023-07-01,Silver,30,Lagos,5.0,0,0
R07068,2024-05-13,Bronze,37,Nairobi,5.0,0,1
R07069,2023-11-21,Bronze,32,Nairobi,5.0,0,0
R07070,2025-01-03,Gold,40,Cairo,5.0,0,0
R07071,2024-04-21,Bronze,47,Cairo,4.1,0,1
R07072,2023-10-14,Platinum,27,Lagos,3.2,0,0
R07073,2024-03-04,Bronze,35,Nairobi,4.4,0,0
R07074,2024-12-24,Gold,20,Cairo,4.0,0,0
R07075,2025-01-05,Bronze,18,Nairobi,5.0,0,0
R07076,2024-01-11,Silver,38,Cairo,3.9,0,0
R07077,2023-07-03,Bronze,28,Lagos,4.7,0,1
R07078,2023-10-18,Silver,50,Cairo,4.4,0,1
R07079,2023-08-06,Bronze,49,Nairobi,4.1,0,0
R07080,2024-04-09,Bronze,21,Cairo,5.0,0,0
R07081,2024-10-19,Bronze,39,Lagos,4.1,0,0
R07082,2023-10-21,Silver,37,Cairo,3.9,1,0
R07083,2023-09-15,Bronze,36,Cairo,4.4,0,0
R07084,2023-05-16,Silver,46,Lagos,4.5,0,1
R07085,2024-12-24,Bronze,35,Nairobi,4.2,0,0
R07086,2024-12-30,Gold,37,Lagos,4.1,0,0
R07087,2023-12-07,Bronze,31,Lagos,4.9,0,0
R07088,2024-09-22,Bronze,25,Nairobi,4.1,0,1
R07089,2024-06-14,Bronze,47,Nairobi,3.9,0,1
R07090,2023-06-03,Silver,21,Nairobi,4.8,0,0
R07091,2025-03-09,Silver,55,Nairobi,4.5,0,1
R07092,2025-01-10,Platinum,34,Cairo,4.4,0,1
R07093,2025-01-11,Bronze,37,Lagos,4.7,0,1
R07094,2023-12-19,Bronze,35,Lagos,5.0,0,0
R07095,2024-05-01,Bronze,41,Cairo,3.5,1,0
R07096,2024-05-18,Silver,55,Lagos,4.8,0,0
R07097,2023-08-08,Silver,28,Cairo,5.0,0,1
R07098,2023-06-27,Silver,32,Lagos,4.6,1,0
R07099,2025-03-04,Bronze,45,Cairo,4.6,0,1
R07100,2024-02-28,Silver,29,Nairobi,5.0,0,0
R07101,2025-02-15,Silver,32,Lagos,4.0,0,0
R07102,2023-08-20,Bronze,32,Lagos,4.4,0,1
R07103,2023-05-09,Gold,39,Lagos,5.0,0,0
R07104,2024-08-06,Silver,34,Cairo,5.0,0,0
R07105,2023-08-11,Bronze,32,Cairo,4.5,0,1
R07106,2023-11-20,Silver,39,Cairo,4.8,0,0
R07107,2024-09-11,Bronze,33,Lagos,4.3,0,1
R07108,2023-11-14,Silver,26,Lagos,4.8,0,0
R07109,2025-02-02,Bronze,40,Lagos,4.4,0,0
R07110,2023-11-17,Bronze,42,Cairo,3.9,0,1
R07111,2024-10-09,Bronze,53,Nairobi,4.7,0,0
R07112,2023-08-02,Silver,36,Lagos,4.4,0,0
R07113,2025-03-03,Silver,35,Nairobi,4.8,0,1
R07114,2024-07-28,Bronze,34,Nairobi,5.0,0,0
R07115,2024-11-08,Bronze,22,Lagos,4.8,0,1
R07116,2024-07-30,Bronze,38,Lagos,4.2,0,0
R07117,2023-10-06,Bronze,30,Cairo,4.4,0,0
R07118,2024-05-25,Silver,39,Nairobi,3.9,0,0
R07119,2024-07-22,Bronze,31,Nairobi,5.0,0,0
R07120,2024-12-04,Bronze,29,Cairo,4.3,0,0
R07121,2024-10-18,Bronze,52,Nairobi,5.0,0,0
R07122,2023-05-19,Bronze,52,Nairobi,4.7,0,1
R07123,2025-03-22,Bronze,35,Cairo,4.8,0,0
R07124,2023-07-31,Bronze,43,Lagos,4.8,0,0
R07125,2023-12-05,Platinum,20,Cairo,4.4,0,1
R07126,2024-11-02,Bronze,29,Cairo,4.7,0,1
R07127,2023-08-27,Gold,45,Lagos,4.7,0,0
R07128,2024-08-28,Gold,43,Cairo,4.0,0,0
R07129,2023-10-31,Bronze,53,Nairobi,4.6,0,0
R07130,2024-09-18,Silver,22,Cairo,5.0,0,0
R07131,2023-08-11,Bronze,31,Nairobi,3.8,1,0
R07132,2024-09-02,Silver,21,Cairo,3.5,0,1
R07133,2024-09-04,Bronze,36,Lagos,5.0,0,1
R07134,2024-12-13,Gold,30,Lagos,4.2,1,1
R07135,2024-05-13,Bronze,36,Lagos,4.7,0,0
R07136,2024-06-04,Bronze,31,Lagos,4.5,0,1
R07137,2023-07-20,Gold,25,Lagos,5.0,0,1
R07138,2025-02-15,Silver,34,Lagos,5.0,0,0
R07139,2024-04-27,Bronze,40,Lagos,4.9,0,0
R07140,2024-07-31,Bronze,33,Cairo,5.0,0,0
R07141,2024-05-03,Bronze,18,Nairobi,5.0,0,0
R07142,2023-06-01,Bronze,52,Cairo,3.7,0,0
R07143,2024-10-08,Silver,31,Nairobi,4.2,1,0
R07144,2024-07-19,Bronze,18,Cairo,4.9,0,0
R07145,2024-05-25,Bronze,45,Lagos,4.6,0,0
R07146,2025-03-09,Gold,27,Cairo,4.9,0,0
R07147,2025-02-09,Bronze,27,Nairobi,5.0,0,0
R07148,2024-09-27,Silver,25,Nairobi,4.8,1,0
R07149,2024-10-09,Bronze,39,Lagos,4.6,0,0
R07150,2023-08-19,Bronze,45,Lagos,4.5,0,0
R07151,2023-10-14,Silver,35,Lagos,3.7,0,0
R07152,2024-04-15,Bronze,26,Cairo,5.0,0,0
R07153,2025-01-06,Bronze,57,Cairo,3.8,1,0
R07154,2024-06-08,Silver,30,Cairo,5.0,0,0
R07155,2025-02-08,Platinum,44,Nairobi,4.6,0,1
R07156,2024-12-29,Silver,35,Cairo,4.5,0,1
R07157,2024-09-13,Platinum,29,Lagos,4.1,0,0
R07158,2023-09-15,Bronze,44,Lagos,4.4,0,1
R07159,2024-07-18,Gold,35,Cairo,4.5,0,1
R07160,2025-01-25,Bronze,26,Nairobi,4.2,0,0
R07161,2024-03-26,Silver,42,Lagos,4.1,0,0
R07162,2024-03-16,Bronze,18,Cairo,4.0,0,1
R07163,2023-10-18,Bronze,19,Cairo,5.0,0,1
R07164,2023-07-07,Gold,38,Nairobi,4.8,0,0
R07165,2025-03-24,Silver,25,Lagos,5.0,0,0
R07166,2024-03-19,Platinum,27,Cairo,4.1,1,1
R07167,2024-03-02,Bronze,40,Nairobi,3.5,1,0
R07168,2023-07-05,Gold,44,Cairo,4.2,0,1
R07169,2024-12-02,Bronze,48,Cairo,4.0,1,0
R07170,2023-10-20,Bronze,39,Cairo,4.1,0,0
R07171,2023-11-18,Silver,35,Lagos,4.3,0,1
R07172,2023-12-23,Platinum,49,Cairo,3.3,0,0
R07173,2024-03-12,Bronze,46,Lagos,4.1,1,0
R07174,2023-12-17,Bronze,34,Cairo,4.8,0,0
R07175,2024-03-29,Bronze,30,Cairo,4.1,0,1
R07176,2023-10-14,Bronze,36,Cairo,4.4,0,0
R07177,2025-04-05,Gold,30,Nairobi,4.3,0,1
R07178,2024-06-05,Bronze,38,Lagos,4.3,0,0
R07179,2025-01-16,Platinum,56,Nairobi,4.0,1,0
R07180,2024-04-30,Bronze,36,Lagos,4.3,0,0
R07181,2024-11-21,Bronze,28,Nairobi,5.0,1,0
R07182,2023-09-23,Silver,46,Cairo,4.6,0,0
R07183,2023-06-17,Bronze,24,Lagos,4.1,0,0
R07184,2024-01-26,Bronze,56,Cairo,5.0,0,0
R07185,2023-10-20,Bronze,50,Lagos,4.5,0,0
R07186,2024-07-31,Bronze,38,Cairo,4.2,0,0
R07187,2024-10-16,Bronze,28,Cairo,4.6,1,1
R07188,2024-05-13,Bronze,28,Cairo,4.5,0,0
R07189,2023-07-14,Silver,33,Lagos,4.5,0,0
R07190,2025-02-22,Silver,39,Nairobi,4.7,0,0
R07191,2023-08-23,Bronze,44,Cairo,5.0,0,0
R07192,2023-12-12,Bronze,47,Lagos,5.0,0,0
R07193,2024-01-10,Bronze,31,Nairobi,5.0,1,0
R07194,2024-12-22,Bronze,45,Lagos,4.6,0,0
R07195,2023-07-09,Bronze,47,Cairo,5.0,0,0
R07196,2023-10-30,Bronze,18,Nairobi,4.6,0,0
R07197,2025-01-09,Bronze,18,Lagos,4.4,0,0
R07198,2023-05-24,Gold,31,Lagos,5.0,0,0
R07199,2025-01-06,Bronze,27,Cairo,3.9,0,0
R07200,2024-09-10,Gold,36,Cairo,4.3,0,1
R07201,2024-02-27,Bronze,53,Nairobi,4.1,0,1
R07202,2023-10-16,Bronze,27,Lagos,5.0,0,0
R07203,2024-09-16,Bronze,37,Lagos,3.7,0,0
R07204,2025-02-11,Bronze,26,Nairobi,5.0,0,1
R07205,2025-02-04,Silver,40,Cairo,4.9,0,0
R07206,2023-10-30,Silver,29,Cairo,5.0,1,1
R07207,2023-04-29,Gold,28,Cairo,4.1,1,0
R07208,2024-01-12,Silver,36,Cairo,4.8,0,0
R07209,2024-01-31,Silver,40,Cairo,4.6,0,0
R07210,2024-09-19,Bronze,38,Nairobi,5.0,0,1
R07211,2023-08-22,Bronze,25,Cairo,5.0,0,0
R07212,2023-10-28,Bronze,34,Cairo,4.7,0,0
R07213,2023-12-05,Silver,35,Cairo,5.0,0,0
R07214,2024-06-27,Bronze,34,Cairo,5.0,0,0
R07215,2024-01-29,Platinum,41,Nairobi,5.0,0,0
R07216,2024-12-28,Bronze,40,Cairo,4.4,0,1
R07217,2023-07-22,Silver,21,Cairo,4.4,0,0
R07218,2024-05-03,Bronze,30,Lagos,4.7,0,1
R07219,2025-02-22,Bronze,32,Lagos,4.5,0,0
R07220,2024-02-08,Silver,19,Lagos,5.0,0,1
R07221,2025-02-03,Platinum,35,Cairo,4.4,0,1
R07222,2025-02-09,Bronze,30,Cairo,4.3,0,0
R07223,2023-07-30,Silver,18,Nairobi,3.8,0,1
R07224,2024-04-17,Bronze,36,Cairo,4.4,0,1
R07225,2023-10-18,Silver,30,Cairo,3.9,0,0
R07226,2024-08-16,Bronze,37,Cairo,4.6,0,0
R07227,2025-02-22,Bronze,21,Lagos,5.0,0,1
R07228,2024-10-28,Bronze,36,Cairo,4.7,0,1
R07229,2023-06-16,Gold,32,Cairo,4.6,0,0
R07230,2024-08-13,Bronze,35,Nairobi,4.3,0,1
R07231,2024-03-22,Bronze,33,Lagos,4.4,0,0
R07232,2024-08-25,Bronze,28,Lagos,4.2,0,1
R07233,2024-04-02,Bronze,25,Nairobi,3.5,0,1
R07234,2023-12-21,Bronze,38,Cairo,4.6,0,0
R07235,2024-12-18,Gold,44,Cairo,5.0,0,0
R07236,2024-02-11,Bronze,28,Cairo,4.9,0,0
R07237,2024-04-18,Bronze,43,Cairo,4.5,0,1
R07238,2024-06-04,Platinum,38,Nairobi,4.3,0,0
R07239,2023-11-16,Bronze,18,Cairo,4.4,0,0
R07240,2024-05-11,Bronze,18,Nairobi,4.4,1,1
R07241,2024-02-25,Bronze,28,Cairo,3.4,0,0
R07242,2024-03-06,Silver,37,Lagos,4.0,0,0
R07243,2024-11-01,Silver,34,Nairobi,4.2,0,0
R07244,2025-01-28,Silver,34,Lagos,4.5,0,0
R07245,2025-03-27,Bronze,53,Lagos,4.5,0,0
R07246,2024-07-29,Gold,30,Cairo,5.0,0,0
R07247,2023-12-29,Gold,40,Nairobi,5.0,0,0
R07248,2024-05-30,Bronze,43,Nairobi,4.4,0,1
R07249,2023-12-06,Platinum,49,Lagos,4.6,0,0
R07250,2025-03-23,Gold,39,Nairobi,4.5,0,0
R07251,2023-11-17,Gold,33,Lagos,5.0,0,1
R07252,2023-10-10,Gold,35,Nairobi,4.4,0,0
R07253,2023-06-17,Gold,32,Lagos,4.0,1,0
R07254,2023-04-30,Bronze,47,Nairobi,4.5,0,0
R07255,2024-12-18,Bronze,38,Lagos,4.5,0,0
R07256,2023-12-10,Bronze,49,Cairo,4.6,0,1
R07257,2023-05-22,Bronze,36,Cairo,5.0,0,0
R07258,2024-09-26,Bronze,28,Lagos,4.6,0,0
R07259,2024-10-19,Bronze,18,Cairo,4.0,0,0
R07260,2024-07-24,Silver,36,Cairo,4.8,0,1
R07261,2024-04-14,Gold,34,Lagos,5.0,0,0
R07262,2024-09-25,Bronze,18,Lagos,5.0,0,0
R07263,2024-10-06,Silver,27,Cairo,4.5,0,0
R07264,2023-10-08,Silver,30,Cairo,4.5,0,0
R07265,2023-12-28,Platinum,41,Nairobi,4.6,0,0
R07266,2024-12-07,Gold,31,Cairo,4.4,0,0
R07267,2023-05-11,Bronze,45,Nairobi,4.1,0,1
R07268,2023-10-01,Bronze,29,Lagos,4.8,0,0
R07269,2024-09-05,Bronze,25,Cairo,4.5,1,0
R07270,2023-05-04,Silver,24,Cairo,4.5,0,0
R07271,2025-01-13,Bronze,41,Nairobi,5.0,1,0
R07272,2023-07-10,Bronze,19,Lagos,4.4,0,0
R07273,2025-04-04,Silver,40,Lagos,4.2,0,0
R07274,2024-12-21,Bronze,37,Cairo,4.8,0,0
R07275,2023-08-06,Gold,31,Cairo,4.9,0,0
R07276,2024-08-21,Bronze,60,Cairo,4.6,0,0
R07277,2024-10-17,Gold,32,Nairobi,5.0,0,0
R07278,2024-07-11,Bronze,31,Cairo,4.6,0,0
R07279,2023-08-04,Bronze,38,Nairobi,5.0,0,0
R07280,2025-02-03,Gold,54,Nairobi,4.3,1,0
R07281,2025-04-08,Silver,30,Lagos,4.1,0,0
R07282,2023-08-14,Silver,45,Nairobi,4.0,0,0
R07283,2023-10-02,Bronze,55,Cairo,5.0,0,0
R07284,2024-10-18,Silver,33,Cairo,3.7,0,1
R07285,2024-01-20,Platinum,38,Cairo,4.5,0,0
R07286,2024-01-12,Bronze,32,Cairo,4.6,0,0
R07287,2024-05-11,Bronze,52,Cairo,3.9,0,1
R07288,2023-11-28,Bronze,20,Lagos,4.7,0,0
R07289,2023-08-25,Gold,37,Cairo,4.5,0,0
R07290,2023-07-11,Silver,46,Nairobi,4.6,0,0
R07291,2024-03-20,Silver,33,Cairo,5.0,1,0
R07292,2023-09-10,Bronze,29,Cairo,4.9,0,0
R07293,2023-10-14,Silver,38,Nairobi,4.4,0,0
R07294,2024-01-13,Silver,35,Cairo,4.4,0,1
R07295,2024-04-06,Silver,42,Cairo,4.9,1,1
R07296,2024-12-20,Bronze,23,Nairobi,4.7,0,1
R07297,2024-10-08,Gold,40,Cairo,5.0,0,0
R07298,2023-07-18,Bronze,18,Cairo,3.7,0,1
R07299,2024-09-20,Bronze,33,Nairobi,4.3,0,1
R07300,2024-05-16,Bronze,35,Nairobi,4.9,0,0
R07301,2024-08-18,Silver,38,Nairobi,4.6,0,0
R07302,2024-07-31,Gold,49,Cairo,4.2,0,1
R07303,2023-07-19,Gold,27,Cairo,4.2,0,1
R07304,2023-05-05,Bronze,36,Lagos,5.0,1,1
R07305,2024-01-24,Silver,24,Lagos,4.1,0,0
R07306,2024-07-14,Silver,30,Lagos,5.0,0,0
R07307,2025-03-30,Bronze,39,Cairo,4.4,0,1
R07308,2024-02-04,Bronze,37,Nairobi,3.3,0,0
R07309,2024-04-30,Silver,37,Nairobi,4.2,0,0
R07310,2023-11-28,Bronze,26,Nairobi,4.8,0,1
R07311,2024-04-25,Gold,30,Nairobi,5.0,0,0
R07312,2025-01-11,Bronze,37,Nairobi,4.3,0,0
R07313,2024-02-26,Silver,45,Cairo,4.4,0,0
R07314,2024-11-02,Bronze,35,Nairobi,4.4,0,0
R07315,2024-04-20,Bronze,26,Nairobi,4.5,1,0
R07316,2025-03-30,Bronze,39,Lagos,4.6,0,1
R07317,2024-07-30,Bronze,23,Nairobi,4.7,1,0
R07318,2024-11-25,Bronze,33,Lagos,4.7,0,1
R07319,2025-04-01,Bronze,24,Cairo,5.0,0,0
R07320,2024-01-11,Silver,65,Cairo,4.0,0,1
R07321,2024-08-13,Bronze,26,Cairo,4.9,0,1
R07322,2024-04-25,Bronze,18,Lagos,4.9,0,1
R07323,2025-04-22,Bronze,51,Cairo,4.9,0,0
R07324,2023-11-09,Bronze,29,Lagos,4.0,0,1
R07325,2024-11-16,Silver,18,Nairobi,4.2,0,0
R07326,2024-08-21,Bronze,46,Lagos,4.7,1,0
R07327,2023-10-29,Bronze,30,Nairobi,4.4,0,1
R07328,2024-10-01,Gold,35,Nairobi,4.9,0,1
R07329,2024-12-13,Silver,24,Lagos,5.0,0,0
R07330,2024-06-10,Silver,27,Cairo,5.0,0,0
R07331,2024-04-23,Silver,32,Cairo,3.9,0,0
R07332,2023-07-24,Silver,34,Lagos,4.3,0,0
R07333,2024-03-25,Bronze,39,Lagos,4.2,0,1
R07334,2024-12-03,Bronze,36,Lagos,4.8,0,0
R07335,2023-06-18,Gold,34,Cairo,5.0,1,0
R07336,2023-08-02,Bronze,27,Cairo,3.8,0,0
R07337,2023-08-15,Bronze,50,Cairo,3.7,0,1
R07338,2024-10-13,Silver,35,Nairobi,3.9,0,0
R07339,2024-10-19,Gold,40,Nairobi,4.2,0,0
R07340,2024-06-14,Bronze,31,Lagos,4.9,0,0
R07341,2024-09-14,Gold,44,Lagos,3.8,0,0
R07342,2023-10-21,Silver,42,Nairobi,4.1,0,1
R07343,2025-02-17,Bronze,39,Lagos,3.9,0,0
R07344,2024-07-17,Bronze,43,Cairo,4.6,0,1
R07345,2024-03-27,Bronze,28,Cairo,5.0,0,0
R07346,2023-06-19,Bronze,46,Cairo,5.0,1,0
R07347,2023-09-11,Bronze,41,Nairobi,4.7,1,0
R07348,2023-11-13,Silver,26,Lagos,4.5,0,0
R07349,2024-01-27,Silver,23,Lagos,4.3,0,0
R07350,2023-08-17,Bronze,47,Nairobi,4.0,0,0
R07351,2023-07-06,Silver,29,Lagos,5.0,0,1
R07352,2023-11-03,Silver,34,Lagos,4.5,1,0
R07353,2023-07-15,Bronze,43,Cairo,4.8,0,0
R07354,2023-05-22,Silver,45,Nairobi,4.8,0,0
R07355,2024-11-11,Bronze,19,Lagos,4.4,0,0
R07356,2025-03-23,Bronze,32,Lagos,4.4,1,0
R07357,2024-10-15,Gold,35,Cairo,5.0,0,0
R07358,2023-07-25,Gold,31,Lagos,3.9,0,0
R07359,2024-09-24,Platinum,18,Nairobi,5.0,1,0
R07360,2024-03-17,Silver,33,Lagos,4.5,0,0
R07361,2023-08-17,Bronze,24,Lagos,4.4,0,0
R07362,2023-05-03,Silver,42,Cairo,5.0,0,0
R07363,2024-11-13,Gold,18,Lagos,4.6,0,1
R07364,2024-07-18,Bronze,40,Lagos,3.9,0,0
R07365,2024-12-02,Bronze,46,Nairobi,5.0,1,0
R07366,2024-01-12,Bronze,37,Cairo,4.4,0,0
R07367,2025-03-31,Platinum,45,Lagos,4.3,0,1
R07368,2024-10-01,Gold,36,Lagos,4.5,0,0
R07369,2023-10-18,Bronze,44,Nairobi,3.7,0,1
R07370,2024-09-15,Bronze,18,Nairobi,5.0,0,0
R07371,2024-04-25,Silver,35,Lagos,4.9,0,0
R07372,2024-04-29,Silver,24,Lagos,5.0,0,0
R07373,2024-01-19,Bronze,47,Cairo,4.6,0,1
R07374,2023-09-12,Bronze,32,Lagos,3.8,0,0
R07375,2024-08-14,Bronze,33,Nairobi,3.9,0,1
R07376,2024-02-17,Bronze,19,Nairobi,4.1,1,0
R07377,2023-11-18,Silver,48,Nairobi,5.0,0,0
R07378,2025-01-10,Bronze,34,Lagos,5.0,0,0
R07379,2023-11-27,Silver,39,Nairobi,4.5,0,1
R07380,2023-05-04,Bronze,23,Nairobi,5.0,0,1
R07381,2024-11-01,Gold,40,Nairobi,4.6,0,1
R07382,2024-05-01,Platinum,29,Lagos,4.8,0,1
R07383,2023-12-19,Bronze,37,Nairobi,5.0,1,0
R07384,2024-12-08,Bronze,28,Cairo,4.0,0,0
R07385,2023-09-29,Bronze,43,Cairo,4.0,0,0
R07386,2023-08-05,Bronze,29,Cairo,5.0,0,1
R07387,2024-08-15,Bronze,36,Cairo,5.0,1,0
R07388,2024-07-23,Bronze,18,Lagos,4.3,0,1
R07389,2024-11-21,Gold,36,Cairo,4.8,0,0
R07390,2024-04-17,Bronze,56,Nairobi,4.0,0,0
R07391,2024-07-29,Bronze,47,Nairobi,4.6,0,0
R07392,2023-12-14,Bronze,35,Nairobi,4.5,0,1
R07393,2023-05-22,Silver,26,Cairo,5.0,0,0
R07394,2025-03-16,Silver,53,Cairo,4.5,0,0
R07395,2025-04-14,Bronze,37,Cairo,4.4,0,1
R07396,2024-02-24,Bronze,30,Cairo,3.8,0,0
R07397,2023-09-08,Bronze,32,Cairo,4.2,0,0
R07398,2023-12-30,Platinum,48,Nairobi,4.3,0,1
R07399,2024-10-03,Bronze,31,Cairo,4.6,0,0
R07400,2024-08-18,Silver,45,Nairobi,3.9,0,0
R07401,2024-09-02,Bronze,34,Cairo,4.6,0,0
R07402,2025-04-06,Bronze,35,Cairo,3.5,0,0
R07403,2024-09-11,Bronze,36,Cairo,4.3,0,0
R07404,2024-11-07,Bronze,41,Cairo,4.2,0,1
R07405,2024-05-20,Gold,52,Lagos,4.4,0,0
R07406,2023-09-06,Silver,24,Nairobi,3.7,0,1
R07407,2025-01-14,Bronze,24,Nairobi,3.4,0,1
R07408,2023-12-27,Silver,37,Lagos,4.4,0,0
R07409,2024-06-06,Bronze,49,Cairo,4.4,0,0
R07410,2025-04-26,Silver,45,Cairo,4.4,0,0
R07411,2025-04-08,Gold,55,Lagos,4.0,0,0
R07412,2024-09-19,Gold,45,Nairobi,5.0,0,0
R07413,2024-06-30,Gold,36,Lagos,4.0,0,1
R07414,2025-01-11,Silver,18,Lagos,3.6,0,0
R07415,2023-07-06,Bronze,22,Cairo,4.0,0,0
R07416,2024-05-02,Bronze,25,Nairobi,4.3,0,1
R07417,2023-12-10,Bronze,18,Lagos,4.5,1,0
R07418,2024-02-02,Gold,28,Nairobi,4.4,0,0
R07419,2023-05-03,Bronze,43,Lagos,4.1,0,0
R07420,2024-12-16,Silver,43,Nairobi,4.7,0,0
R07421,2023-07-26,Bronze,18,Nairobi,5.0,1,0
R07422,2024-08-02,Silver,32,Lagos,4.5,0,0
R07423,2024-01-02,Silver,33,Nairobi,4.0,0,0
R07424,2024-10-28,Bronze,47,Lagos,4.0,0,1
R07425,2025-01-14,Bronze,24,Cairo,4.2,0,0
R07426,2023-11-06,Gold,47,Cairo,4.7,0,0
R07427,2023-10-13,Bronze,27,Lagos,4.3,0,1
R07428,2024-08-27,Silver,30,Cairo,5.0,0,0
R07429,2023-05-07,Platinum,45,Nairobi,4.8,0,0
R07430,2024-05-08,Bronze,42,Lagos,4.7,0,0
R07431,2023-06-13,Bronze,38,Lagos,4.0,0,0
R07432,2023-08-30,Bronze,33,Nairobi,4.6,0,0
R07433,2024-08-21,Silver,45,Cairo,4.5,1,0
R07434,2024-01-15,Bronze,42,Cairo,3.9,0,0
R07435,2024-11-23,Gold,29,Cairo,4.1,0,0
R07436,2024-05-12,Silver,25,Lagos,4.7,1,0
R07437,2023-06-09,Bronze,19,Nairobi,3.9,0,0
R07438,2024-12-13,Bronze,43,Nairobi,3.7,0,1
R07439,2023-11-14,Bronze,26,Nairobi,5.0,0,0
R07440,2024-09-02,Silver,30,Nairobi,4.2,0,0
R07441,2024-02-03,Bronze,48,Cairo,5.0,0,0
R07442,2024-04-30,Bronze,26,Lagos,4.4,0,1
R07443,2023-06-05,Bronze,27,Cairo,4.4,0,0
R07444,2024-09-08,Bronze,31,Cairo,3.7,0,0
R07445,2024-09-02,Bronze,31,Cairo,4.0,0,1
R07446,2024-09-06,Platinum,28,Nairobi,4.1,0,1
R07447,2024-02-09,Silver,33,Lagos,4.1,1,0
R07448,2024-09-18,Bronze,32,Nairobi,4.3,0,0
R07449,2024-11-23,Bronze,18,Nairobi,4.7,0,1
R07450,2023-08-28,Bronze,24,Cairo,4.1,0,0
R07451,2024-09-26,Bronze,33,Nairobi,4.8,0,0
R07452,2025-01-09,Bronze,43,Nairobi,5.0,0,0
R07453,2023-06-08,Bronze,36,Nairobi,4.6,0,0
R07454,2023-10-19,Bronze,27,Lagos,4.5,1,0
R07455,2023-07-03,Bronze,30,Nairobi,5.0,0,1
R07456,2023-11-19,Bronze,31,Lagos,4.5,0,1
R07457,2024-09-04,Silver,39,Lagos,4.4,0,1
R07458,2023-12-09,Silver,30,Cairo,5.0,0,0
R07459,2024-10-15,Silver,40,Cairo,4.7,0,1
R07460,2024-06-26,Silver,21,Cairo,5.0,0,0
R07461,2023-05-25,Gold,24,Nairobi,3.7,0,0
R07462,2024-03-13,Silver,25,Nairobi,3.9,0,0
R07463,2024-09-30,Silver,33,Cairo,4.1,0,0
R07464,2023-10-01,Bronze,28,Nairobi,4.7,0,1
R07465,2024-01-16,Bronze,43,Lagos,4.8,0,1
R07466,2024-10-01,Silver,42,Lagos,3.9,0,0
R07467,2024-02-25,Bronze,33,Cairo,4.7,0,1
R07468,2023-12-11,Bronze,48,Cairo,5.0,0,0
R07469,2025-01-11,Silver,64,Nairobi,4.9,0,0
R07470,2024-11-10,Bronze,34,Cairo,4.2,0,1
R07471,2023-12-14,Silver,46,Cairo,4.8,0,1
R07472,2023-05-12,Bronze,45,Cairo,3.7,0,0
R07473,2023-11-01,Bronze,34,Lagos,4.8,0,1
R07474,2025-04-19,Bronze,21,Nairobi,4.0,0,0
R07475,2023-06-14,Bronze,35,Lagos,4.0,0,0
R07476,2025-02-26,Bronze,40,Nairobi,4.2,0,0
R07477,2024-12-09,Silver,40,Lagos,5.0,1,1
R07478,2025-04-13,Gold,40,Lagos,4.6,0,0
R07479,2024-08-05,Silver,39,Cairo,4.2,1,0
R07480,2024-12-20,Bronze,25,Nairobi,4.3,0,1
R07481,2024-09-24,Bronze,31,Cairo,4.8,0,1
R07482,2025-01-01,Gold,48,Nairobi,4.6,0,0
R07483,2024-04-05,Silver,34,Nairobi,4.6,0,0
R07484,2023-06-05,Bronze,45,Nairobi,5.0,1,0
R07485,2025-04-10,Bronze,33,Nairobi,4.7,0,0
R07486,2023-05-13,Bronze,43,Lagos,5.0,0,1
R07487,2025-02-21,Silver,29,Lagos,4.1,0,1
R07488,2025-04-06,Silver,24,Cairo,4.7,1,0
R07489,2024-03-22,Gold,30,Cairo,4.9,0,0
R07490,2023-05-07,Gold,51,Lagos,4.8,0,1
R07491,2023-10-30,Gold,32,Cairo,4.6,0,1
R07492,2024-04-23,Bronze,40,Nairobi,4.4,0,1
R07493,2023-11-14,Bronze,26,Nairobi,5.0,0,0
R07494,2024-11-11,Bronze,26,Nairobi,4.3,0,0
R07495,2025-02-21,Bronze,23,Nairobi,4.3,0,0
R07496,2024-12-02,Bronze,18,Nairobi,3.1,0,1
R07497,2024-09-18,Bronze,18,Lagos,4.6,0,0
R07498,2023-09-22,Bronze,48,Lagos,4.4,0,0
R07499,2023-09-01,Bronze,45,Lagos,4.6,0,0
R07500,2023-11-19,Bronze,18,Nairobi,4.0,0,1
R07501,2025-02-12,Silver,35,Cairo,4.9,0,0
R07502,2024-10-29,Platinum,42,Lagos,4.5,0,1
R07503,2023-06-23,Bronze,32,Lagos,4.2,0,0
R07504,2023-09-01,Bronze,30,Nairobi,4.1,0,1
R07505,2024-08-06,Silver,26,Cairo,4.6,0,0
R07506,2023-12-02,Bronze,47,Cairo,4.3,0,1
R07507,2023-09-05,Bronze,23,Cairo,4.5,0,1
R07508,2023-06-23,Silver,57,Nairobi,4.5,0,1
R07509,2025-01-19,Bronze,52,Cairo,5.0,0,1
R07510,2024-07-10,Silver,37,Lagos,4.6,0,0
R07511,2024-10-12,Bronze,47,Lagos,4.5,0,1
R07512,2024-06-12,Bronze,26,Nairobi,4.4,0,0
R07513,2023-05-07,Bronze,18,Cairo,3.5,0,0
R07514,2025-01-23,Bronze,40,Lagos,3.9,0,0
R07515,2023-07-25,Silver,55,Cairo,5.0,0,0
R07516,2024-03-23,Silver,45,Cairo,4.6,0,1
R07517,2025-03-05,Platinum,42,Cairo,4.4,0,0
R07518,2023-08-25,Bronze,32,Lagos,4.2,0,0
R07519,2025-03-07,Bronze,18,Nairobi,4.4,0,1
R07520,2024-04-27,Silver,48,Lagos,4.6,1,0
R07521,2023-12-13,Bronze,31,Cairo,5.0,0,1
R07522,2024-03-31,Bronze,37,Cairo,5.0,0,1
R07523,2024-04-02,Gold,34,Cairo,4.7,0,1
R07524,2024-11-12,Silver,24,Lagos,4.1,0,0
R07525,2023-06-18,Bronze,36,Nairobi,4.4,0,0
R07526,2023-08-12,Bronze,53,Nairobi,4.1,0,1
R07527,2023-07-05,Bronze,49,Nairobi,3.8,0,0
R07528,2023-08-18,Bronze,36,Cairo,4.9,0,1
R07529,2023-12-14,Bronze,44,Lagos,4.0,0,0
R07530,2023-07-10,Silver,32,Nairobi,4.4,0,1
R07531,2023-05-28,Gold,42,Nairobi,4.5,0,0
R07532,2024-12-14,Silver,46,Cairo,4.6,0,1
R07533,2023-11-10,Silver,43,Nairobi,4.6,0,0
R07534,2024-03-31,Bronze,54,Nairobi,5.0,0,0
R07535,2023-07-18,Gold,33,Lagos,4.2,0,0
R07536,2025-01-07,Bronze,33,Cairo,4.2,0,1
R07537,2024-04-01,Platinum,25,Nairobi,4.5,0,0
R07538,2025-04-10,Bronze,31,Cairo,4.5,1,0
R07539,2024-05-10,Bronze,41,Cairo,5.0,0,0
R07540,2024-01-31,Bronze,27,Lagos,3.4,0,0
R07541,2024-11-25,Bronze,34,Lagos,4.0,1,1
R07542,2024-05-16,Silver,25,Cairo,4.2,0,0
R07543,2023-05-01,Bronze,48,Nairobi,3.7,1,0
R07544,2024-06-23,Silver,43,Lagos,4.1,0,1
R07545,2023-10-13,Silver,39,Cairo,5.0,0,1
R07546,2024-09-15,Bronze,45,Lagos,4.0,0,1
R07547,2024-01-13,Gold,48,Nairobi,4.3,0,0
R07548,2024-09-07,Silver,30,Cairo,4.6,0,1
R07549,2023-11-05,Bronze,43,Lagos,4.8,0,0
R07550,2023-12-13,Bronze,32,Nairobi,5.0,0,0
R07551,2023-12-13,Bronze,26,Lagos,3.7,0,0
R07552,2024-03-09,Bronze,30,Cairo,4.3,0,0
R07553,2024-11-18,Bronze,29,Cairo,4.7,0,0
R07554,2024-11-30,Bronze,19,Cairo,4.7,0,1
R07555,2024-07-04,Bronze,42,Lagos,4.0,0,0
R07556,2024-02-10,Bronze,41,Cairo,4.4,0,1
R07557,2023-05-28,Bronze,44,Lagos,4.4,1,0
R07558,2024-01-16,Gold,32,Nairobi,4.9,0,0
R07559,2025-02-06,Gold,36,Nairobi,5.0,0,0
R07560,2024-09-03,Bronze,38,Lagos,4.5,0,0
R07561,2024-10-21,Silver,45,Cairo,4.3,0,0
R07562,2025-02-27,Silver,23,Lagos,4.8,0,1
R07563,2024-08-27,Bronze,18,Cairo,4.3,0,1
R07564,2025-01-30,Bronze,27,Nairobi,4.1,0,0
R07565,2023-12-17,Gold,36,Lagos,4.2,0,1
R07566,2023-09-05,Bronze,43,Cairo,3.7,1,0
R07567,2024-08-22,Platinum,30,Nairobi,4.4,0,0
R07568,2024-06-07,Bronze,40,Nairobi,4.0,0,0
R07569,2023-10-12,Bronze,34,Cairo,4.2,0,0
R07570,2024-11-14,Bronze,34,Lagos,4.8,0,1
R07571,2024-05-25,Silver,37,Nairobi,4.2,0,1
R07572,2024-03-30,Platinum,26,Nairobi,4.4,0,0
R07573,2023-08-08,Bronze,25,Lagos,4.3,0,0
R07574,2024-05-05,Bronze,20,Lagos,4.8,0,0
R07575,2025-02-25,Gold,34,Lagos,4.2,0,1
R07576,2024-09-18,Silver,27,Lagos,4.5,0,1
R07577,2025-01-28,Bronze,25,Cairo,4.0,0,1
R07578,2023-10-16,Silver,37,Cairo,3.6,0,1
R07579,2024-10-17,Platinum,33,Nairobi,4.5,0,1
R07580,2023-12-13,Gold,36,Lagos,4.7,1,0
R07581,2024-07-20,Bronze,41,Nairobi,4.3,0,0
R07582,2024-07-29,Bronze,50,Cairo,3.8,0,1
R07583,2023-12-30,Silver,31,Cairo,4.6,0,1
R07584,2024-01-28,Bronze,21,Cairo,4.2,0,0
R07585,2024-01-27,Silver,26,Lagos,5.0,0,0
R07586,2024-11-06,Bronze,18,Lagos,4.7,0,0
R07587,2024-03-08,Bronze,32,Lagos,4.6,0,0
R07588,2023-09-09,Bronze,46,Nairobi,4.4,0,0
R07589,2023-07-09,Bronze,28,Lagos,4.2,0,0
R07590,2023-12-08,Bronze,34,Lagos,4.6,0,0
R07591,2025-04-26,Silver,32,Cairo,3.5,0,0
R07592,2023-08-03,Bronze,34,Nairobi,4.2,0,0
R07593,2025-01-25,Silver,60,Cairo,4.0,0,0
R07594,2024-06-04,Bronze,18,Nairobi,3.7,0,1
R07595,2025-04-15,Silver,29,Cairo,5.0,0,0
R07596,2024-01-09,Gold,40,Lagos,4.5,0,1
R07597,2024-12-21,Bronze,23,Lagos,3.9,0,0
R07598,2023-06-12,Gold,41,Nairobi,4.9,0,0
R07599,2023-08-31,Bronze,49,Nairobi,4.3,1,0
R07600,2024-09-13,Bronze,35,Cairo,4.3,0,0
R07601,2024-06-23,Silver,38,Lagos,5.0,0,1
R07602,2024-10-18,Silver,26,Nairobi,3.4,0,0
R07603,2024-11-12,Bronze,18,Nairobi,4.9,1,0
R07604,2023-07-26,Bronze,20,Nairobi,4.7,0,1
R07605,2024-07-08,Silver,21,Cairo,4.8,0,0
R07606,2023-06-07,Bronze,41,Lagos,4.6,0,0
R07607,2024-06-05,Bronze,25,Cairo,3.5,0,0
R07608,2024-06-12,Gold,36,Cairo,4.6,0,0
R07609,2025-01-20,Bronze,48,Cairo,4.3,0,0
R07610,2024-01-29,Bronze,40,Lagos,4.8,0,1
R07611,2024-06-24,Silver,44,Lagos,4.2,0,0
R07612,2023-09-18,Bronze,41,Lagos,4.7,0,0
R07613,2023-08-20,Bronze,39,Cairo,4.7,0,0
R07614,2024-12-29,Silver,32,Cairo,4.7,0,0
R07615,2023-12-22,Gold,38,Nairobi,4.1,0,1
R07616,2023-12-13,Bronze,39,Cairo,5.0,0,0
R07617,2024-08-13,Bronze,25,Nairobi,3.7,0,1
R07618,2023-06-30,Bronze,30,Nairobi,4.0,0,0
R07619,2024-04-18,Bronze,46,Cairo,4.7,0,0
R07620,2024-08-22,Silver,37,Lagos,4.3,0,1
R07621,2024-07-28,Bronze,30,Lagos,4.3,0,0
R07622,2025-03-22,Bronze,41,Lagos,4.3,0,0
R07623,2024-12-08,Bronze,41,Lagos,5.0,0,0
R07624,2024-10-12,Gold,31,Cairo,4.6,0,0
R07625,2023-07-07,Bronze,29,Cairo,5.0,1,1
R07626,2024-02-18,Bronze,35,Nairobi,4.7,0,0
R07627,2023-11-06,Bronze,32,Lagos,4.1,1,1
R07628,2024-01-29,Silver,18,Nairobi,4.8,0,0
R07629,2025-01-25,Bronze,48,Nairobi,5.0,0,0
R07630,2023-11-30,Silver,28,Cairo,4.3,0,0
R07631,2024-06-10,Bronze,32,Lagos,4.7,0,0
R07632,2024-03-20,Bronze,42,Lagos,3.7,0,0
R07633,2023-11-28,Bronze,26,Nairobi,4.0,0,0
R07634,2023-10-02,Bronze,28,Nairobi,4.3,0,0
R07635,2024-08-27,Gold,30,Lagos,4.2,0,0
R07636,2025-02-20,Bronze,18,Lagos,5.0,0,1
R07637,2024-09-19,Bronze,36,Lagos,4.9,0,0
R07638,2023-08-27,Gold,53,Cairo,3.9,0,1
R07639,2023-12-29,Bronze,36,Lagos,4.4,0,0
R07640,2024-02-28,Bronze,43,Lagos,3.8,1,0
R07641,2023-10-01,Bronze,39,Nairobi,3.9,0,0
R07642,2023-08-24,Bronze,19,Lagos,4.5,0,0
R07643,2023-06-21,Bronze,24,Cairo,5.0,0,0
R07644,2024-03-03,Bronze,39,Nairobi,4.4,1,1
R07645,2024-08-18,Silver,40,Lagos,5.0,0,1
R07646,2024-11-24,Silver,41,Nairobi,5.0,0,1
R07647,2024-06-20,Bronze,24,Nairobi,4.0,0,0
R07648,2024-12-07,Bronze,27,Cairo,4.7,1,0
R07649,2023-11-04,Bronze,41,Lagos,4.6,0,0
R07650,2024-03-27,Silver,35,Nairobi,4.2,0,0
R07651,2024-11-01,Silver,45,Lagos,4.0,0,0
R07652,2025-01-31,Bronze,18,Lagos,5.0,0,0
R07653,2023-10-16,Bronze,42,Cairo,4.4,0,0
R07654,2023-09-16,Bronze,31,Cairo,4.3,1,0
R07655,2023-05-13,Platinum,32,Lagos,4.9,0,1
R07656,2023-09-01,Silver,37,Lagos,4.0,0,0
R07657,2024-03-18,Bronze,44,Lagos,3.8,0,0
R07658,2024-12-16,Bronze,21,Lagos,3.5,0,0
R07659,2025-01-03,Silver,47,Cairo,5.0,1,0
R07660,2024-10-03,Bronze,31,Lagos,4.5,0,0
R07661,2024-12-05,Bronze,52,Lagos,4.5,1,1
R07662,2025-02-28,Bronze,54,Nairobi,4.3,0,0
R07663,2024-08-28,Silver,42,Nairobi,4.5,0,0
R07664,2023-05-19,Bronze,40,Cairo,5.0,0,0
R07665,2024-09-25,Bronze,28,Nairobi,4.5,0,0
R07666,2025-03-30,Bronze,26,Cairo,4.9,0,0
R07667,2023-11-23,Silver,47,Lagos,4.9,1,1
R07668,2024-01-14,Bronze,30,Nairobi,4.6,0,1
R07669,2025-04-02,Bronze,33,Lagos,5.0,0,0
R07670,2023-11-25,Silver,51,Nairobi,4.6,0,1
R07671,2024-12-13,Silver,28,Cairo,4.2,0,1
R07672,2023-07-27,Bronze,39,Lagos,5.0,1,0
R07673,2023-09-30,Gold,26,Nairobi,3.8,0,1
R07674,2024-07-08,Bronze,39,Lagos,4.2,0,0
R07675,2024-08-09,Bronze,18,Nairobi,4.2,0,1
R07676,2024-02-04,Silver,25,Lagos,4.4,0,0
R07677,2024-01-03,Bronze,29,Lagos,4.5,0,0
R07678,2023-09-19,Bronze,26,Nairobi,4.9,0,0
R07679,2024-03-20,Bronze,45,Lagos,5.0,0,1
R07680,2023-08-08,Bronze,18,Lagos,4.7,0,0
R07681,2024-09-21,Silver,33,Lagos,4.9,0,0
R07682,2023-09-20,Bronze,29,Lagos,4.7,0,0
R07683,2024-02-10,Bronze,38,Nairobi,4.3,0,0
R07684,2024-11-14,Bronze,40,Lagos,4.8,1,0
R07685,2024-04-08,Silver,45,Nairobi,4.3,0,0
R07686,2025-02-21,Bronze,25,Lagos,2.9,0,1
R07687,2023-12-19,Silver,38,Lagos,3.7,0,1
R07688,2023-06-08,Silver,43,Cairo,4.5,0,0
R07689,2025-01-15,Bronze,59,Cairo,5.0,0,1
R07690,2024-03-23,Silver,33,Nairobi,4.8,0,1
R07691,2024-02-25,Bronze,25,Nairobi,4.3,0,0
R07692,2024-01-04,Bronze,37,Nairobi,4.4,0,0
R07693,2023-11-28,Bronze,24,Lagos,5.0,0,0
R07694,2023-08-01,Bronze,31,Nairobi,4.7,0,1
R07695,2024-12-22,Bronze,18,Cairo,4.1,0,0
R07696,2023-07-24,Bronze,33,Nairobi,5.0,0,1
R07697,2023-12-12,Silver,23,Nairobi,4.0,1,1
R07698,2025-03-16,Gold,44,Lagos,4.4,0,0
R07699,2023-05-24,Silver,26,Nairobi,4.4,0,1
R07700,2024-09-22,Gold,41,Nairobi,4.9,0,0
R07701,2025-02-21,Bronze,46,Nairobi,4.0,1,0
R07702,2024-02-12,Silver,23,Nairobi,4.4,0,0
R07703,2023-07-18,Bronze,27,Lagos,5.0,0,0
R07704,2025-01-25,Gold,36,Cairo,4.3,0,0
R07705,2024-10-25,Bronze,43,Nairobi,5.0,0,0
R07706,2024-01-14,Bronze,40,Lagos,4.5,0,0
R07707,2023-07-03,Bronze,25,Lagos,4.4,0,0
R07708,2023-05-13,Platinum,39,Nairobi,3.8,0,0
R07709,2024-02-02,Silver,46,Cairo,4.0,1,1
R07710,2023-05-07,Gold,26,Cairo,4.4,0,0
R07711,2024-01-04,Bronze,37,Lagos,4.2,0,0
R07712,2023-05-07,Silver,29,Lagos,4.8,0,0
R07713,2024-04-29,Gold,40,Lagos,4.9,0,1
R07714,2025-01-02,Silver,35,Cairo,4.4,0,0
R07715,2024-08-12,Bronze,46,Lagos,4.2,0,0
R07716,2025-01-08,Silver,31,Cairo,4.0,0,0
R07717,2023-11-25,Bronze,31,Lagos,4.3,0,0
R07718,2024-07-23,Silver,28,Nairobi,4.2,0,0
R07719,2024-01-17,Bronze,35,Cairo,4.8,0,1
R07720,2024-01-17,Bronze,30,Cairo,4.4,0,0
R07721,2025-01-25,Bronze,36,Nairobi,4.2,0,0
R07722,2023-05-20,Bronze,26,Lagos,3.4,0,1
R07723,2023-12-19,Bronze,36,Lagos,4.0,0,1
R07724,2024-01-27,Silver,38,Cairo,4.6,0,0
R07725,2024-07-11,Platinum,29,Lagos,5.0,0,1
R07726,2023-06-27,Silver,31,Nairobi,4.2,0,0
R07727,2023-12-24,Bronze,28,Cairo,4.3,0,1
R07728,2024-11-13,Silver,34,Cairo,3.8,0,0
R07729,2024-06-26,Bronze,29,Lagos,4.2,0,0
R07730,2024-07-17,Bronze,45,Lagos,4.3,0,0
R07731,2023-08-19,Bronze,44,Cairo,4.6,0,0
R07732,2024-01-21,Gold,46,Cairo,4.7,0,0
R07733,2024-09-14,Bronze,45,Lagos,4.8,0,0
R07734,2024-12-04,Bronze,39,Lagos,4.6,0,0
R07735,2024-07-28,Bronze,18,Cairo,4.2,1,0
R07736,2024-12-06,Bronze,37,Cairo,4.3,0,0
R07737,2025-02-14,Bronze,36,Cairo,3.8,0,0
R07738,2024-01-08,Bronze,61,Lagos,3.4,0,1
R07739,2023-10-21,Platinum,24,Cairo,5.0,0,0
R07740,2023-06-08,Bronze,42,Nairobi,4.4,0,0
R07741,2024-02-21,Silver,46,Lagos,3.8,0,0
R07742,2023-12-19,Silver,53,Nairobi,4.7,1,0
R07743,2023-09-19,Bronze,30,Nairobi,5.0,0,0
R07744,2024-05-22,Bronze,39,Nairobi,3.5,0,0
R07745,2024-03-01,Silver,41,Cairo,4.2,0,1
R07746,2023-07-04,Silver,37,Lagos,5.0,0,0
R07747,2023-11-11,Bronze,44,Lagos,5.0,0,0
R07748,2023-05-30,Bronze,40,Lagos,3.5,0,0
R07749,2024-08-14,Bronze,34,Cairo,4.1,0,1
R07750,2024-06-10,Bronze,35,Lagos,4.0,0,0
R07751,2024-05-26,Gold,36,Cairo,4.6,0,0
R07752,2025-03-17,Bronze,54,Lagos,5.0,1,0
R07753,2023-04-27,Bronze,26,Nairobi,4.8,0,0
R07754,2024-06-27,Bronze,43,Nairobi,5.0,0,0
R07755,2024-12-14,Bronze,33,Nairobi,4.3,0,1
R07756,2024-02-07,Platinum,52,Cairo,4.4,0,0
R07757,2024-01-21,Silver,43,Nairobi,4.0,0,0
R07758,2024-01-24,Bronze,35,Cairo,4.0,0,0
R07759,2024-02-20,Bronze,25,Nairobi,4.0,0,0
R07760,2024-06-26,Platinum,41,Nairobi,4.9,0,0
R07761,2023-07-18,Bronze,26,Nairobi,3.8,0,1
R07762,2025-04-22,Gold,50,Nairobi,4.7,0,0
R07763,2024-05-02,Bronze,36,Nairobi,4.6,0,1
R07764,2023-09-03,Silver,32,Cairo,5.0,0,0
R07765,2023-04-28,Bronze,42,Nairobi,3.5,0,1
R07766,2024-09-24,Platinum,31,Nairobi,4.8,0,1
R07767,2024-04-25,Bronze,34,Lagos,4.2,0,1
R07768,2024-03-23,Bronze,43,Lagos,3.7,1,1
R07769,2024-08-22,Silver,24,Cairo,4.4,0,1
R07770,2023-07-20,Bronze,18,Lagos,4.6,1,0
R07771,2024-10-08,Silver,25,Cairo,4.7,0,0
R07772,2024-07-18,Bronze,36,Cairo,4.0,0,0
R07773,2024-01-15,Silver,41,Nairobi,3.8,0,1
R07774,2024-03-02,Bronze,29,Cairo,4.4,0,0
R07775,2024-09-30,Bronze,38,Cairo,3.5,0,0
R07776,2024-09-15,Silver,28,Lagos,5.0,0,0
R07777,2024-04-11,Bronze,45,Nairobi,4.0,0,0
R07778,2023-08-30,Bronze,23,Lagos,4.7,0,1
R07779,2023-07-15,Gold,32,Lagos,5.0,0,0
R07780,2024-12-15,Silver,38,Cairo,3.7,0,1
R07781,2024-06-20,Gold,22,Lagos,4.7,0,0
R07782,2024-05-02,Bronze,34,Nairobi,4.8,0,0
R07783,2024-08-12,Bronze,28,Lagos,5.0,0,1
R07784,2023-12-16,Bronze,29,Nairobi,5.0,0,0
R07785,2024-09-30,Bronze,43,Lagos,4.7,1,0
R07786,2025-01-13,Bronze,31,Nairobi,4.8,0,1
R07787,2023-12-14,Bronze,27,Cairo,4.4,1,1
R07788,2023-05-29,Silver,31,Nairobi,5.0,0,0
R07789,2024-02-17,Silver,31,Cairo,3.8,0,0
R07790,2023-11-09,Silver,31,Cairo,4.8,0,0
R07791,2024-01-11,Silver,20,Nairobi,3.7,0,0
R07792,2023-07-15,Silver,21,Lagos,4.9,0,0
R07793,2024-07-21,Bronze,45,Cairo,4.8,0,0
R07794,2024-01-09,Gold,23,Nairobi,4.5,0,0
R07795,2023-08-09,Bronze,40,Lagos,3.8,0,1
R07796,2024-04-04,Bronze,29,Cairo,4.1,0,1
R07797,2024-02-08,Silver,21,Nairobi,4.6,0,0
R07798,2024-05-31,Silver,42,Lagos,4.8,0,0
R07799,2024-07-29,Gold,23,Nairobi,4.2,0,1
R07800,2023-06-12,Silver,24,Cairo,5.0,0,0
R07801,2024-08-13,Bronze,33,Nairobi,4.9,0,0
R07802,2024-03-25,Bronze,39,Nairobi,5.0,1,1
R07803,2024-12-16,Bronze,53,Nairobi,4.2,0,1
R07804,2025-03-16,Silver,21,Cairo,3.9,0,0
R07805,2024-03-12,Bronze,41,Cairo,5.0,0,1
R07806,2023-12-31,Gold,37,Nairobi,4.7,0,0
R07807,2024-01-13,Bronze,37,Cairo,3.8,0,0
R07808,2023-06-26,Bronze,33,Nairobi,4.9,0,0
R07809,2024-03-09,Silver,49,Lagos,3.8,0,0
R07810,2024-05-04,Silver,18,Nairobi,3.6,0,0
R07811,2025-02-01,Bronze,43,Lagos,4.4,0,1
R07812,2023-08-11,Bronze,40,Nairobi,4.4,0,0
R07813,2024-05-05,Bronze,36,Cairo,4.8,0,0
R07814,2024-07-02,Silver,46,Nairobi,3.8,0,0
R07815,2024-01-10,Bronze,22,Lagos,4.5,0,0
R07816,2023-08-27,Gold,21,Cairo,4.7,0,1
R07817,2023-05-19,Silver,30,Lagos,4.8,0,0
R07818,2023-08-22,Platinum,25,Nairobi,4.2,0,0
R07819,2024-03-24,Bronze,30,Cairo,5.0,0,0
R07820,2024-08-23,Platinum,31,Cairo,4.2,0,1
R07821,2023-05-21,Bronze,40,Nairobi,4.1,0,1
R07822,2024-08-11,Bronze,45,Lagos,4.3,0,0
R07823,2024-04-23,Bronze,32,Cairo,3.9,0,1
R07824,2024-08-03,Silver,58,Nairobi,4.2,0,0
R07825,2024-09-04,Silver,40,Nairobi,4.3,0,0
R07826,2023-10-04,Silver,21,Lagos,4.7,0,1
R07827,2024-11-04,Bronze,36,Nairobi,4.5,0,1
R07828,2025-04-16,Gold,43,Nairobi,4.0,0,0
R07829,2023-05-04,Platinum,42,Nairobi,3.9,0,0
R07830,2024-09-29,Silver,35,Nairobi,4.4,0,0
R07831,2024-04-22,Gold,21,Lagos,5.0,0,0
R07832,2024-12-20,Silver,44,Nairobi,4.9,0,0
R07833,2023-11-15,Bronze,32,Cairo,4.2,0,1
R07834,2025-01-29,Silver,27,Nairobi,5.0,0,0
R07835,2024-10-16,Bronze,22,Nairobi,3.3,0,1
R07836,2024-02-26,Bronze,42,Lagos,3.7,0,0
R07837,2025-03-23,Silver,29,Cairo,4.0,0,0
R07838,2024-01-15,Silver,38,Cairo,4.9,0,1
R07839,2024-04-11,Bronze,22,Nairobi,4.6,1,0
R07840,2024-10-21,Gold,48,Nairobi,4.3,0,0
R07841,2023-10-23,Bronze,46,Lagos,4.0,0,0
R07842,2024-03-24,Silver,28,Cairo,3.7,1,1
R07843,2024-07-08,Bronze,18,Cairo,4.5,0,0
R07844,2024-03-01,Silver,27,Cairo,4.4,0,0
R07845,2023-06-22,Silver,33,Nairobi,5.0,0,0
R07846,2023-12-19,Bronze,32,Cairo,4.9,0,1
R07847,2023-11-25,Bronze,26,Lagos,3.8,0,0
R07848,2024-09-22,Gold,48,Nairobi,5.0,0,0
R07849,2024-10-27,Bronze,33,Lagos,4.7,0,0
R07850,2024-08-28,Silver,47,Nairobi,4.9,0,0
R07851,2025-04-07,Bronze,32,Nairobi,4.3,0,0
R07852,2025-03-14,Bronze,23,Lagos,4.3,0,0
R07853,2024-03-17,Bronze,27,Lagos,3.7,0,0
R07854,2023-12-27,Bronze,32,Cairo,4.8,0,0
R07855,2023-06-21,Bronze,44,Cairo,5.0,0,1
R07856,2024-09-26,Silver,28,Cairo,5.0,0,0
R07857,2025-01-09,Bronze,34,Lagos,4.4,0,1
R07858,2023-08-09,Silver,18,Cairo,4.2,0,0
R07859,2024-02-11,Platinum,42,Nairobi,4.2,0,0
R07860,2024-11-06,Silver,44,Lagos,4.4,0,0
R07861,2023-09-01,Bronze,49,Nairobi,5.0,0,0
R07862,2024-04-19,Bronze,30,Nairobi,4.3,0,0
R07863,2024-07-10,Bronze,25,Cairo,4.4,0,1
R07864,2024-02-08,Platinum,18,Nairobi,4.0,0,1
R07865,2024-11-09,Silver,49,Nairobi,5.0,0,0
R07866,2023-12-07,Bronze,30,Lagos,4.9,1,0
R07867,2024-03-15,Silver,39,Cairo,4.6,0,0
R07868,2024-06-15,Bronze,23,Nairobi,4.8,1,0
R07869,2023-12-06,Silver,43,Cairo,5.0,0,1
R07870,2023-08-04,Silver,35,Nairobi,4.7,0,0
R07871,2025-02-03,Silver,43,Lagos,5.0,0,0
R07872,2024-03-12,Bronze,19,Nairobi,4.9,0,1
R07873,2024-03-26,Bronze,39,Nairobi,4.5,0,0
R07874,2023-09-08,Bronze,27,Nairobi,5.0,0,0
R07875,2024-04-10,Bronze,31,Lagos,5.0,0,0
R07876,2024-01-22,Bronze,21,Nairobi,4.1,0,0
R07877,2025-03-06,Gold,39,Cairo,4.0,0,0
R07878,2025-04-06,Gold,45,Cairo,4.7,0,0
R07879,2024-01-14,Bronze,26,Lagos,3.7,0,1
R07880,2023-05-26,Bronze,18,Cairo,3.4,0,1
R07881,2023-06-07,Bronze,40,Lagos,4.4,0,0
R07882,2025-01-14,Bronze,54,Cairo,4.5,1,0
R07883,2025-03-11,Bronze,25,Cairo,4.2,0,0
R07884,2023-05-18,Silver,29,Lagos,4.5,0,0
R07885,2024-08-25,Bronze,18,Cairo,5.0,0,1
R07886,2023-06-21,Bronze,18,Lagos,5.0,0,0
R07887,2023-07-21,Bronze,29,Cairo,4.7,0,0
R07888,2024-09-11,Bronze,35,Nairobi,4.6,0,0
R07889,2025-02-15,Platinum,34,Nairobi,4.8,0,1
R07890,2023-12-23,Bronze,46,Cairo,5.0,0,1
R07891,2025-04-16,Bronze,41,Lagos,4.0,0,1
R07892,2024-09-03,Gold,47,Lagos,4.6,0,0
R07893,2024-05-22,Gold,35,Cairo,4.2,0,1
R07894,2024-07-25,Bronze,37,Nairobi,4.1,0,0
R07895,2024-06-01,Bronze,34,Cairo,3.9,0,0
R07896,2024-06-06,Bronze,25,Cairo,4.8,0,0
R07897,2024-02-29,Bronze,28,Cairo,4.2,0,1
R07898,2024-12-31,Bronze,29,Cairo,4.6,1,0
R07899,2024-06-06,Silver,18,Lagos,4.8,1,1
R07900,2024-09-13,Silver,29,Lagos,4.3,0,1
R07901,2024-07-07,Bronze,41,Nairobi,5.0,0,1
R07902,2024-01-13,Silver,38,Nairobi,3.9,0,1
R07903,2023-10-18,Silver,43,Cairo,4.6,0,0
R07904,2024-01-24,Bronze,26,Nairobi,3.7,0,0
R07905,2025-03-11,Gold,47,Nairobi,4.4,0,1
R07906,2023-11-08,Gold,18,Lagos,4.8,0,0
R07907,2024-03-31,Bronze,46,Nairobi,3.8,1,0
R07908,2024-01-15,Bronze,34,Cairo,5.0,0,0
R07909,2024-04-06,Platinum,34,Lagos,5.0,0,0
R07910,2024-04-09,Bronze,22,Nairobi,4.9,0,0
R07911,2023-11-24,Bronze,26,Nairobi,4.5,0,0
R07912,2023-09-01,Silver,29,Nairobi,4.3,0,0
R07913,2025-04-12,Bronze,34,Nairobi,4.0,0,0
R07914,2024-10-12,Silver,39,Nairobi,4.6,0,0
R07915,2023-04-28,Bronze,33,Cairo,5.0,0,0
R07916,2024-03-08,Silver,28,Nairobi,3.5,0,0
R07917,2024-03-14,Bronze,38,Nairobi,3.9,0,0
R07918,2025-03-04,Bronze,35,Cairo,4.8,0,0
R07919,2024-05-31,Bronze,49,Cairo,4.1,0,0
R07920,2024-01-24,Silver,34,Nairobi,4.1,0,0
R07921,2024-04-25,Bronze,36,Cairo,5.0,0,1
R07922,2024-06-16,Bronze,38,Cairo,4.8,0,0
R07923,2024-12-17,Bronze,42,Nairobi,3.4,0,1
R07924,2023-08-28,Silver,45,Lagos,4.7,0,0
R07925,2023-07-08,Bronze,28,Lagos,4.5,1,0
R07926,2024-04-25,Silver,28,Cairo,5.0,0,0
R07927,2024-04-03,Platinum,52,Nairobi,4.8,0,0
R07928,2024-02-05,Silver,43,Nairobi,5.0,0,0
R07929,2025-04-04,Bronze,35,Nairobi,4.9,0,1
R07930,2025-01-18,Bronze,47,Nairobi,4.3,0,0
R07931,2024-11-27,Bronze,31,Lagos,4.2,0,0
R07932,2024-04-06,Silver,31,Lagos,4.4,0,0
R07933,2023-05-07,Silver,36,Cairo,3.7,1,0
R07934,2024-10-10,Silver,38,Cairo,4.1,1,1
R07935,2024-03-09,Bronze,33,Lagos,4.6,0,0
R07936,2024-07-24,Silver,51,Nairobi,4.7,0,0
R07937,2024-07-06,Silver,33,Nairobi,3.9,0,0
R07938,2024-09-12,Gold,31,Cairo,4.8,0,0
R07939,2024-06-12,Bronze,32,Cairo,4.1,0,1
R07940,2023-06-06,Bronze,20,Nairobi,4.2,0,0
R07941,2023-11-11,Platinum,26,Cairo,4.6,0,0
R07942,2023-07-09,Silver,32,Nairobi,4.0,0,0
R07943,2023-06-28,Bronze,40,Nairobi,4.1,0,1
R07944,2023-11-28,Bronze,36,Lagos,5.0,0,1
R07945,2024-01-01,Silver,40,Nairobi,4.5,1,0
R07946,2023-05-09,Silver,18,Cairo,4.3,0,0
R07947,2024-06-27,Gold,36,Nairobi,4.5,0,0
R07948,2024-03-09,Bronze,37,Nairobi,4.9,0,0
R07949,2023-09-05,Bronze,40,Nairobi,4.8,0,1
R07950,2025-03-14,Bronze,18,Lagos,3.9,0,0
R07951,2024-03-30,Bronze,46,Cairo,5.0,0,0
R07952,2024-01-22,Gold,37,Nairobi,4.5,1,1
R07953,2024-07-05,Bronze,49,Lagos,4.9,0,0
R07954,2024-03-27,Silver,18,Nairobi,3.9,0,0
R07955,2024-12-13,Bronze,36,Lagos,5.0,0,0
R07956,2024-08-15,Bronze,34,Cairo,5.0,0,0
R07957,2025-01-03,Bronze,26,Lagos,3.8,0,0
R07958,2024-07-31,Bronze,38,Lagos,3.7,0,1
R07959,2024-03-11,Bronze,18,Cairo,4.8,0,1
R07960,2024-08-17,Platinum,24,Cairo,5.0,0,1
R07961,2024-08-12,Bronze,22,Nairobi,5.0,1,0
R07962,2025-02-15,Bronze,33,Lagos,3.9,0,0
R07963,2023-10-09,Silver,40,Cairo,4.4,0,0
R07964,2024-12-01,Bronze,24,Lagos,5.0,0,0
R07965,2024-03-20,Gold,42,Cairo,4.4,0,1
R07966,2024-04-05,Silver,32,Nairobi,4.6,0,0
R07967,2024-09-17,Bronze,47,Lagos,4.7,0,0
R07968,2023-11-10,Gold,38,Lagos,4.1,0,0
R07969,2024-08-02,Bronze,20,Cairo,5.0,0,0
R07970,2023-07-16,Silver,36,Cairo,4.9,0,0
R07971,2023-05-02,Bronze,35,Cairo,3.8,0,0
R07972,2025-01-22,Bronze,47,Nairobi,4.1,0,0
R07973,2024-04-14,Bronze,28,Lagos,4.7,0,0
R07974,2024-11-30,Bronze,36,Cairo,5.0,0,0
R07975,2023-05-15,Bronze,56,Lagos,4.1,0,0
R07976,2025-02-08,Bronze,41,Lagos,5.0,0,1
R07977,2025-04-24,Bronze,24,Lagos,5.0,0,1
R07978,2023-06-10,Bronze,43,Lagos,5.0,1,0
R07979,2025-01-21,Bronze,48,Nairobi,4.6,0,1
R07980,2024-11-17,Bronze,41,Nairobi,3.7,0,0
R07981,2024-05-30,Bronze,37,Cairo,4.5,0,0
R07982,2023-05-23,Bronze,47,Lagos,4.6,0,1
R07983,2024-09-30,Bronze,29,Cairo,4.6,0,0
R07984,2025-04-02,Gold,31,Lagos,4.6,0,0
R07985,2023-11-23,Bronze,30,Cairo,4.2,0,0
R07986,2023-05-18,Bronze,31,Nairobi,4.1,0,0
R07987,2023-07-16,Silver,40,Lagos,4.0,0,1
R07988,2024-11-03,Bronze,34,Lagos,4.2,0,0
R07989,2024-09-19,Bronze,30,Nairobi,4.0,0,0
R07990,2023-12-17,Gold,44,Nairobi,3.8,0,0
R07991,2024-11-26,Silver,25,Nairobi,4.2,0,0
R07992,2023-10-06,Platinum,28,Cairo,4.6,0,0
R07993,2024-07-13,Bronze,23,Nairobi,4.7,0,0
R07994,2025-04-01,Gold,28,Cairo,4.7,0,1
R07995,2025-04-01,Bronze,41,Lagos,4.0,0,0
R07996,2024-01-27,Bronze,43,Lagos,4.9,0,0
R07997,2024-04-08,Gold,21,Nairobi,4.2,0,0
R07998,2024-06-01,Platinum,37,Nairobi,4.8,1,0
R07999,2024-11-08,Silver,43,Cairo,4.9,0,1
R08000,2024-01-27,Gold,45,Lagos,4.8,1,0
R08001,2024-09-22,Bronze,32,Nairobi,5.0,0,0
R08002,2024-05-07,Bronze,45,Lagos,5.0,1,1
R08003,2024-07-06,Bronze,39,Cairo,4.9,0,1
R08004,2024-01-31,Bronze,18,Cairo,5.0,0,0
R08005,2023-09-01,Bronze,40,Lagos,3.8,0,0
R08006,2023-11-30,Bronze,45,Cairo,4.6,0,0
R08007,2024-07-29,Gold,45,Lagos,4.3,0,1
R08008,2023-10-22,Bronze,27,Lagos,4.2,0,1
R08009,2023-09-16,Bronze,31,Cairo,4.5,0,0
R08010,2023-07-24,Bronze,31,Nairobi,4.3,0,0
R08011,2023-10-16,Bronze,38,Nairobi,4.6,0,1
R08012,2024-06-21,Gold,20,Lagos,3.8,0,1
R08013,2025-02-09,Bronze,41,Lagos,5.0,0,0
R08014,2024-02-24,Gold,25,Nairobi,3.7,0,1
R08015,2024-08-13,Silver,39,Cairo,4.4,0,0
R08016,2023-09-28,Bronze,46,Nairobi,4.0,0,1
R08017,2025-02-01,Bronze,51,Cairo,4.2,0,0
R08018,2025-03-24,Bronze,20,Lagos,5.0,1,0
R08019,2024-03-02,Bronze,36,Cairo,4.2,0,0
R08020,2024-06-05,Bronze,21,Lagos,4.2,0,1
R08021,2025-04-02,Bronze,18,Lagos,3.6,0,0
R08022,2024-07-14,Silver,47,Lagos,4.4,0,1
R08023,2024-02-09,Bronze,27,Nairobi,5.0,1,0
R08024,2023-05-01,Silver,44,Nairobi,4.9,0,0
R08025,2023-10-29,Bronze,27,Nairobi,5.0,1,0
R08026,2023-06-03,Bronze,30,Lagos,4.5,0,0
R08027,2025-03-12,Silver,18,Nairobi,4.6,0,0
R08028,2024-06-26,Silver,31,Lagos,4.2,0,0
R08029,2023-09-09,Bronze,30,Nairobi,4.8,0,0
R08030,2025-04-08,Bronze,40,Lagos,5.0,0,1
R08031,2025-02-26,Bronze,40,Nairobi,4.4,0,0
R08032,2023-11-29,Silver,38,Cairo,3.7,0,0
R08033,2023-12-16,Bronze,52,Cairo,4.9,0,1
R08034,2024-05-20,Silver,41,Nairobi,4.0,1,0
R08035,2023-08-21,Bronze,34,Cairo,3.9,0,1
R08036,2025-04-05,Gold,39,Nairobi,3.5,0,1
R08037,2023-05-15,Bronze,38,Cairo,4.5,0,0
R08038,2023-07-14,Bronze,56,Cairo,4.7,0,0
R08039,2024-11-29,Gold,39,Cairo,4.3,0,0
R08040,2023-08-10,Bronze,27,Lagos,4.8,0,1
R08041,2023-06-26,Bronze,28,Cairo,4.6,0,0
R08042,2023-07-20,Bronze,34,Lagos,5.0,0,0
R08043,2023-08-01,Bronze,23,Nairobi,3.5,0,0
R08044,2024-12-25,Bronze,39,Nairobi,4.7,0,0
R08045,2025-03-05,Bronze,32,Cairo,4.4,0,0
R08046,2025-04-15,Platinum,18,Lagos,4.2,0,0
R08047,2024-03-01,Bronze,46,Lagos,3.9,0,0
R08048,2025-04-05,Gold,26,Cairo,3.8,0,0
R08049,2024-07-03,Gold,46,Lagos,5.0,0,0
R08050,2025-03-02,Bronze,38,Lagos,5.0,0,1
R08051,2024-04-16,Bronze,29,Nairobi,4.5,0,0
R08052,2025-01-23,Bronze,42,Cairo,5.0,0,0
R08053,2024-11-28,Bronze,26,Cairo,4.6,0,0
R08054,2023-12-24,Bronze,36,Lagos,4.5,0,0
R08055,2024-10-31,Bronze,19,Nairobi,4.6,0,0
R08056,2024-11-18,Silver,36,Nairobi,4.7,1,1
R08057,2023-12-19,Bronze,18,Lagos,4.2,0,0
R08058,2025-01-30,Silver,46,Nairobi,4.9,0,1
R08059,2025-02-10,Bronze,45,Lagos,4.8,1,1
R08060,2025-03-31,Bronze,29,Cairo,4.5,0,1
R08061,2025-03-15,Bronze,21,Lagos,4.4,0,0
R08062,2023-09-19,Bronze,42,Cairo,4.2,0,0
R08063,2025-01-09,Silver,34,Cairo,5.0,0,0
R08064,2023-11-30,Platinum,32,Lagos,4.9,0,0
R08065,2024-01-01,Silver,39,Nairobi,3.7,0,0
R08066,2024-09-05,Silver,24,Lagos,3.4,0,0
R08067,2023-06-02,Gold,23,Lagos,4.0,0,1
R08068,2024-10-29,Gold,36,Cairo,4.5,0,0
R08069,2024-10-09,Bronze,47,Cairo,4.9,0,0
R08070,2024-04-19,Bronze,38,Cairo,4.3,0,0
R08071,2025-01-06,Bronze,32,Lagos,5.0,0,0
R08072,2023-06-18,Gold,18,Nairobi,3.4,0,1
R08073,2024-12-10,Platinum,36,Nairobi,3.5,0,1
R08074,2024-11-11,Bronze,18,Nairobi,4.0,0,0
R08075,2024-05-23,Gold,20,Cairo,4.4,0,0
R08076,2023-06-15,Bronze,29,Lagos,4.6,0,1
R08077,2024-04-26,Gold,57,Lagos,4.6,1,0
R08078,2023-12-13,Silver,36,Cairo,4.9,0,0
R08079,2023-07-07,Bronze,18,Cairo,4.7,0,1
R08080,2024-08-31,Bronze,33,Nairobi,4.7,0,0
R08081,2024-11-24,Silver,43,Lagos,4.5,0,0
R08082,2024-04-13,Bronze,32,Lagos,4.5,0,1
R08083,2025-03-18,Bronze,32,Nairobi,4.4,0,0
R08084,2024-07-16,Bronze,39,Lagos,4.1,0,1
R08085,2023-10-25,Bronze,34,Lagos,4.8,0,0
R08086,2025-04-19,Bronze,41,Cairo,4.1,0,0
R08087,2024-01-15,Bronze,30,Nairobi,4.5,0,0
R08088,2024-05-05,Gold,36,Lagos,3.8,0,0
R08089,2025-03-15,Bronze,45,Lagos,4.0,0,1
R08090,2025-02-03,Bronze,36,Lagos,3.9,0,0
R08091,2024-11-30,Bronze,28,Cairo,3.9,0,1
R08092,2024-08-22,Silver,48,Nairobi,4.5,0,0
R08093,2023-12-29,Silver,50,Lagos,3.2,0,0
R08094,2024-09-23,Silver,37,Cairo,3.7,1,0
R08095,2024-12-23,Bronze,26,Cairo,5.0,0,0
R08096,2024-10-25,Bronze,29,Nairobi,4.6,0,1
R08097,2023-05-14,Bronze,31,Lagos,4.5,0,1
R08098,2023-07-02,Gold,39,Cairo,4.6,0,0
R08099,2025-02-04,Silver,41,Lagos,5.0,0,0
R08100,2024-01-13,Bronze,35,Nairobi,4.8,1,1
R08101,2024-12-31,Platinum,31,Nairobi,5.0,0,0
R08102,2023-12-02,Bronze,25,Cairo,4.7,0,0
R08103,2025-04-13,Bronze,48,Lagos,4.2,0,0
R08104,2025-03-30,Silver,26,Nairobi,4.9,0,1
R08105,2024-08-31,Bronze,39,Lagos,4.9,0,0
R08106,2023-07-23,Bronze,29,Nairobi,4.6,1,0
R08107,2024-05-02,Bronze,31,Cairo,4.0,0,0
R08108,2023-11-06,Bronze,26,Nairobi,4.3,0,0
R08109,2024-05-29,Silver,32,Nairobi,4.8,0,0
R08110,2023-10-30,Bronze,18,Lagos,5.0,1,0
R08111,2025-03-14,Bronze,32,Nairobi,4.5,1,0
R08112,2025-01-05,Bronze,34,Cairo,4.7,0,0
R08113,2024-09-08,Silver,34,Nairobi,4.4,0,1
R08114,2024-04-29,Bronze,32,Nairobi,4.6,0,1
R08115,2025-01-20,Bronze,26,Lagos,4.9,0,0
R08116,2024-04-05,Bronze,34,Lagos,5.0,1,1
R08117,2024-12-30,Bronze,18,Nairobi,3.3,0,1
R08118,2025-04-24,Bronze,29,Cairo,5.0,0,0
R08119,2024-03-25,Bronze,30,Lagos,4.6,0,1
R08120,2024-12-04,Silver,53,Nairobi,4.2,0,0
R08121,2025-04-15,Bronze,29,Lagos,4.1,0,0
R08122,2024-12-17,Bronze,30,Nairobi,4.9,0,1
R08123,2024-09-05,Bronze,44,Nairobi,4.7,0,0
R08124,2023-06-24,Bronze,38,Lagos,4.4,0,0
R08125,2023-09-09,Bronze,39,Cairo,4.1,0,0
R08126,2024-12-03,Bronze,34,Nairobi,4.2,0,0
R08127,2023-11-08,Bronze,53,Nairobi,4.7,0,1
R08128,2024-04-23,Bronze,46,Lagos,4.9,0,0
R08129,2025-04-01,Bronze,45,Lagos,5.0,0,1
R08130,2024-06-04,Bronze,41,Lagos,3.6,0,1
R08131,2023-06-15,Gold,40,Lagos,4.7,0,1
R08132,2024-12-13,Bronze,34,Nairobi,3.5,0,0
R08133,2023-10-26,Gold,33,Nairobi,4.7,0,0
R08134,2025-02-26,Bronze,18,Cairo,3.9,1,0
R08135,2023-09-12,Bronze,37,Lagos,4.2,0,0
R08136,2023-08-30,Gold,38,Cairo,3.8,0,0
R08137,2023-05-15,Bronze,39,Cairo,4.4,1,0
R08138,2024-06-11,Silver,34,Lagos,5.0,0,1
R08139,2025-03-23,Bronze,55,Lagos,3.4,0,0
R08140,2025-03-20,Silver,43,Lagos,5.0,0,0
R08141,2023-07-30,Gold,38,Cairo,4.5,0,1
R08142,2023-10-13,Bronze,45,Lagos,4.2,0,1
R08143,2024-04-15,Bronze,42,Nairobi,4.5,0,1
R08144,2023-06-13,Silver,19,Lagos,5.0,0,0
R08145,2024-05-08,Bronze,47,Lagos,4.4,0,0
R08146,2023-05-18,Platinum,41,Cairo,5.0,0,0
R08147,2024-06-02,Platinum,23,Cairo,4.1,0,0
R08148,2023-08-12,Silver,50,Lagos,4.2,0,0
R08149,2024-11-14,Gold,39,Nairobi,4.6,0,0
R08150,2023-06-15,Silver,27,Lagos,4.0,0,1
R08151,2023-12-09,Bronze,27,Lagos,4.3,0,0
R08152,2023-12-09,Bronze,32,Nairobi,4.4,0,0
R08153,2024-02-18,Silver,55,Nairobi,4.0,0,0
R08154,2024-06-13,Bronze,18,Lagos,5.0,0,1
R08155,2024-01-17,Bronze,39,Cairo,5.0,0,0
R08156,2024-09-09,Bronze,37,Lagos,4.0,0,1
R08157,2024-09-09,Bronze,34,Lagos,4.2,0,0
R08158,2024-10-28,Bronze,39,Cairo,5.0,0,0
R08159,2023-05-25,Bronze,25,Lagos,4.2,0,0
R08160,2025-02-25,Bronze,30,Lagos,4.3,0,0
R08161,2024-12-09,Bronze,33,Lagos,4.0,0,1
R08162,2023-11-02,Bronze,18,Lagos,3.4,0,1
R08163,2024-11-12,Platinum,39,Lagos,4.2,0,1
R08164,2024-06-07,Bronze,47,Nairobi,3.9,0,0
R08165,2023-12-22,Bronze,28,Cairo,4.1,0,0
R08166,2025-04-11,Bronze,33,Cairo,4.6,0,0
R08167,2024-06-11,Silver,37,Nairobi,4.7,0,1
R08168,2023-11-10,Bronze,21,Lagos,4.1,0,1
R08169,2023-12-29,Bronze,31,Lagos,5.0,0,0
R08170,2024-10-10,Bronze,24,Lagos,4.0,0,0
R08171,2024-03-16,Bronze,37,Cairo,4.6,0,1
R08172,2024-11-13,Bronze,43,Cairo,4.3,0,1
R08173,2023-04-27,Silver,27,Lagos,4.6,0,1
R08174,2023-07-09,Bronze,23,Nairobi,4.4,0,1
R08175,2024-01-28,Silver,40,Nairobi,4.9,0,0
R08176,2025-04-12,Bronze,28,Lagos,4.8,0,1
R08177,2024-12-23,Bronze,18,Nairobi,4.6,0,0
R08178,2025-04-02,Platinum,48,Lagos,4.7,0,0
R08179,2023-11-20,Bronze,33,Lagos,4.9,0,0
R08180,2023-09-24,Silver,18,Lagos,5.0,0,1
R08181,2024-07-27,Bronze,39,Cairo,4.6,0,0
R08182,2024-11-30,Silver,39,Nairobi,4.9,0,0
R08183,2025-03-09,Bronze,26,Lagos,4.4,0,0
R08184,2023-09-12,Platinum,26,Cairo,3.7,0,0
R08185,2024-08-22,Silver,39,Nairobi,4.5,0,1
R08186,2024-04-09,Bronze,27,Lagos,4.1,0,0
R08187,2024-11-17,Bronze,57,Nairobi,4.1,0,0
R08188,2024-02-10,Bronze,35,Lagos,4.4,0,1
R08189,2024-02-23,Bronze,32,Cairo,5.0,0,1
R08190,2024-03-21,Bronze,30,Cairo,5.0,0,0
R08191,2024-08-26,Silver,44,Lagos,4.4,0,0
R08192,2023-06-18,Bronze,47,Nairobi,3.9,0,0
R08193,2024-12-05,Silver,30,Nairobi,4.6,0,0
R08194,2025-04-14,Silver,40,Cairo,4.9,0,0
R08195,2024-09-30,Silver,43,Nairobi,5.0,0,1
R08196,2025-01-13,Bronze,27,Lagos,4.5,1,0
R08197,2024-06-06,Gold,39,Nairobi,3.7,0,0
R08198,2023-06-15,Bronze,37,Lagos,4.3,0,0
R08199,2024-05-30,Bronze,26,Lagos,4.8,0,0
R08200,2023-08-06,Silver,50,Lagos,4.1,0,0
R08201,2024-05-29,Bronze,36,Nairobi,4.3,0,0
R08202,2024-11-15,Bronze,49,Lagos,4.0,0,0
R08203,2023-05-19,Bronze,34,Cairo,4.7,0,0
R08204,2024-07-27,Bronze,38,Lagos,4.2,1,0
R08205,2024-10-08,Silver,35,Lagos,4.2,0,1
R08206,2023-05-21,Bronze,18,Cairo,4.1,0,0
R08207,2023-07-09,Bronze,19,Cairo,4.0,0,0
R08208,2024-05-25,Silver,39,Lagos,5.0,0,0
R08209,2024-03-29,Bronze,55,Lagos,4.4,0,0
R08210,2024-12-26,Bronze,44,Nairobi,5.0,0,0
R08211,2023-11-05,Bronze,54,Cairo,4.2,0,0
R08212,2024-03-04,Silver,45,Cairo,5.0,0,0
R08213,2024-05-20,Bronze,22,Cairo,4.2,0,1
R08214,2023-06-30,Bronze,38,Cairo,4.5,0,1
R08215,2024-02-20,Gold,18,Nairobi,4.5,0,0
R08216,2023-12-27,Bronze,27,Lagos,4.7,0,1
R08217,2024-01-21,Bronze,22,Cairo,5.0,0,0
R08218,2024-10-06,Bronze,22,Lagos,5.0,0,0
R08219,2025-03-23,Bronze,36,Cairo,4.1,0,0
R08220,2023-12-14,Platinum,27,Lagos,4.6,0,0
R08221,2024-07-09,Bronze,33,Lagos,4.2,0,1
R08222,2023-11-01,Silver,47,Cairo,4.7,0,0
R08223,2024-11-15,Bronze,32,Nairobi,4.0,0,0
R08224,2025-04-19,Bronze,29,Nairobi,4.4,0,0
R08225,2024-09-10,Platinum,50,Lagos,4.0,0,0
R08226,2023-05-21,Bronze,18,Cairo,4.1,0,0
R08227,2025-02-16,Platinum,36,Cairo,4.7,0,1
R08228,2024-10-29,Bronze,39,Cairo,4.9,0,0
R08229,2025-02-27,Silver,43,Cairo,4.8,0,1
R08230,2023-07-11,Bronze,42,Nairobi,4.3,1,0
R08231,2023-12-26,Bronze,62,Lagos,4.8,0,0
R08232,2023-06-20,Bronze,22,Lagos,5.0,0,1
R08233,2025-03-25,Bronze,57,Cairo,4.6,0,0
R08234,2025-01-02,Bronze,30,Cairo,5.0,0,0
R08235,2024-05-21,Bronze,50,Nairobi,4.3,0,0
R08236,2023-08-07,Bronze,34,Lagos,4.1,0,0
R08237,2024-12-12,Bronze,39,Lagos,4.2,0,0
R08238,2024-09-28,Silver,33,Nairobi,4.4,0,1
R08239,2024-03-01,Bronze,27,Cairo,4.8,0,1
R08240,2025-02-06,Bronze,39,Cairo,4.8,0,0
R08241,2024-11-27,Silver,27,Cairo,4.2,0,0
R08242,2023-08-21,Silver,43,Nairobi,4.4,0,1
R08243,2023-07-09,Silver,25,Cairo,4.4,0,1
R08244,2025-02-26,Silver,23,Cairo,4.5,0,0
R08245,2023-10-24,Silver,34,Cairo,4.1,0,0
R08246,2025-02-07,Gold,31,Nairobi,5.0,0,0
R08247,2025-03-14,Silver,31,Nairobi,5.0,0,1
R08248,2024-04-06,Bronze,47,Cairo,4.4,0,0
R08249,2024-10-02,Bronze,30,Nairobi,4.3,0,0
R08250,2023-07-28,Bronze,24,Nairobi,4.3,0,0
R08251,2024-02-05,Bronze,27,Nairobi,4.5,0,0
R08252,2023-06-01,Silver,35,Cairo,4.9,0,0
R08253,2025-02-05,Bronze,47,Lagos,4.5,0,1
R08254,2024-01-19,Silver,24,Cairo,4.3,0,0
R08255,2023-12-14,Silver,28,Lagos,4.2,0,1
R08256,2023-05-26,Bronze,32,Cairo,4.5,0,0
R08257,2024-10-03,Silver,35,Nairobi,4.4,0,0
R08258,2025-03-27,Bronze,44,Cairo,3.8,0,1
R08259,2024-11-13,Silver,35,Nairobi,4.9,0,1
R08260,2024-03-04,Silver,18,Lagos,4.2,0,1
R08261,2024-05-12,Bronze,20,Nairobi,5.0,0,0
R08262,2024-05-18,Silver,30,Cairo,4.8,0,0
R08263,2025-01-30,Silver,52,Lagos,4.4,0,1
R08264,2025-03-13,Bronze,33,Lagos,4.2,1,0
R08265,2023-08-25,Platinum,43,Nairobi,3.8,0,0
R08266,2025-01-06,Silver,36,Lagos,5.0,0,0
R08267,2024-03-29,Silver,18,Lagos,3.9,0,0
R08268,2024-11-27,Bronze,42,Nairobi,4.9,0,0
R08269,2024-06-22,Bronze,36,Lagos,5.0,0,1
R08270,2024-05-15,Bronze,20,Nairobi,4.3,0,0
R08271,2023-12-13,Gold,22,Cairo,4.0,0,0
R08272,2023-12-29,Bronze,31,Lagos,5.0,1,0
R08273,2024-03-27,Bronze,40,Lagos,5.0,0,0
R08274,2024-01-12,Bronze,38,Cairo,4.4,0,0
R08275,2024-02-24,Platinum,35,Nairobi,4.4,0,0
R08276,2023-11-18,Bronze,33,Nairobi,5.0,1,0
R08277,2024-03-15,Bronze,32,Nairobi,3.8,0,1
R08278,2023-05-16,Bronze,39,Nairobi,4.2,0,0
R08279,2023-10-16,Bronze,45,Cairo,4.5,0,1
R08280,2023-07-31,Bronze,46,Cairo,4.9,0,0
R08281,2023-10-29,Bronze,30,Cairo,4.7,0,1
R08282,2024-05-15,Bronze,42,Nairobi,4.6,0,0
R08283,2024-09-11,Bronze,38,Nairobi,4.8,0,1
R08284,2023-09-10,Bronze,21,Nairobi,4.7,0,1
R08285,2023-12-28,Bronze,48,Cairo,4.4,1,0
R08286,2025-03-21,Bronze,49,Nairobi,5.0,0,1
R08287,2024-12-28,Bronze,41,Nairobi,4.4,0,0
R08288,2024-04-05,Silver,18,Lagos,4.2,0,0
R08289,2024-09-12,Bronze,43,Nairobi,4.2,0,0
R08290,2023-10-19,Platinum,38,Lagos,4.4,0,0
R08291,2024-02-06,Gold,35,Nairobi,4.1,0,0
R08292,2025-03-01,Bronze,39,Cairo,3.9,0,0
R08293,2023-10-03,Gold,31,Nairobi,4.5,0,0
R08294,2023-06-02,Bronze,42,Lagos,5.0,0,0
R08295,2025-02-02,Platinum,27,Cairo,3.7,0,1
R08296,2024-05-19,Bronze,36,Lagos,4.9,0,1
R08297,2024-02-04,Bronze,44,Lagos,4.4,0,0
R08298,2024-08-24,Bronze,21,Nairobi,3.6,0,1
R08299,2025-04-11,Silver,32,Cairo,5.0,0,0
R08300,2024-04-26,Bronze,40,Nairobi,4.8,0,0
R08301,2023-10-30,Bronze,37,Cairo,3.7,0,0
R08302,2023-12-18,Silver,34,Nairobi,5.0,0,0
R08303,2024-08-18,Bronze,27,Nairobi,4.4,0,1
R08304,2024-01-14,Bronze,53,Nairobi,4.3,0,0
R08305,2025-02-15,Bronze,49,Lagos,4.7,0,0
R08306,2024-07-09,Bronze,25,Nairobi,3.8,0,1
R08307,2023-08-03,Silver,37,Cairo,3.9,0,0
R08308,2024-07-17,Bronze,22,Cairo,4.8,0,0
R08309,2023-06-30,Silver,42,Cairo,4.3,0,0
R08310,2023-11-25,Bronze,38,Lagos,4.9,0,0
R08311,2024-03-26,Gold,21,Cairo,5.0,0,0
R08312,2025-03-06,Bronze,22,Lagos,4.6,0,0
R08313,2024-05-20,Gold,38,Nairobi,5.0,0,0
R08314,2024-05-04,Silver,23,Nairobi,4.2,0,0
R08315,2025-01-01,Bronze,58,Nairobi,4.4,0,1
R08316,2024-03-30,Bronze,44,Nairobi,4.2,0,1
R08317,2024-02-02,Silver,43,Nairobi,4.2,0,0
R08318,2024-06-06,Bronze,38,Cairo,5.0,0,1
R08319,2024-12-05,Bronze,27,Cairo,4.0,0,0
R08320,2025-04-22,Silver,24,Cairo,4.1,0,1
R08321,2024-07-20,Bronze,31,Nairobi,4.4,0,0
R08322,2023-09-28,Bronze,35,Cairo,4.7,0,1
R08323,2023-11-12,Silver,30,Lagos,4.2,0,1
R08324,2024-08-23,Silver,30,Lagos,4.9,0,0
R08325,2024-03-11,Bronze,45,Cairo,4.3,0,1
R08326,2024-04-06,Bronze,39,Cairo,4.4,0,0
R08327,2023-12-19,Silver,57,Lagos,4.6,0,0
R08328,2023-05-04,Silver,25,Lagos,3.8,1,1
R08329,2024-04-09,Silver,30,Lagos,5.0,0,1
R08330,2023-12-25,Bronze,33,Lagos,5.0,0,1
R08331,2023-04-28,Platinum,47,Cairo,4.2,0,1
R08332,2024-06-21,Platinum,38,Lagos,4.3,0,0
R08333,2024-11-21,Bronze,29,Nairobi,4.6,0,0
R08334,2024-02-20,Gold,33,Nairobi,4.3,0,0
R08335,2023-07-24,Bronze,40,Lagos,4.4,0,0
R08336,2025-03-03,Gold,19,Lagos,4.5,0,1
R08337,2023-08-05,Bronze,35,Cairo,2.9,0,0
R08338,2024-01-07,Gold,36,Cairo,4.1,0,1
R08339,2024-10-13,Bronze,42,Cairo,4.2,0,0
R08340,2024-12-19,Platinum,18,Cairo,4.0,0,0
R08341,2024-07-29,Bronze,31,Cairo,4.0,1,0
R08342,2024-06-13,Gold,36,Cairo,4.7,0,1
R08343,2023-08-24,Bronze,41,Cairo,4.5,0,1
R08344,2024-02-18,Bronze,52,Nairobi,3.4,0,0
R08345,2024-10-13,Platinum,18,Cairo,4.8,0,0
R08346,2023-05-02,Bronze,34,Cairo,4.0,0,0
R08347,2023-05-11,Bronze,18,Lagos,4.4,0,1
R08348,2024-12-28,Bronze,36,Lagos,4.5,0,1
R08349,2024-06-05,Bronze,40,Lagos,4.3,0,0
R08350,2023-10-19,Silver,38,Lagos,4.1,0,0
R08351,2023-12-05,Gold,39,Nairobi,4.2,0,0
R08352,2025-01-25,Bronze,44,Cairo,3.9,0,1
R08353,2023-09-30,Silver,30,Lagos,4.7,1,1
R08354,2023-11-27,Gold,40,Cairo,4.4,0,0
R08355,2023-05-17,Bronze,37,Cairo,5.0,0,0
R08356,2024-08-25,Silver,42,Nairobi,4.5,0,1
R08357,2024-05-24,Bronze,30,Cairo,4.4,0,0
R08358,2023-12-07,Bronze,36,Nairobi,4.4,0,1
R08359,2025-02-12,Bronze,22,Lagos,4.2,1,1
R08360,2024-04-07,Bronze,52,Nairobi,5.0,0,0
R08361,2025-01-18,Gold,22,Cairo,4.7,0,1
R08362,2024-11-12,Bronze,31,Cairo,4.3,0,1
R08363,2025-03-11,Bronze,42,Cairo,4.2,0,0
R08364,2024-01-02,Silver,43,Cairo,4.1,0,0
R08365,2024-02-25,Bronze,36,Nairobi,4.8,0,0
R08366,2024-01-17,Bronze,29,Cairo,4.4,1,1
R08367,2024-03-17,Bronze,39,Cairo,4.2,0,0
R08368,2024-02-13,Silver,41,Cairo,5.0,1,0
R08369,2024-05-10,Bronze,47,Lagos,4.9,0,0
R08370,2023-09-23,Bronze,38,Lagos,3.9,0,0
R08371,2025-01-28,Bronze,40,Nairobi,4.8,0,1
R08372,2023-07-17,Bronze,32,Nairobi,4.2,0,0
R08373,2024-03-06,Bronze,44,Nairobi,3.9,0,0
R08374,2024-09-19,Gold,58,Cairo,4.6,0,1
R08375,2023-08-27,Bronze,30,Cairo,4.5,0,0
R08376,2024-12-28,Bronze,53,Nairobi,4.5,0,1
R08377,2023-08-18,Silver,36,Nairobi,5.0,0,0
R08378,2023-09-29,Gold,36,Cairo,4.7,0,1
R08379,2024-08-19,Silver,34,Cairo,5.0,0,0
R08380,2023-06-22,Bronze,23,Nairobi,4.3,0,0
R08381,2024-10-04,Bronze,40,Cairo,4.9,1,1
R08382,2024-01-27,Silver,43,Lagos,3.8,0,1
R08383,2024-07-07,Platinum,42,Cairo,4.0,0,0
R08384,2024-03-08,Bronze,37,Nairobi,4.9,0,0
R08385,2024-04-21,Bronze,40,Cairo,4.4,0,0
R08386,2023-04-27,Bronze,34,Cairo,5.0,0,0
R08387,2024-04-01,Silver,52,Lagos,4.0,0,1
R08388,2024-03-27,Bronze,18,Lagos,3.8,0,0
R08389,2023-12-11,Gold,30,Cairo,4.0,0,0
R08390,2023-12-24,Gold,30,Cairo,4.4,0,0
R08391,2023-08-08,Bronze,36,Nairobi,4.3,0,0
R08392,2024-05-17,Gold,26,Lagos,4.2,0,0
R08393,2023-12-24,Bronze,38,Nairobi,4.7,0,0
R08394,2024-05-05,Bronze,26,Cairo,4.3,0,0
R08395,2024-09-30,Bronze,49,Cairo,3.9,0,0
R08396,2024-04-13,Gold,57,Cairo,4.8,0,0
R08397,2024-07-12,Bronze,24,Cairo,4.5,0,1
R08398,2024-06-29,Bronze,22,Lagos,5.0,1,1
R08399,2023-05-11,Bronze,31,Cairo,4.3,1,0
R08400,2025-04-08,Bronze,37,Lagos,4.0,1,0
R08401,2024-04-13,Gold,49,Lagos,3.8,0,0
R08402,2025-03-23,Bronze,28,Cairo,4.5,0,1
R08403,2024-06-24,Bronze,21,Nairobi,4.3,0,0
R08404,2023-05-27,Bronze,52,Cairo,4.0,0,1
R08405,2025-01-17,Platinum,44,Lagos,5.0,0,0
R08406,2023-12-08,Bronze,33,Nairobi,4.1,0,0
R08407,2024-06-26,Bronze,34,Nairobi,5.0,0,1
R08408,2024-01-25,Silver,34,Cairo,3.7,1,1
R08409,2025-04-10,Bronze,25,Cairo,4.7,0,0
R08410,2025-03-02,Silver,32,Nairobi,4.3,0,1
R08411,2024-03-10,Bronze,18,Cairo,5.0,1,0
R08412,2025-02-07,Platinum,43,Lagos,5.0,0,0
R08413,2023-06-28,Platinum,27,Lagos,3.8,0,0
R08414,2024-03-23,Gold,39,Cairo,3.9,0,0
R08415,2024-07-10,Bronze,44,Nairobi,5.0,0,0
R08416,2024-12-28,Gold,40,Nairobi,5.0,0,1
R08417,2023-08-27,Gold,46,Cairo,4.5,0,0
R08418,2023-09-06,Bronze,35,Lagos,4.3,0,0
R08419,2024-04-05,Bronze,45,Nairobi,4.5,0,0
R08420,2024-09-18,Silver,36,Nairobi,4.2,0,0
R08421,2024-03-03,Bronze,43,Nairobi,4.7,0,0
R08422,2024-05-11,Silver,50,Cairo,4.7,0,0
R08423,2025-01-18,Bronze,48,Cairo,4.4,0,1
R08424,2024-04-27,Gold,38,Nairobi,4.9,1,0
R08425,2024-09-04,Bronze,43,Cairo,4.1,0,0
R08426,2023-09-10,Bronze,42,Lagos,4.1,0,1
R08427,2023-11-27,Bronze,31,Lagos,4.6,0,0
R08428,2023-10-23,Bronze,24,Lagos,4.1,0,0
R08429,2024-12-17,Silver,40,Lagos,4.2,0,0
R08430,2023-11-02,Silver,27,Lagos,4.7,0,1
R08431,2024-09-03,Platinum,30,Lagos,3.8,1,0
R08432,2025-04-07,Silver,28,Nairobi,4.9,0,0
R08433,2023-06-22,Silver,34,Cairo,4.1,0,1
R08434,2025-01-20,Bronze,24,Lagos,4.6,0,0
R08435,2023-12-02,Silver,39,Nairobi,4.8,1,0
R08436,2024-10-13,Silver,45,Lagos,3.9,0,1
R08437,2023-09-15,Bronze,50,Cairo,5.0,0,0
R08438,2024-01-04,Platinum,43,Lagos,4.5,0,1
R08439,2023-10-07,Gold,44,Lagos,4.1,0,0
R08440,2023-08-30,Bronze,37,Cairo,4.1,0,0
R08441,2024-01-15,Gold,27,Lagos,4.7,0,1
R08442,2025-04-13,Bronze,38,Lagos,5.0,0,1
R08443,2025-03-12,Bronze,32,Lagos,5.0,1,0
R08444,2024-10-30,Bronze,18,Nairobi,4.6,0,1
R08445,2023-06-02,Bronze,48,Cairo,4.6,0,0
R08446,2023-09-26,Bronze,38,Cairo,4.8,0,0
R08447,2023-12-26,Silver,18,Nairobi,4.6,0,0
R08448,2024-05-07,Platinum,40,Cairo,4.1,0,0
R08449,2023-05-25,Bronze,31,Lagos,5.0,0,0
R08450,2024-09-11,Bronze,41,Lagos,5.0,0,1
R08451,2023-04-27,Silver,32,Lagos,4.4,0,1
R08452,2025-04-15,Bronze,47,Lagos,4.7,0,0
R08453,2023-05-15,Silver,42,Nairobi,4.3,0,1
R08454,2025-02-27,Silver,34,Cairo,4.2,0,0
R08455,2025-04-15,Platinum,38,Nairobi,4.9,0,0
R08456,2024-04-03,Silver,31,Lagos,4.1,0,0
R08457,2025-03-06,Silver,18,Nairobi,4.2,0,0
R08458,2024-06-21,Bronze,42,Lagos,3.8,0,0
R08459,2024-06-30,Silver,18,Cairo,4.5,0,0
R08460,2024-02-01,Bronze,41,Nairobi,4.8,0,0
R08461,2025-03-05,Bronze,35,Nairobi,3.8,0,0
R08462,2024-02-10,Silver,42,Nairobi,4.4,0,1
R08463,2024-03-02,Gold,34,Nairobi,4.2,0,0
R08464,2024-10-08,Bronze,49,Cairo,4.9,0,1
R08465,2024-06-04,Bronze,28,Cairo,4.4,1,0
R08466,2024-10-01,Bronze,30,Cairo,4.7,0,0
R08467,2024-02-17,Bronze,18,Cairo,4.3,0,1
R08468,2024-01-23,Bronze,33,Cairo,4.7,0,0
R08469,2025-01-28,Bronze,45,Lagos,4.7,0,0
R08470,2025-03-10,Silver,36,Lagos,4.6,0,0
R08471,2023-11-10,Silver,22,Lagos,4.1,0,1
R08472,2024-01-10,Bronze,51,Cairo,3.9,0,0
R08473,2024-04-04,Bronze,35,Nairobi,3.8,0,0
R08474,2023-10-09,Bronze,31,Cairo,4.4,0,0
R08475,2023-05-18,Platinum,37,Cairo,4.7,0,1
R08476,2024-08-30,Bronze,28,Lagos,5.0,0,1
R08477,2024-12-21,Gold,47,Cairo,5.0,0,1
R08478,2025-01-16,Bronze,27,Cairo,4.7,0,1
R08479,2024-10-28,Bronze,27,Nairobi,4.8,0,0
R08480,2024-05-10,Bronze,26,Cairo,3.9,0,0
R08481,2023-08-29,Silver,33,Lagos,4.4,0,1
R08482,2024-09-24,Gold,33,Cairo,4.4,1,1
R08483,2025-01-22,Bronze,35,Cairo,4.3,0,0
R08484,2024-06-29,Bronze,27,Lagos,5.0,0,1
R08485,2023-05-19,Silver,25,Nairobi,4.6,0,1
R08486,2024-12-23,Silver,43,Nairobi,4.8,0,0
R08487,2023-08-27,Bronze,27,Nairobi,4.0,0,0
R08488,2024-01-27,Bronze,26,Nairobi,4.6,0,0
R08489,2023-11-22,Bronze,35,Nairobi,4.3,0,0
R08490,2023-04-30,Bronze,31,Nairobi,4.6,0,0
R08491,2023-07-10,Silver,36,Cairo,5.0,0,0
R08492,2023-07-09,Bronze,22,Nairobi,4.7,0,1
R08493,2024-07-16,Bronze,32,Cairo,5.0,0,0
R08494,2024-08-09,Bronze,37,Nairobi,3.6,1,1
R08495,2024-02-05,Silver,43,Lagos,5.0,0,1
R08496,2024-03-22,Bronze,41,Cairo,4.4,0,1
R08497,2024-07-19,Bronze,18,Lagos,3.5,0,0
R08498,2023-09-09,Bronze,46,Nairobi,5.0,0,1
R08499,2024-06-21,Bronze,23,Nairobi,4.8,0,0
R08500,2024-02-13,Bronze,18,Cairo,5.0,1,0
R08501,2024-01-01,Bronze,24,Lagos,4.6,0,0
R08502,2024-07-24,Silver,30,Nairobi,4.4,0,0
R08503,2023-08-21,Silver,26,Nairobi,4.3,0,0
R08504,2024-12-10,Bronze,24,Nairobi,3.7,0,1
R08505,2025-03-15,Bronze,18,Lagos,4.4,0,0
R08506,2024-11-06,Gold,35,Cairo,5.0,0,0
R08507,2024-07-12,Bronze,36,Lagos,4.0,0,1
R08508,2024-03-10,Bronze,52,Cairo,3.6,1,0
R08509,2025-04-17,Bronze,47,Lagos,4.3,0,1
R08510,2024-07-29,Silver,27,Nairobi,4.6,0,0
R08511,2025-04-01,Bronze,26,Nairobi,3.9,0,0
R08512,2024-05-19,Bronze,33,Cairo,4.3,0,0
R08513,2024-10-22,Silver,23,Nairobi,5.0,0,0
R08514,2024-10-12,Platinum,27,Cairo,4.1,0,0
R08515,2023-12-06,Gold,24,Nairobi,5.0,0,0
R08516,2024-01-09,Bronze,28,Lagos,4.0,0,1
R08517,2024-10-28,Bronze,18,Lagos,4.1,1,1
R08518,2023-06-13,Silver,30,Cairo,4.1,0,1
R08519,2025-02-07,Bronze,38,Lagos,4.4,0,1
R08520,2024-02-27,Bronze,39,Lagos,4.9,0,1
R08521,2025-01-12,Bronze,42,Lagos,4.3,0,0
R08522,2024-02-18,Bronze,35,Nairobi,5.0,0,0
R08523,2023-07-15,Bronze,44,Nairobi,4.1,0,0
R08524,2024-02-23,Platinum,18,Cairo,4.0,0,1
R08525,2023-07-20,Bronze,24,Lagos,3.6,1,1
R08526,2025-04-18,Bronze,31,Lagos,3.7,0,0
R08527,2024-07-24,Bronze,39,Nairobi,4.5,0,0
R08528,2023-09-29,Bronze,32,Cairo,4.6,0,0
R08529,2024-03-10,Platinum,36,Cairo,3.7,1,0
R08530,2023-05-02,Bronze,45,Cairo,4.7,0,0
R08531,2024-01-17,Bronze,24,Cairo,4.7,0,0
R08532,2023-05-31,Bronze,53,Nairobi,4.3,0,0
R08533,2025-03-06,Bronze,18,Lagos,5.0,0,0
R08534,2025-03-04,Bronze,22,Lagos,3.6,0,0
R08535,2024-03-27,Silver,37,Nairobi,5.0,0,1
R08536,2025-03-25,Gold,33,Cairo,4.3,1,0
R08537,2023-09-20,Bronze,25,Nairobi,5.0,0,0
R08538,2024-10-03,Silver,53,Cairo,4.9,0,0
R08539,2023-06-27,Bronze,48,Nairobi,4.7,0,0
R08540,2023-05-21,Bronze,28,Cairo,4.8,0,1
R08541,2025-03-15,Platinum,30,Lagos,4.0,0,0
R08542,2024-10-02,Bronze,31,Lagos,5.0,0,0
R08543,2025-01-31,Bronze,45,Cairo,4.9,0,0
R08544,2024-12-23,Silver,51,Nairobi,3.9,0,1
R08545,2024-04-27,Bronze,33,Cairo,4.3,0,0
R08546,2024-11-19,Platinum,18,Lagos,4.1,0,0
R08547,2024-01-23,Silver,26,Cairo,4.4,0,0
R08548,2024-12-27,Silver,32,Cairo,4.3,0,1
R08549,2023-10-14,Silver,18,Cairo,4.6,0,0
R08550,2024-10-14,Bronze,32,Cairo,4.4,0,0
R08551,2024-06-30,Silver,42,Lagos,4.8,0,0
R08552,2023-04-30,Gold,31,Lagos,4.9,0,0
R08553,2024-01-24,Platinum,58,Lagos,4.6,1,0
R08554,2023-08-31,Gold,27,Lagos,4.2,0,0
R08555,2025-02-02,Bronze,35,Nairobi,3.8,0,1
R08556,2024-03-02,Bronze,42,Lagos,4.8,0,0
R08557,2025-02-28,Bronze,29,Nairobi,5.0,0,1
R08558,2025-02-25,Bronze,18,Cairo,4.0,0,0
R08559,2024-03-24,Silver,38,Lagos,4.1,0,1
R08560,2023-06-27,Bronze,31,Nairobi,4.4,0,0
R08561,2024-09-23,Bronze,26,Lagos,5.0,0,0
R08562,2024-12-01,Silver,32,Lagos,4.4,0,0
R08563,2025-02-03,Bronze,35,Cairo,3.4,0,1
R08564,2024-04-18,Bronze,36,Lagos,5.0,0,0
R08565,2025-03-22,Platinum,44,Lagos,5.0,1,0
R08566,2024-02-03,Silver,59,Lagos,4.4,0,0
R08567,2025-03-27,Bronze,42,Nairobi,5.0,1,0
R08568,2023-09-15,Bronze,19,Cairo,4.1,0,0
R08569,2024-01-12,Bronze,36,Nairobi,3.9,0,0
R08570,2024-05-04,Bronze,36,Cairo,4.5,0,0
R08571,2024-03-19,Bronze,18,Lagos,4.0,0,0
R08572,2024-02-16,Bronze,19,Cairo,4.5,1,0
R08573,2023-08-14,Silver,25,Cairo,4.2,0,0
R08574,2023-09-24,Platinum,19,Nairobi,5.0,0,0
R08575,2023-08-02,Gold,33,Lagos,4.7,0,0
R08576,2024-10-11,Gold,35,Cairo,4.3,0,0
R08577,2024-04-11,Gold,34,Lagos,5.0,0,0
R08578,2024-05-31,Bronze,36,Nairobi,3.6,0,1
R08579,2023-08-20,Bronze,48,Lagos,5.0,0,0
R08580,2024-07-27,Bronze,31,Nairobi,5.0,0,0
R08581,2023-11-08,Gold,21,Cairo,4.6,0,0
R08582,2024-07-18,Bronze,44,Cairo,4.3,0,1
R08583,2025-03-29,Bronze,36,Cairo,4.4,0,0
R08584,2024-05-20,Bronze,53,Lagos,3.8,0,0
R08585,2025-03-14,Bronze,27,Lagos,5.0,0,0
R08586,2023-05-11,Bronze,39,Nairobi,4.4,0,0
R08587,2025-02-04,Bronze,42,Nairobi,4.3,0,0
R08588,2024-12-06,Gold,35,Lagos,4.1,0,0
R08589,2025-01-20,Gold,18,Cairo,4.7,0,1
R08590,2023-09-03,Bronze,38,Cairo,4.6,0,0
R08591,2023-06-03,Bronze,42,Nairobi,4.5,0,0
R08592,2025-04-18,Silver,39,Nairobi,5.0,0,0
R08593,2025-04-07,Bronze,27,Nairobi,4.3,0,0
R08594,2024-03-22,Gold,23,Lagos,4.4,0,0
R08595,2024-08-29,Bronze,35,Cairo,4.9,0,0
R08596,2025-01-03,Silver,44,Nairobi,4.5,0,0
R08597,2024-06-01,Bronze,38,Lagos,4.5,0,0
R08598,2025-02-13,Bronze,38,Cairo,4.8,0,0
R08599,2024-12-05,Bronze,28,Lagos,4.4,1,0
R08600,2025-03-10,Platinum,51,Nairobi,4.4,0,0
R08601,2023-09-18,Bronze,39,Cairo,3.4,1,0
R08602,2025-01-23,Bronze,37,Cairo,4.9,0,1
R08603,2023-12-03,Gold,47,Cairo,4.7,0,0
R08604,2023-11-16,Bronze,24,Lagos,5.0,0,0
R08605,2023-11-24,Bronze,28,Cairo,4.6,0,0
R08606,2023-11-11,Silver,36,Nairobi,4.1,1,0
R08607,2023-05-29,Silver,31,Cairo,4.9,0,0
R08608,2024-05-10,Bronze,54,Lagos,5.0,0,0
R08609,2023-11-24,Bronze,35,Nairobi,4.2,0,0
R08610,2023-07-28,Platinum,21,Cairo,4.3,1,0
R08611,2024-04-22,Silver,18,Nairobi,4.0,0,0
R08612,2023-05-22,Silver,28,Nairobi,4.3,0,1
R08613,2024-10-02,Bronze,25,Cairo,4.2,0,0
R08614,2024-02-25,Bronze,34,Cairo,4.9,0,0
R08615,2024-12-26,Bronze,40,Lagos,4.4,1,0
R08616,2023-10-01,Bronze,25,Cairo,4.8,0,1
R08617,2025-02-17,Silver,18,Cairo,4.4,1,0
R08618,2024-04-27,Silver,28,Nairobi,4.7,0,0
R08619,2025-01-22,Silver,40,Lagos,4.8,0,0
R08620,2024-11-06,Bronze,36,Cairo,4.3,0,1
R08621,2024-10-05,Silver,26,Cairo,4.8,0,0
R08622,2024-12-28,Bronze,39,Nairobi,3.5,0,0
R08623,2024-01-08,Bronze,33,Lagos,4.4,0,0
R08624,2023-10-19,Platinum,38,Nairobi,5.0,1,1
R08625,2024-03-20,Gold,18,Nairobi,4.3,0,1
R08626,2025-03-28,Gold,55,Nairobi,5.0,0,0
R08627,2023-06-30,Bronze,40,Nairobi,4.4,0,0
R08628,2023-11-21,Gold,45,Nairobi,4.8,1,0
R08629,2024-12-30,Bronze,33,Cairo,3.9,1,0
R08630,2024-04-26,Silver,40,Nairobi,5.0,0,0
R08631,2024-06-23,Silver,23,Cairo,3.6,1,0
R08632,2024-05-06,Bronze,31,Lagos,4.4,0,0
R08633,2023-08-03,Bronze,47,Nairobi,4.3,0,1
R08634,2024-03-09,Silver,40,Nairobi,4.2,0,0
R08635,2023-05-10,Bronze,47,Lagos,5.0,0,0
R08636,2023-10-11,Bronze,32,Lagos,3.9,0,0
R08637,2023-08-22,Bronze,23,Nairobi,4.9,1,0
R08638,2023-12-08,Bronze,37,Cairo,3.7,0,0
R08639,2023-05-06,Bronze,40,Nairobi,4.7,0,1
R08640,2024-09-08,Bronze,42,Lagos,4.3,0,1
R08641,2023-06-19,Bronze,39,Lagos,4.3,1,1
R08642,2024-10-07,Bronze,25,Cairo,4.2,0,1
R08643,2025-03-06,Silver,30,Nairobi,4.1,0,1
R08644,2023-10-05,Silver,30,Cairo,4.5,0,0
R08645,2023-06-08,Bronze,34,Lagos,4.6,0,1
R08646,2024-08-24,Silver,34,Nairobi,4.1,0,0
R08647,2025-01-20,Bronze,37,Cairo,3.7,0,1
R08648,2024-01-18,Silver,45,Lagos,4.8,0,0
R08649,2025-01-19,Bronze,32,Cairo,4.5,0,0
R08650,2023-08-29,Silver,33,Nairobi,5.0,0,0
R08651,2024-04-21,Bronze,33,Cairo,4.5,0,0
R08652,2024-02-23,Bronze,30,Lagos,5.0,0,0
R08653,2023-10-29,Silver,34,Lagos,4.2,0,0
R08654,2025-04-19,Bronze,27,Lagos,4.7,0,0
R08655,2024-06-04,Bronze,26,Cairo,4.2,0,1
R08656,2024-07-25,Bronze,27,Cairo,4.8,1,1
R08657,2023-08-22,Silver,37,Cairo,5.0,0,1
R08658,2023-08-19,Silver,40,Lagos,5.0,0,0
R08659,2024-08-11,Silver,44,Nairobi,4.1,0,0
R08660,2023-08-12,Bronze,40,Nairobi,4.3,0,0
R08661,2024-04-18,Bronze,50,Nairobi,4.6,0,0
R08662,2023-05-06,Bronze,37,Lagos,4.9,0,1
R08663,2023-05-02,Silver,33,Nairobi,4.8,0,0
R08664,2023-10-02,Bronze,36,Nairobi,4.8,0,0
R08665,2024-09-01,Gold,49,Lagos,5.0,0,0
R08666,2025-02-07,Bronze,19,Nairobi,4.3,0,0
R08667,2025-02-05,Silver,39,Nairobi,4.2,0,0
R08668,2024-02-14,Bronze,60,Lagos,3.9,0,0
R08669,2023-07-29,Bronze,33,Lagos,4.4,0,0
R08670,2025-01-29,Bronze,34,Nairobi,4.8,0,0
R08671,2023-06-02,Bronze,50,Nairobi,3.6,0,0
R08672,2024-02-16,Platinum,21,Nairobi,4.3,0,1
R08673,2024-08-03,Bronze,27,Lagos,3.8,1,0
R08674,2024-03-31,Gold,30,Nairobi,4.7,0,0
R08675,2023-09-21,Bronze,26,Cairo,3.9,0,1
R08676,2024-12-03,Bronze,37,Nairobi,4.6,0,0
R08677,2024-08-25,Bronze,37,Lagos,4.6,1,0
R08678,2025-03-29,Bronze,51,Nairobi,5.0,0,0
R08679,2024-02-01,Bronze,31,Lagos,4.1,0,0
R08680,2023-08-06,Silver,18,Nairobi,5.0,0,0
R08681,2024-01-27,Bronze,31,Nairobi,3.9,0,1
R08682,2024-07-20,Bronze,30,Lagos,4.1,0,0
R08683,2023-12-04,Bronze,19,Cairo,4.5,0,1
R08684,2024-10-07,Bronze,40,Nairobi,4.3,0,0
R08685,2025-02-05,Bronze,38,Nairobi,3.7,0,0
R08686,2025-03-12,Bronze,30,Nairobi,4.0,0,0
R08687,2024-12-31,Bronze,29,Nairobi,4.8,0,1
R08688,2023-09-16,Bronze,38,Lagos,4.2,0,1
R08689,2024-01-15,Bronze,43,Cairo,5.0,0,1
R08690,2025-01-24,Bronze,28,Nairobi,4.1,0,0
R08691,2023-11-29,Silver,38,Nairobi,4.8,0,0
R08692,2024-12-20,Silver,43,Cairo,5.0,0,1
R08693,2025-01-02,Bronze,23,Nairobi,3.9,0,1
R08694,2025-03-11,Bronze,27,Lagos,5.0,0,0
R08695,2023-12-16,Bronze,18,Cairo,4.3,0,1
R08696,2023-08-28,Bronze,31,Nairobi,4.3,0,0
R08697,2023-05-18,Platinum,50,Nairobi,4.7,0,0
R08698,2024-04-13,Bronze,59,Lagos,4.9,0,0
R08699,2023-09-08,Bronze,42,Cairo,5.0,0,0
R08700,2023-10-27,Silver,37,Cairo,5.0,1,0
R08701,2023-09-22,Bronze,32,Lagos,4.3,0,0
R08702,2024-04-14,Bronze,36,Cairo,4.4,0,0
R08703,2025-02-08,Gold,32,Lagos,4.5,0,0
R08704,2025-04-03,Bronze,57,Nairobi,4.6,0,0
R08705,2023-07-05,Gold,35,Lagos,5.0,0,0
R08706,2023-12-02,Bronze,37,Nairobi,4.7,0,0
R08707,2025-01-15,Bronze,26,Nairobi,3.8,0,0
R08708,2023-11-12,Bronze,34,Nairobi,5.0,0,0
R08709,2024-02-13,Silver,38,Cairo,4.8,0,1
R08710,2024-12-28,Bronze,40,Lagos,4.2,1,0
R08711,2023-09-23,Bronze,45,Cairo,4.2,0,0
R08712,2023-06-05,Gold,52,Cairo,4.1,0,1
R08713,2024-07-17,Bronze,32,Nairobi,4.8,0,0
R08714,2024-06-01,Silver,37,Nairobi,5.0,0,0
R08715,2024-02-15,Bronze,27,Lagos,4.4,0,0
R08716,2024-07-27,Bronze,34,Nairobi,3.5,0,0
R08717,2023-07-19,Bronze,49,Cairo,4.7,1,0
R08718,2024-04-25,Silver,31,Nairobi,3.7,0,0
R08719,2023-08-04,Bronze,36,Lagos,4.4,0,1
R08720,2023-12-27,Silver,18,Cairo,4.2,0,0
R08721,2024-12-08,Bronze,37,Cairo,4.4,0,0
R08722,2024-10-04,Gold,30,Nairobi,4.1,0,1
R08723,2023-09-17,Silver,43,Lagos,4.2,0,1
R08724,2024-04-02,Bronze,37,Lagos,4.0,0,1
R08725,2023-06-17,Silver,33,Nairobi,4.5,0,1
R08726,2024-11-11,Bronze,36,Nairobi,5.0,0,0
R08727,2025-03-15,Bronze,36,Cairo,4.6,0,0
R08728,2024-08-06,Bronze,50,Cairo,4.0,0,0
R08729,2023-11-25,Silver,32,Cairo,4.1,0,0
R08730,2024-08-02,Platinum,45,Lagos,4.5,0,0
R08731,2024-05-04,Silver,44,Cairo,4.7,0,0
R08732,2024-04-24,Silver,28,Lagos,5.0,0,0
R08733,2024-09-06,Silver,49,Nairobi,4.2,0,0
R08734,2024-07-12,Bronze,21,Cairo,3.6,0,0
R08735,2023-12-26,Bronze,31,Nairobi,4.7,0,1
R08736,2023-09-11,Bronze,31,Nairobi,4.4,0,0
R08737,2023-09-21,Silver,22,Lagos,4.5,0,0
R08738,2025-02-19,Bronze,43,Lagos,3.5,0,1
R08739,2023-08-28,Silver,36,Nairobi,3.4,0,0
R08740,2023-12-02,Bronze,18,Cairo,3.7,0,0
R08741,2024-04-04,Bronze,28,Lagos,4.7,0,0
R08742,2024-03-15,Bronze,46,Lagos,4.7,0,1
R08743,2024-05-01,Bronze,50,Nairobi,5.0,0,1
R08744,2023-07-23,Bronze,30,Nairobi,4.5,0,0
R08745,2023-05-30,Bronze,33,Cairo,4.3,0,1
R08746,2024-10-01,Bronze,43,Lagos,4.1,1,0
R08747,2025-04-05,Bronze,29,Lagos,4.6,0,1
R08748,2024-09-12,Bronze,34,Lagos,5.0,0,0
R08749,2024-07-28,Bronze,20,Cairo,5.0,0,0
R08750,2023-06-27,Bronze,19,Cairo,4.6,0,0
R08751,2023-05-27,Bronze,39,Cairo,4.5,1,0
R08752,2023-10-26,Bronze,35,Cairo,4.5,0,0
R08753,2025-01-16,Bronze,37,Lagos,4.4,0,0
R08754,2025-01-04,Bronze,38,Cairo,4.4,0,0
R08755,2025-02-04,Bronze,33,Cairo,4.8,0,1
R08756,2024-09-08,Silver,18,Nairobi,4.6,1,0
R08757,2023-06-13,Platinum,43,Nairobi,4.7,0,0
R08758,2024-09-06,Silver,35,Nairobi,5.0,0,1
R08759,2023-05-02,Gold,40,Nairobi,4.8,1,0
R08760,2023-09-06,Bronze,39,Nairobi,5.0,0,0
R08761,2024-09-09,Bronze,33,Cairo,3.5,0,0
R08762,2024-08-27,Bronze,39,Lagos,4.4,1,0
R08763,2023-05-10,Gold,39,Lagos,4.6,0,0
R08764,2024-10-11,Bronze,31,Lagos,4.9,0,0
R08765,2023-07-31,Bronze,33,Nairobi,3.8,0,1
R08766,2023-12-30,Bronze,35,Lagos,4.2,0,0
R08767,2024-10-06,Bronze,46,Lagos,4.4,0,0
R08768,2024-01-08,Silver,30,Nairobi,5.0,0,0
R08769,2024-09-27,Bronze,31,Nairobi,4.4,0,0
R08770,2023-06-23,Bronze,31,Nairobi,4.7,0,1
R08771,2024-11-20,Bronze,29,Lagos,4.3,0,0
R08772,2025-04-01,Bronze,48,Nairobi,4.3,1,0
R08773,2024-08-29,Silver,32,Lagos,4.9,1,0
R08774,2024-11-25,Silver,31,Lagos,4.9,0,0
R08775,2025-01-15,Bronze,40,Lagos,4.1,0,0
R08776,2024-03-23,Bronze,43,Lagos,4.0,0,0
R08777,2023-06-16,Bronze,39,Lagos,4.3,0,1
R08778,2024-12-19,Bronze,42,Lagos,4.7,0,0
R08779,2025-01-02,Bronze,34,Nairobi,5.0,1,0
R08780,2024-12-29,Bronze,30,Lagos,3.9,0,1
R08781,2023-08-30,Bronze,48,Cairo,3.8,0,0
R08782,2023-09-29,Bronze,42,Cairo,3.9,0,1
R08783,2023-07-29,Bronze,45,Nairobi,5.0,0,1
R08784,2023-12-06,Bronze,33,Nairobi,4.4,0,0
R08785,2023-11-15,Silver,27,Nairobi,3.5,1,0
R08786,2025-03-02,Silver,46,Nairobi,4.8,0,1
R08787,2024-03-25,Bronze,38,Nairobi,3.5,0,0
R08788,2023-07-05,Platinum,27,Lagos,4.4,0,0
R08789,2024-04-01,Bronze,25,Nairobi,4.4,0,0
R08790,2024-08-02,Silver,50,Lagos,3.8,1,0
R08791,2024-02-28,Bronze,18,Cairo,4.2,0,0
R08792,2023-10-21,Bronze,45,Cairo,3.8,0,0
R08793,2025-02-28,Silver,34,Lagos,3.7,0,0
R08794,2023-11-16,Gold,38,Lagos,4.5,0,1
R08795,2023-05-31,Silver,19,Lagos,5.0,0,1
R08796,2023-10-05,Silver,28,Lagos,3.9,0,0
R08797,2024-03-22,Bronze,32,Cairo,4.2,0,0
R08798,2024-02-10,Bronze,31,Cairo,4.2,0,0
R08799,2024-04-17,Silver,41,Lagos,4.6,0,0
R08800,2025-03-30,Bronze,33,Cairo,4.3,0,1
R08801,2024-10-28,Silver,43,Lagos,4.9,1,0
R08802,2024-06-28,Bronze,32,Nairobi,3.9,0,0
R08803,2024-07-05,Bronze,48,Lagos,4.7,0,0
R08804,2024-04-25,Bronze,41,Cairo,4.6,0,0
R08805,2023-07-23,Bronze,30,Lagos,3.8,0,1
R08806,2025-02-18,Bronze,40,Nairobi,5.0,0,0
R08807,2024-10-30,Bronze,37,Nairobi,3.5,0,0
R08808,2024-03-05,Silver,38,Cairo,5.0,0,1
R08809,2024-03-27,Bronze,60,Cairo,3.9,1,0
R08810,2024-07-09,Bronze,47,Lagos,4.4,0,1
R08811,2024-05-28,Bronze,41,Lagos,5.0,0,1
R08812,2023-06-20,Silver,49,Cairo,4.5,0,0
R08813,2023-05-05,Bronze,34,Nairobi,5.0,0,0
R08814,2025-02-21,Bronze,45,Nairobi,4.2,0,1
R08815,2024-01-05,Silver,38,Cairo,3.6,0,0
R08816,2024-01-01,Silver,25,Lagos,4.0,0,0
R08817,2024-08-25,Silver,23,Cairo,4.9,0,0
R08818,2024-05-06,Bronze,21,Lagos,4.4,0,0
R08819,2023-11-05,Silver,42,Lagos,3.9,0,1
R08820,2024-03-31,Bronze,35,Nairobi,4.8,0,0
R08821,2023-08-10,Platinum,19,Lagos,5.0,0,0
R08822,2024-11-18,Gold,35,Nairobi,3.7,0,0
R08823,2024-06-05,Silver,46,Nairobi,4.8,1,0
R08824,2023-09-17,Platinum,38,Cairo,4.0,0,1
R08825,2023-10-09,Platinum,28,Cairo,3.9,0,0
R08826,2025-01-10,Bronze,48,Nairobi,4.4,1,0
R08827,2024-03-11,Bronze,25,Lagos,4.3,0,0
R08828,2024-02-18,Silver,21,Lagos,4.3,0,0
R08829,2025-03-02,Silver,41,Lagos,5.0,0,0
R08830,2024-03-24,Bronze,33,Lagos,3.7,0,0
R08831,2024-03-25,Bronze,27,Cairo,4.6,0,0
R08832,2025-04-05,Bronze,30,Cairo,4.8,0,1
R08833,2024-06-24,Bronze,39,Cairo,5.0,0,0
R08834,2024-12-08,Bronze,35,Lagos,4.7,0,0
R08835,2023-10-25,Silver,18,Nairobi,4.7,0,0
R08836,2025-02-01,Bronze,39,Cairo,4.7,0,0
R08837,2024-01-04,Silver,26,Cairo,4.2,0,0
R08838,2023-10-28,Platinum,32,Cairo,5.0,0,0
R08839,2025-03-04,Silver,28,Lagos,3.4,0,1
R08840,2024-12-25,Silver,46,Nairobi,4.3,0,0
R08841,2023-05-03,Silver,36,Cairo,4.5,0,1
R08842,2024-04-15,Bronze,36,Nairobi,4.2,0,0
R08843,2023-07-25,Bronze,34,Lagos,4.3,0,0
R08844,2025-01-26,Bronze,22,Nairobi,3.9,0,0
R08845,2023-10-12,Platinum,41,Lagos,4.5,0,1
R08846,2024-02-04,Gold,31,Cairo,4.6,0,0
R08847,2024-08-11,Bronze,40,Lagos,4.8,0,0
R08848,2023-05-12,Bronze,33,Nairobi,4.6,0,0
R08849,2025-03-22,Gold,27,Lagos,5.0,1,1
R08850,2024-05-06,Bronze,34,Cairo,4.6,0,1
R08851,2023-12-03,Bronze,31,Nairobi,4.7,0,0
R08852,2024-11-21,Bronze,57,Lagos,4.8,0,0
R08853,2024-07-20,Bronze,29,Lagos,3.9,0,1
R08854,2023-06-20,Bronze,37,Cairo,4.0,0,1
R08855,2024-11-10,Bronze,40,Nairobi,4.1,0,1
R08856,2023-06-07,Bronze,46,Nairobi,4.0,0,1
R08857,2025-03-15,Silver,51,Cairo,3.6,0,1
R08858,2024-12-01,Silver,36,Cairo,4.4,0,0
R08859,2023-08-30,Silver,36,Nairobi,4.6,0,0
R08860,2024-05-23,Bronze,23,Lagos,4.9,0,1
R08861,2024-03-02,Bronze,28,Lagos,3.9,0,0
R08862,2024-11-24,Gold,58,Lagos,5.0,0,0
R08863,2024-03-08,Bronze,36,Nairobi,3.5,0,0
R08864,2024-01-28,Bronze,18,Nairobi,5.0,0,0
R08865,2023-05-24,Bronze,42,Lagos,4.3,0,0
R08866,2025-04-18,Silver,25,Lagos,4.5,0,0
R08867,2023-08-25,Bronze,22,Cairo,4.7,1,0
R08868,2023-12-10,Bronze,31,Cairo,4.5,1,1
R08869,2024-09-25,Bronze,35,Nairobi,4.6,0,0
R08870,2024-01-02,Bronze,19,Nairobi,4.6,0,0
R08871,2025-04-18,Bronze,36,Cairo,5.0,0,1
R08872,2023-11-18,Bronze,21,Cairo,4.6,0,0
R08873,2023-07-09,Bronze,50,Nairobi,4.7,0,1
R08874,2024-03-08,Bronze,43,Lagos,4.6,0,0
R08875,2023-10-29,Bronze,24,Lagos,3.8,0,0
R08876,2024-09-02,Silver,25,Lagos,3.7,0,0
R08877,2024-02-09,Bronze,26,Nairobi,4.6,0,1
R08878,2023-11-16,Bronze,50,Cairo,4.3,0,0
R08879,2024-03-16,Silver,55,Lagos,4.8,0,0
R08880,2023-10-18,Bronze,38,Lagos,4.8,0,0
R08881,2023-12-22,Bronze,29,Cairo,4.3,0,0
R08882,2024-02-27,Bronze,21,Nairobi,3.6,0,1
R08883,2023-09-27,Silver,36,Cairo,4.4,1,1
R08884,2024-02-17,Platinum,46,Lagos,5.0,0,0
R08885,2023-04-28,Silver,25,Cairo,5.0,0,0
R08886,2023-07-19,Silver,18,Lagos,4.4,0,0
R08887,2025-04-05,Gold,62,Lagos,4.9,0,0
R08888,2023-10-08,Silver,30,Lagos,4.3,0,0
R08889,2025-03-22,Bronze,28,Cairo,4.2,0,0
R08890,2024-03-23,Bronze,38,Nairobi,4.9,0,1
R08891,2024-08-28,Silver,39,Lagos,3.2,0,0
R08892,2023-07-30,Bronze,31,Lagos,4.3,0,0
R08893,2024-05-30,Bronze,39,Nairobi,5.0,0,1
R08894,2024-05-09,Bronze,22,Lagos,4.3,0,1
R08895,2025-03-22,Bronze,39,Cairo,4.9,0,0
R08896,2025-01-07,Gold,23,Lagos,5.0,0,1
R08897,2024-01-27,Bronze,44,Cairo,3.5,0,0
R08898,2025-01-16,Bronze,33,Cairo,4.8,1,1
R08899,2023-06-18,Platinum,19,Lagos,3.8,0,0
R08900,2023-09-15,Silver,27,Cairo,4.7,1,0
R08901,2024-09-01,Bronze,24,Nairobi,4.4,0,0
R08902,2024-12-12,Bronze,33,Lagos,4.2,0,0
R08903,2025-01-16,Silver,28,Lagos,5.0,0,0
R08904,2023-07-30,Bronze,40,Lagos,5.0,1,0
R08905,2023-11-19,Gold,35,Lagos,5.0,0,0
R08906,2023-09-09,Silver,38,Lagos,4.3,0,0
R08907,2024-07-24,Bronze,51,Cairo,4.8,0,1
R08908,2024-08-11,Bronze,35,Nairobi,4.5,0,1
R08909,2023-07-25,Platinum,35,Nairobi,4.1,0,1
R08910,2024-11-09,Bronze,37,Nairobi,5.0,0,0
R08911,2023-05-31,Silver,31,Lagos,4.0,0,0
R08912,2024-05-10,Bronze,25,Cairo,5.0,1,1
R08913,2024-07-23,Bronze,40,Nairobi,4.8,0,1
R08914,2025-02-27,Platinum,34,Nairobi,3.7,0,1
R08915,2023-07-19,Bronze,47,Cairo,5.0,0,0
R08916,2024-02-26,Bronze,41,Lagos,4.7,0,0
R08917,2025-04-14,Bronze,24,Cairo,4.8,0,0
R08918,2025-03-20,Silver,38,Lagos,5.0,0,1
R08919,2023-11-03,Bronze,39,Cairo,4.3,0,0
R08920,2025-01-03,Bronze,45,Lagos,4.3,0,1
R08921,2023-06-15,Silver,36,Nairobi,3.8,0,0
R08922,2025-01-14,Bronze,21,Cairo,4.5,0,1
R08923,2024-08-21,Silver,32,Nairobi,4.6,0,0
R08924,2024-12-21,Bronze,32,Lagos,3.3,0,0
R08925,2025-04-06,Bronze,37,Nairobi,4.1,0,0
R08926,2023-05-22,Silver,41,Cairo,4.3,0,0
R08927,2023-11-03,Bronze,31,Lagos,4.6,0,0
R08928,2023-09-03,Bronze,34,Nairobi,5.0,0,1
R08929,2024-10-25,Gold,39,Lagos,4.1,0,0
R08930,2023-05-25,Bronze,28,Cairo,5.0,0,0
R08931,2024-04-25,Bronze,41,Lagos,5.0,0,0
R08932,2023-08-18,Bronze,29,Cairo,4.0,0,0
R08933,2024-01-07,Bronze,31,Cairo,4.5,0,0
R08934,2023-12-02,Bronze,36,Cairo,5.0,0,0
R08935,2023-06-23,Silver,32,Nairobi,4.9,0,0
R08936,2024-10-14,Bronze,40,Cairo,4.4,0,1
R08937,2023-07-01,Silver,36,Nairobi,4.1,0,1
R08938,2025-03-20,Silver,37,Nairobi,4.3,0,0
R08939,2024-03-08,Bronze,39,Cairo,4.2,0,0
R08940,2024-09-14,Gold,18,Lagos,3.8,0,0
R08941,2023-06-29,Bronze,51,Cairo,4.6,0,0
R08942,2023-08-22,Bronze,24,Lagos,4.3,0,0
R08943,2024-02-05,Bronze,30,Cairo,4.3,0,0
R08944,2024-07-21,Bronze,34,Cairo,4.3,0,0
R08945,2024-11-10,Silver,39,Nairobi,5.0,0,0
R08946,2023-11-16,Bronze,42,Lagos,3.6,1,0
R08947,2024-07-04,Silver,37,Cairo,4.3,0,0
R08948,2025-04-16,Gold,34,Nairobi,4.8,0,0
R08949,2023-10-11,Silver,37,Lagos,4.7,0,0
R08950,2023-09-02,Bronze,35,Nairobi,5.0,0,0
R08951,2024-09-29,Gold,35,Lagos,4.5,1,1
R08952,2024-07-25,Bronze,34,Nairobi,4.0,0,1
R08953,2023-09-29,Silver,33,Nairobi,4.5,1,1
R08954,2023-08-11,Silver,38,Nairobi,4.6,0,0
R08955,2024-03-13,Bronze,38,Nairobi,5.0,0,1
R08956,2023-07-21,Bronze,49,Lagos,5.0,0,1
R08957,2024-04-23,Silver,38,Lagos,4.9,0,1
R08958,2025-02-13,Bronze,32,Cairo,5.0,0,0
R08959,2024-02-20,Silver,44,Cairo,4.3,1,1
R08960,2024-01-10,Bronze,51,Lagos,3.9,0,0
R08961,2024-04-09,Bronze,34,Lagos,4.4,0,1
R08962,2025-03-08,Silver,43,Lagos,5.0,0,1
R08963,2025-03-21,Bronze,31,Cairo,5.0,0,0
R08964,2024-09-08,Bronze,33,Lagos,4.4,1,0
R08965,2023-12-07,Silver,44,Cairo,4.5,0,1
R08966,2023-09-03,Silver,37,Cairo,4.0,0,1
R08967,2023-05-17,Bronze,51,Nairobi,5.0,0,0
R08968,2024-12-22,Bronze,38,Cairo,4.4,0,0
R08969,2023-08-26,Gold,24,Nairobi,4.9,0,0
R08970,2024-06-08,Bronze,29,Lagos,4.1,0,0
R08971,2024-12-31,Bronze,37,Nairobi,5.0,0,0
R08972,2023-11-17,Silver,25,Lagos,5.0,0,0
R08973,2024-03-19,Bronze,30,Cairo,4.8,0,1
R08974,2024-11-24,Bronze,47,Lagos,4.1,0,1
R08975,2024-01-08,Bronze,41,Lagos,4.6,0,1
R08976,2023-08-21,Bronze,32,Nairobi,5.0,0,1
R08977,2024-01-06,Gold,58,Cairo,3.5,0,0
R08978,2023-07-15,Gold,45,Cairo,4.1,0,0
R08979,2024-01-06,Bronze,54,Cairo,4.7,0,0
R08980,2023-06-05,Silver,33,Cairo,4.0,0,0
R08981,2024-06-02,Bronze,42,Nairobi,5.0,0,0
R08982,2024-01-05,Bronze,24,Nairobi,4.6,0,1
R08983,2023-08-14,Bronze,39,Nairobi,5.0,0,0
R08984,2023-06-04,Silver,30,Nairobi,5.0,0,0
R08985,2023-04-29,Bronze,25,Cairo,4.6,0,0
R08986,2024-12-19,Gold,39,Cairo,4.6,0,0
R08987,2025-03-18,Bronze,37,Cairo,5.0,0,0
R08988,2024-07-03,Bronze,23,Lagos,4.2,0,0
R08989,2023-05-18,Silver,36,Cairo,3.9,1,1
R08990,2025-01-15,Gold,54,Lagos,4.9,0,0
R08991,2023-11-26,Bronze,43,Nairobi,4.3,0,0
R08992,2024-05-06,Silver,38,Lagos,4.9,0,0
R08993,2023-05-19,Bronze,37,Cairo,4.1,0,0
R08994,2023-09-03,Bronze,18,Cairo,4.1,1,0
R08995,2025-02-26,Silver,40,Lagos,4.0,1,1
R08996,2023-09-06,Bronze,37,Cairo,4.6,0,0
R08997,2025-03-24,Bronze,20,Nairobi,4.3,1,0
R08998,2024-12-10,Bronze,32,Nairobi,4.1,0,0
R08999,2024-05-15,Bronze,32,Cairo,3.5,0,0
R09000,2024-07-25,Bronze,47,Cairo,4.6,0,0
R09001,2024-06-05,Platinum,29,Cairo,4.3,0,0
R09002,2023-11-02,Bronze,18,Lagos,4.3,0,0
R09003,2024-01-13,Bronze,30,Nairobi,4.6,0,0
R09004,2024-11-23,Bronze,31,Cairo,4.7,0,0
R09005,2024-04-02,Bronze,32,Lagos,3.9,0,1
R09006,2025-03-16,Bronze,33,Nairobi,3.9,0,0
R09007,2025-03-18,Silver,30,Nairobi,4.2,0,0
R09008,2023-07-16,Bronze,40,Cairo,3.6,0,0
R09009,2024-05-17,Silver,18,Cairo,4.0,0,1
R09010,2023-08-07,Silver,34,Nairobi,4.9,0,0
R09011,2024-08-29,Bronze,46,Nairobi,4.3,0,0
R09012,2024-05-24,Bronze,25,Nairobi,4.1,0,0
R09013,2024-02-25,Bronze,28,Cairo,3.9,0,1
R09014,2023-07-18,Bronze,38,Nairobi,4.2,0,1
R09015,2024-07-12,Gold,30,Cairo,4.1,0,0
R09016,2024-03-30,Bronze,35,Nairobi,4.8,0,1
R09017,2025-02-11,Bronze,28,Cairo,4.3,1,0
R09018,2024-05-15,Bronze,30,Cairo,5.0,0,0
R09019,2023-09-10,Bronze,34,Lagos,4.6,0,1
R09020,2023-08-24,Bronze,37,Lagos,4.8,0,1
R09021,2025-01-10,Gold,44,Lagos,4.4,0,1
R09022,2025-01-12,Bronze,45,Cairo,4.4,1,0
R09023,2023-12-18,Silver,37,Lagos,4.5,0,0
R09024,2023-08-04,Bronze,24,Nairobi,4.0,0,0
R09025,2023-07-30,Bronze,23,Nairobi,4.9,0,1
R09026,2023-09-20,Silver,36,Nairobi,3.4,0,1
R09027,2023-08-14,Silver,43,Cairo,3.8,0,1
R09028,2025-03-24,Silver,44,Lagos,4.4,0,0
R09029,2025-03-07,Silver,38,Cairo,4.1,0,0
R09030,2023-12-06,Silver,29,Lagos,5.0,0,1
R09031,2023-08-09,Silver,37,Cairo,4.3,0,0
R09032,2023-11-11,Gold,38,Nairobi,5.0,0,0
R09033,2023-08-20,Bronze,28,Lagos,4.9,0,1
R09034,2024-02-28,Bronze,25,Nairobi,4.4,0,0
R09035,2024-01-15,Bronze,50,Nairobi,5.0,0,0
R09036,2025-03-15,Bronze,28,Lagos,5.0,0,0
R09037,2024-05-07,Platinum,49,Nairobi,4.8,1,1
R09038,2025-01-02,Bronze,18,Lagos,5.0,0,0
R09039,2023-09-09,Platinum,42,Nairobi,4.5,0,1
R09040,2024-01-18,Platinum,47,Cairo,4.6,0,0
R09041,2025-01-11,Bronze,41,Nairobi,4.2,0,0
R09042,2024-05-21,Silver,51,Nairobi,4.3,0,0
R09043,2024-11-10,Bronze,38,Lagos,5.0,0,0
R09044,2023-10-16,Gold,43,Cairo,4.8,0,1
R09045,2024-11-26,Bronze,31,Lagos,3.9,0,0
R09046,2025-02-22,Silver,36,Lagos,5.0,0,0
R09047,2025-03-07,Bronze,23,Cairo,5.0,0,0
R09048,2024-04-07,Bronze,34,Lagos,4.9,0,0
R09049,2023-11-06,Bronze,43,Cairo,3.4,0,0
R09050,2023-12-08,Bronze,20,Lagos,4.1,1,0
R09051,2024-11-20,Bronze,30,Lagos,4.0,0,1
R09052,2024-08-29,Bronze,24,Lagos,3.8,0,0
R09053,2023-09-17,Silver,35,Nairobi,4.1,0,0
R09054,2024-02-22,Gold,26,Lagos,5.0,0,0
R09055,2024-06-20,Bronze,47,Lagos,4.4,0,0
R09056,2023-07-18,Bronze,34,Cairo,4.6,0,0
R09057,2024-11-23,Gold,45,Lagos,4.3,0,0
R09058,2023-05-07,Bronze,18,Lagos,4.2,0,0
R09059,2024-04-23,Silver,18,Cairo,4.3,0,1
R09060,2024-04-11,Bronze,23,Nairobi,4.7,0,0
R09061,2024-01-04,Gold,31,Lagos,4.5,0,1
R09062,2023-09-01,Bronze,42,Cairo,4.0,0,0
R09063,2023-08-05,Silver,27,Nairobi,3.9,0,0
R09064,2024-02-22,Silver,34,Nairobi,4.3,0,0
R09065,2023-05-26,Bronze,38,Nairobi,4.5,1,0
R09066,2025-03-16,Bronze,50,Lagos,4.9,0,0
R09067,2023-11-10,Bronze,38,Cairo,4.1,0,0
R09068,2023-05-14,Gold,30,Lagos,4.2,0,0
R09069,2024-08-16,Platinum,39,Cairo,3.6,0,0
R09070,2023-08-17,Bronze,48,Cairo,4.3,0,1
R09071,2025-01-12,Bronze,39,Lagos,5.0,0,0
R09072,2024-03-30,Bronze,51,Nairobi,4.6,0,1
R09073,2025-03-25,Gold,38,Cairo,5.0,0,0
R09074,2023-11-14,Gold,33,Lagos,3.9,0,0
R09075,2024-01-23,Bronze,25,Nairobi,4.5,1,0
R09076,2023-11-13,Bronze,37,Nairobi,4.4,0,0
R09077,2023-06-28,Bronze,23,Lagos,3.7,0,0
R09078,2023-12-10,Bronze,41,Nairobi,4.5,0,0
R09079,2023-09-09,Bronze,26,Lagos,4.4,0,0
R09080,2024-06-03,Silver,33,Nairobi,4.7,0,0
R09081,2024-08-28,Silver,33,Cairo,4.3,0,1
R09082,2025-01-03,Bronze,44,Lagos,4.5,0,0
R09083,2023-06-25,Bronze,29,Nairobi,4.4,0,1
R09084,2023-10-09,Bronze,33,Lagos,5.0,0,0
R09085,2025-01-04,Gold,25,Lagos,4.3,1,0
R09086,2024-01-18,Bronze,35,Cairo,3.9,0,0
R09087,2024-03-03,Bronze,25,Lagos,4.6,0,1
R09088,2025-01-24,Platinum,18,Nairobi,4.7,0,0
R09089,2023-07-08,Bronze,34,Lagos,4.5,1,0
R09090,2023-12-27,Gold,32,Lagos,4.1,0,0
R09091,2025-01-18,Platinum,39,Cairo,4.6,0,0
R09092,2023-09-17,Bronze,70,Cairo,4.4,0,0
R09093,2024-03-29,Bronze,45,Lagos,3.6,0,0
R09094,2024-02-04,Bronze,38,Cairo,4.6,0,0
R09095,2023-07-22,Bronze,42,Lagos,4.2,0,0
R09096,2024-08-01,Silver,30,Cairo,4.3,1,0
R09097,2025-02-23,Bronze,31,Cairo,4.2,1,0
R09098,2024-06-03,Bronze,36,Lagos,5.0,0,0
R09099,2024-09-11,Bronze,52,Nairobi,5.0,0,0
R09100,2023-12-12,Bronze,50,Nairobi,5.0,0,0
R09101,2023-04-29,Bronze,31,Lagos,5.0,0,0
R09102,2025-02-14,Gold,36,Cairo,4.7,0,0
R09103,2025-03-22,Silver,33,Lagos,5.0,0,0
R09104,2023-05-11,Silver,40,Nairobi,4.0,0,0
R09105,2024-07-21,Bronze,24,Nairobi,4.3,0,1
R09106,2024-07-18,Bronze,38,Lagos,4.7,0,0
R09107,2024-04-15,Bronze,23,Lagos,5.0,0,0
R09108,2023-10-29,Bronze,31,Lagos,4.0,0,1
R09109,2025-01-28,Silver,45,Cairo,4.4,0,0
R09110,2023-05-10,Bronze,44,Cairo,4.5,1,0
R09111,2025-03-21,Silver,43,Cairo,5.0,0,0
R09112,2024-03-07,Gold,30,Nairobi,5.0,1,0
R09113,2023-12-06,Bronze,47,Lagos,4.7,0,1
R09114,2023-07-26,Bronze,33,Nairobi,4.1,0,0
R09115,2024-05-26,Bronze,24,Nairobi,4.1,0,1
R09116,2023-08-08,Bronze,45,Nairobi,4.1,0,0
R09117,2024-06-06,Bronze,45,Nairobi,4.2,0,0
R09118,2023-08-30,Bronze,36,Lagos,4.4,0,1
R09119,2024-06-01,Bronze,44,Lagos,4.4,0,0
R09120,2023-08-17,Bronze,27,Nairobi,4.7,0,1
R09121,2024-09-25,Bronze,36,Nairobi,3.9,1,0
R09122,2024-01-21,Bronze,37,Cairo,4.3,0,0
R09123,2025-03-31,Bronze,34,Nairobi,4.9,1,0
R09124,2023-11-25,Silver,33,Lagos,4.6,0,1
R09125,2024-01-10,Silver,22,Lagos,4.2,0,0
R09126,2024-11-03,Silver,32,Nairobi,4.3,0,0
R09127,2024-04-18,Bronze,40,Lagos,4.1,0,0
R09128,2023-11-20,Silver,18,Nairobi,5.0,0,0
R09129,2024-02-08,Silver,30,Nairobi,4.6,1,1
R09130,2024-09-20,Bronze,32,Cairo,4.9,0,0
R09131,2024-03-19,Bronze,55,Lagos,4.9,0,0
R09132,2023-11-01,Bronze,43,Lagos,4.7,0,0
R09133,2025-03-24,Bronze,36,Nairobi,4.0,0,1
R09134,2023-06-03,Silver,33,Nairobi,4.6,0,0
R09135,2023-07-04,Bronze,28,Cairo,4.3,0,0
R09136,2023-07-12,Silver,39,Cairo,4.3,0,0
R09137,2023-12-02,Bronze,43,Nairobi,5.0,0,0
R09138,2024-12-23,Bronze,52,Lagos,4.3,0,0
R09139,2023-09-04,Bronze,32,Cairo,4.7,0,0
R09140,2023-05-12,Bronze,58,Lagos,5.0,0,0
R09141,2024-09-11,Bronze,28,Cairo,4.1,0,0
R09142,2023-06-05,Bronze,39,Lagos,4.3,0,0
R09143,2023-11-11,Bronze,25,Lagos,5.0,0,1
R09144,2025-01-11,Bronze,42,Nairobi,4.3,0,0
R09145,2025-02-14,Bronze,40,Nairobi,4.6,0,1
R09146,2024-06-15,Bronze,38,Lagos,5.0,0,0
R09147,2024-04-09,Bronze,20,Nairobi,5.0,0,0
R09148,2023-06-24,Bronze,41,Nairobi,3.9,0,0
R09149,2024-04-28,Bronze,18,Nairobi,4.0,0,0
R09150,2025-04-21,Platinum,43,Cairo,5.0,0,0
R09151,2025-01-07,Silver,39,Lagos,4.9,0,1
R09152,2023-10-04,Bronze,39,Nairobi,5.0,1,0
R09153,2024-12-07,Silver,25,Lagos,4.3,1,1
R09154,2023-06-19,Bronze,44,Cairo,5.0,0,0
R09155,2024-11-28,Bronze,37,Lagos,4.1,0,1
R09156,2023-05-31,Bronze,29,Cairo,4.4,0,0
R09157,2024-03-18,Silver,28,Lagos,5.0,0,1
R09158,2023-10-12,Bronze,27,Nairobi,4.5,0,0
R09159,2025-04-26,Gold,24,Cairo,3.8,0,0
R09160,2023-09-29,Bronze,30,Nairobi,4.2,0,0
R09161,2023-08-29,Silver,31,Lagos,5.0,0,0
R09162,2023-12-26,Bronze,47,Nairobi,4.9,0,1
R09163,2023-05-08,Silver,34,Cairo,4.2,0,1
R09164,2024-05-12,Silver,47,Nairobi,4.5,0,0
R09165,2024-12-04,Bronze,38,Nairobi,4.5,0,0
R09166,2025-01-23,Silver,31,Lagos,4.5,0,1
R09167,2023-06-17,Bronze,18,Cairo,5.0,0,1
R09168,2023-06-06,Gold,31,Cairo,4.5,0,1
R09169,2023-09-08,Gold,38,Nairobi,4.1,0,1
R09170,2024-05-04,Platinum,35,Lagos,4.6,0,1
R09171,2024-06-10,Bronze,37,Cairo,3.6,0,0
R09172,2023-07-27,Silver,32,Cairo,3.8,0,1
R09173,2025-04-15,Silver,27,Cairo,5.0,0,0
R09174,2024-11-29,Bronze,43,Cairo,4.6,0,0
R09175,2024-09-24,Silver,39,Nairobi,4.9,0,1
R09176,2024-02-28,Bronze,49,Cairo,4.9,0,1
R09177,2024-09-01,Bronze,29,Lagos,4.2,0,1
R09178,2025-04-12,Silver,18,Cairo,4.3,0,0
R09179,2024-04-06,Bronze,41,Lagos,4.1,1,1
R09180,2025-02-18,Silver,23,Lagos,4.6,0,0
R09181,2024-12-14,Silver,31,Cairo,4.7,0,1
R09182,2023-09-18,Bronze,42,Cairo,4.3,0,0
R09183,2024-09-12,Bronze,19,Nairobi,4.2,0,0
R09184,2023-05-24,Bronze,47,Nairobi,5.0,0,0
R09185,2023-07-06,Platinum,49,Lagos,4.3,0,0
R09186,2024-05-15,Silver,30,Cairo,3.8,0,0
R09187,2023-07-14,Silver,57,Lagos,5.0,0,1
R09188,2024-09-19,Platinum,33,Lagos,4.6,0,0
R09189,2024-03-30,Bronze,18,Nairobi,4.8,0,0
R09190,2025-04-26,Bronze,52,Nairobi,4.7,0,1
R09191,2024-04-21,Bronze,23,Lagos,4.4,1,0
R09192,2024-01-10,Platinum,34,Nairobi,4.3,1,0
R09193,2024-10-07,Platinum,36,Nairobi,4.4,0,0
R09194,2024-06-20,Bronze,30,Cairo,3.4,0,0
R09195,2024-08-17,Gold,26,Lagos,5.0,0,0
R09196,2023-05-03,Bronze,33,Nairobi,3.3,1,0
R09197,2024-07-10,Bronze,21,Cairo,4.6,0,0
R09198,2023-10-30,Silver,46,Lagos,3.8,0,0
R09199,2024-11-04,Bronze,34,Lagos,4.1,0,0
R09200,2024-06-16,Silver,43,Nairobi,4.4,0,0
R09201,2023-12-28,Silver,37,Nairobi,4.9,0,0
R09202,2024-10-12,Bronze,39,Cairo,4.3,0,0
R09203,2023-12-30,Bronze,44,Cairo,4.4,0,0
R09204,2025-02-18,Silver,25,Lagos,4.5,0,0
R09205,2023-10-13,Bronze,43,Nairobi,4.7,0,0
R09206,2023-11-11,Bronze,37,Lagos,4.5,1,0
R09207,2024-07-16,Bronze,37,Nairobi,3.9,0,1
R09208,2025-02-04,Bronze,26,Lagos,4.5,0,1
R09209,2024-03-24,Gold,44,Nairobi,4.8,0,0
R09210,2023-07-14,Bronze,29,Lagos,4.3,0,0
R09211,2024-11-07,Gold,24,Lagos,4.5,0,1
R09212,2025-02-18,Bronze,51,Cairo,4.8,0,0
R09213,2025-02-16,Silver,42,Nairobi,4.3,0,1
R09214,2024-04-24,Bronze,51,Cairo,4.6,0,0
R09215,2025-01-10,Bronze,46,Cairo,3.8,0,0
R09216,2024-06-10,Bronze,39,Nairobi,4.9,0,0
R09217,2023-06-26,Bronze,43,Lagos,4.1,0,1
R09218,2023-10-08,Platinum,23,Cairo,4.3,0,0
R09219,2025-04-24,Bronze,55,Nairobi,3.4,0,1
R09220,2025-03-28,Bronze,32,Lagos,4.8,1,0
R09221,2024-08-06,Bronze,41,Nairobi,4.4,0,0
R09222,2024-03-05,Bronze,18,Lagos,4.3,0,1
R09223,2024-06-10,Bronze,35,Cairo,4.6,0,0
R09224,2024-12-16,Bronze,41,Cairo,4.5,0,0
R09225,2025-02-15,Bronze,54,Lagos,4.1,0,0
R09226,2025-01-25,Bronze,34,Cairo,4.2,0,0
R09227,2023-12-20,Bronze,50,Nairobi,4.1,0,0
R09228,2024-01-30,Bronze,39,Lagos,4.6,0,0
R09229,2023-10-30,Bronze,29,Nairobi,4.2,0,1
R09230,2024-10-20,Bronze,28,Lagos,4.3,0,0
R09231,2024-03-05,Silver,28,Cairo,3.7,1,1
R09232,2025-04-20,Bronze,47,Lagos,3.9,0,0
R09233,2024-10-11,Bronze,27,Cairo,4.7,0,0
R09234,2024-04-22,Bronze,39,Nairobi,4.0,0,0
R09235,2024-11-29,Gold,41,Lagos,4.7,0,0
R09236,2024-01-23,Silver,30,Lagos,4.3,0,1
R09237,2023-11-30,Gold,31,Nairobi,4.6,0,0
R09238,2023-06-03,Gold,32,Cairo,4.8,0,0
R09239,2024-05-12,Silver,36,Lagos,4.7,0,0
R09240,2024-05-31,Bronze,28,Lagos,4.0,0,0
R09241,2023-10-30,Bronze,54,Nairobi,4.2,0,0
R09242,2024-10-25,Silver,35,Cairo,5.0,0,1
R09243,2023-09-16,Gold,28,Cairo,4.7,1,0
R09244,2023-11-29,Silver,57,Cairo,5.0,0,0
R09245,2024-05-07,Bronze,27,Lagos,4.9,0,1
R09246,2023-06-03,Bronze,19,Nairobi,4.3,0,0
R09247,2023-08-25,Bronze,63,Cairo,5.0,0,1
R09248,2025-03-06,Platinum,25,Lagos,3.9,0,0
R09249,2023-12-14,Gold,43,Lagos,4.7,0,1
R09250,2025-01-26,Gold,19,Nairobi,4.1,0,0
R09251,2023-10-19,Bronze,35,Nairobi,4.4,0,1
R09252,2025-02-10,Silver,32,Lagos,4.9,0,1
R09253,2023-11-09,Bronze,29,Nairobi,5.0,0,1
R09254,2024-03-03,Bronze,18,Nairobi,4.9,0,0
R09255,2025-04-11,Bronze,44,Cairo,4.7,1,0
R09256,2023-06-13,Bronze,43,Cairo,4.5,0,0
R09257,2023-08-13,Silver,39,Lagos,3.8,0,1
R09258,2025-04-04,Bronze,47,Nairobi,4.5,1,0
R09259,2025-01-28,Silver,18,Nairobi,5.0,0,0
R09260,2024-09-10,Bronze,32,Nairobi,4.1,0,0
R09261,2024-05-11,Bronze,37,Nairobi,4.3,0,0
R09262,2024-03-21,Bronze,42,Lagos,4.2,0,1
R09263,2024-10-03,Bronze,37,Lagos,4.5,1,1
R09264,2023-06-29,Bronze,38,Nairobi,5.0,0,0
R09265,2024-07-07,Bronze,22,Nairobi,4.2,0,0
R09266,2024-04-06,Bronze,33,Lagos,4.7,0,0
R09267,2023-07-14,Platinum,35,Lagos,5.0,0,1
R09268,2024-05-09,Platinum,31,Nairobi,4.5,0,0
R09269,2023-06-03,Bronze,40,Nairobi,5.0,1,0
R09270,2025-01-07,Bronze,39,Lagos,4.8,0,0
R09271,2024-04-22,Bronze,21,Lagos,4.6,0,1
R09272,2025-03-05,Bronze,47,Cairo,4.5,0,1
R09273,2025-02-17,Gold,22,Nairobi,4.6,0,0
R09274,2025-04-16,Bronze,32,Nairobi,4.9,0,0
R09275,2025-04-09,Silver,58,Cairo,4.6,0,1
R09276,2024-02-19,Bronze,37,Lagos,4.3,0,0
R09277,2024-04-19,Silver,33,Lagos,4.2,0,0
R09278,2024-10-16,Bronze,42,Nairobi,4.4,0,0
R09279,2024-05-07,Gold,36,Cairo,4.4,0,0
R09280,2024-07-24,Bronze,42,Lagos,4.5,1,0
R09281,2024-01-13,Bronze,20,Lagos,4.6,0,0
R09282,2024-05-04,Bronze,27,Cairo,5.0,1,1
R09283,2025-03-04,Silver,36,Lagos,3.8,0,1
R09284,2023-11-16,Silver,22,Lagos,5.0,0,0
R09285,2025-03-01,Platinum,44,Lagos,4.2,0,0
R09286,2024-02-04,Bronze,45,Lagos,4.8,0,1
R09287,2025-04-19,Bronze,32,Nairobi,3.6,0,0
R09288,2024-02-21,Bronze,42,Nairobi,4.4,0,1
R09289,2024-12-13,Bronze,37,Nairobi,4.3,0,1
R09290,2025-03-11,Bronze,38,Cairo,5.0,0,0
R09291,2024-02-03,Bronze,31,Nairobi,4.5,0,1
R09292,2023-05-27,Bronze,35,Nairobi,4.1,0,0
R09293,2025-02-08,Bronze,28,Cairo,4.8,0,1
R09294,2025-03-09,Silver,43,Lagos,3.7,0,0
R09295,2025-01-08,Bronze,23,Lagos,4.5,0,0
R09296,2024-01-30,Gold,32,Lagos,3.7,0,0
R09297,2025-04-01,Gold,42,Nairobi,4.7,0,0
R09298,2024-06-13,Silver,51,Cairo,4.1,0,0
R09299,2024-11-22,Bronze,28,Nairobi,4.7,0,0
R09300,2024-07-06,Bronze,45,Cairo,4.8,0,0
R09301,2025-01-21,Bronze,33,Cairo,4.1,1,0
R09302,2023-07-19,Bronze,28,Nairobi,4.8,0,0
R09303,2025-02-26,Gold,46,Nairobi,5.0,1,0
R09304,2024-01-12,Bronze,37,Cairo,4.5,0,1
R09305,2024-05-05,Gold,36,Cairo,4.2,0,0
R09306,2024-08-10,Silver,24,Cairo,5.0,0,1
R09307,2024-09-01,Bronze,18,Nairobi,5.0,0,0
R09308,2024-08-22,Gold,33,Lagos,4.3,0,0
R09309,2024-11-07,Platinum,25,Lagos,4.4,0,0
R09310,2024-05-24,Bronze,46,Cairo,4.9,0,0
R09311,2023-09-17,Gold,41,Cairo,5.0,0,1
R09312,2024-05-02,Silver,40,Cairo,4.2,0,0
R09313,2024-03-06,Silver,32,Lagos,4.2,0,1
R09314,2023-11-02,Silver,36,Nairobi,4.1,0,0
R09315,2023-12-06,Gold,18,Lagos,4.0,0,1
R09316,2023-09-03,Bronze,33,Lagos,4.3,0,0
R09317,2023-11-28,Bronze,36,Lagos,4.3,0,0
R09318,2024-12-21,Silver,32,Nairobi,5.0,0,0
R09319,2024-06-26,Bronze,35,Nairobi,4.4,0,0
R09320,2023-12-16,Silver,28,Lagos,4.8,0,1
R09321,2023-10-18,Silver,35,Cairo,4.6,0,0
R09322,2024-10-07,Bronze,20,Cairo,4.4,0,0
R09323,2023-09-25,Silver,42,Nairobi,3.6,0,0
R09324,2024-06-02,Gold,23,Cairo,4.5,0,0
R09325,2023-07-09,Bronze,40,Lagos,4.2,0,0
R09326,2024-10-12,Silver,39,Lagos,4.1,0,0
R09327,2024-10-05,Gold,41,Cairo,5.0,0,0
R09328,2024-06-01,Gold,33,Cairo,4.6,0,0
R09329,2025-02-15,Bronze,28,Cairo,4.5,0,0
R09330,2024-10-16,Bronze,46,Lagos,4.5,0,0
R09331,2023-05-22,Bronze,22,Nairobi,4.6,0,1
R09332,2024-10-30,Silver,33,Cairo,4.1,0,0
R09333,2023-05-15,Bronze,32,Cairo,5.0,0,0
R09334,2023-11-07,Bronze,29,Nairobi,4.8,0,0
R09335,2024-07-09,Silver,48,Lagos,4.7,1,0
R09336,2024-04-24,Bronze,39,Cairo,4.5,0,0
R09337,2024-01-21,Silver,29,Nairobi,4.4,0,0
R09338,2024-10-17,Bronze,24,Lagos,4.6,0,0
R09339,2024-10-08,Platinum,47,Cairo,4.5,0,0
R09340,2024-12-12,Bronze,46,Lagos,3.4,0,0
R09341,2023-09-29,Bronze,44,Lagos,5.0,0,0
R09342,2023-12-12,Silver,34,Cairo,4.2,0,0
R09343,2024-11-08,Bronze,47,Cairo,4.4,0,0
R09344,2024-10-23,Bronze,38,Cairo,5.0,0,1
R09345,2023-05-27,Silver,38,Lagos,4.7,0,0
R09346,2024-05-24,Silver,42,Nairobi,5.0,0,1
R09347,2025-01-09,Silver,31,Nairobi,4.5,0,0
R09348,2024-02-26,Bronze,36,Cairo,3.8,1,1
R09349,2024-11-22,Bronze,38,Nairobi,5.0,0,0
R09350,2024-07-20,Bronze,46,Cairo,5.0,0,1
R09351,2024-05-18,Bronze,43,Nairobi,4.6,0,0
R09352,2023-08-24,Bronze,30,Nairobi,4.6,0,1
R09353,2024-10-16,Silver,32,Lagos,4.8,0,1
R09354,2024-03-19,Silver,43,Lagos,4.7,1,1
R09355,2024-01-07,Bronze,42,Cairo,4.4,0,0
R09356,2023-07-03,Bronze,45,Lagos,4.8,0,0
R09357,2024-05-04,Platinum,24,Cairo,4.0,0,0
R09358,2025-01-07,Silver,22,Lagos,4.8,0,0
R09359,2025-03-05,Silver,56,Lagos,3.8,0,1
R09360,2024-08-06,Silver,35,Nairobi,5.0,0,0
R09361,2023-10-30,Bronze,20,Nairobi,4.4,0,0
R09362,2024-09-07,Gold,41,Nairobi,3.8,0,0
R09363,2024-07-17,Bronze,36,Nairobi,4.9,0,1
R09364,2023-06-25,Bronze,62,Nairobi,4.8,0,0
R09365,2024-06-28,Silver,54,Lagos,3.8,0,0
R09366,2025-02-01,Silver,36,Cairo,4.5,0,0
R09367,2023-11-17,Bronze,33,Lagos,4.8,0,0
R09368,2023-10-10,Silver,38,Cairo,4.5,0,0
R09369,2024-12-04,Bronze,39,Cairo,4.7,1,0
R09370,2023-05-25,Gold,36,Cairo,4.9,0,1
R09371,2023-08-05,Bronze,32,Cairo,4.8,1,1
R09372,2023-08-07,Bronze,42,Cairo,3.9,0,0
R09373,2024-06-01,Bronze,36,Lagos,4.4,0,0
R09374,2024-10-08,Bronze,36,Nairobi,4.3,0,0
R09375,2023-07-20,Bronze,36,Lagos,4.3,0,0
R09376,2023-08-15,Silver,42,Lagos,3.8,0,0
R09377,2023-05-31,Bronze,20,Cairo,5.0,1,1
R09378,2025-01-03,Gold,30,Nairobi,5.0,0,0
R09379,2023-06-01,Silver,36,Lagos,4.1,0,0
R09380,2025-03-09,Bronze,24,Cairo,4.1,0,0
R09381,2023-10-15,Silver,42,Cairo,5.0,0,0
R09382,2025-04-18,Bronze,21,Nairobi,3.5,0,1
R09383,2024-05-22,Bronze,25,Lagos,5.0,1,0
R09384,2025-01-19,Gold,25,Cairo,5.0,0,0
R09385,2024-11-14,Bronze,33,Cairo,4.1,0,0
R09386,2024-04-05,Bronze,40,Lagos,4.5,1,0
R09387,2023-11-18,Silver,38,Lagos,4.6,0,1
R09388,2023-07-13,Bronze,57,Cairo,4.0,0,1
R09389,2024-06-14,Silver,44,Nairobi,4.1,0,0
R09390,2025-02-11,Bronze,38,Nairobi,4.8,0,0
R09391,2024-10-12,Silver,36,Nairobi,4.1,0,0
R09392,2024-08-16,Bronze,37,Lagos,3.6,0,1
R09393,2023-11-22,Bronze,25,Cairo,4.8,0,0
R09394,2024-12-30,Bronze,34,Cairo,3.7,0,1
R09395,2023-08-18,Silver,54,Nairobi,4.8,0,0
R09396,2023-06-12,Bronze,41,Lagos,4.6,1,0
R09397,2024-10-27,Bronze,25,Nairobi,4.2,0,0
R09398,2024-10-02,Bronze,30,Cairo,4.3,0,0
R09399,2024-03-12,Silver,34,Lagos,4.8,0,0
R09400,2025-02-04,Bronze,37,Cairo,4.2,0,0
R09401,2024-10-12,Bronze,25,Cairo,4.6,1,0
R09402,2023-05-27,Bronze,28,Nairobi,4.6,0,0
R09403,2023-10-15,Bronze,34,Lagos,4.6,0,0
R09404,2023-09-22,Bronze,23,Nairobi,4.5,0,1
R09405,2025-02-22,Bronze,40,Cairo,5.0,0,0
R09406,2023-07-06,Gold,26,Cairo,4.1,0,0
R09407,2024-04-08,Bronze,26,Lagos,4.2,0,0
R09408,2024-12-03,Bronze,23,Cairo,4.4,0,1
R09409,2024-12-26,Bronze,34,Lagos,4.4,1,0
R09410,2025-04-09,Bronze,31,Cairo,4.7,0,0
R09411,2023-05-20,Silver,18,Nairobi,5.0,0,0
R09412,2023-10-12,Bronze,33,Lagos,4.6,0,0
R09413,2025-01-06,Silver,39,Cairo,4.7,0,0
R09414,2023-08-12,Bronze,22,Lagos,4.9,0,0
R09415,2024-04-24,Bronze,22,Lagos,5.0,0,1
R09416,2024-07-14,Gold,39,Nairobi,5.0,0,1
R09417,2024-03-05,Gold,36,Lagos,4.4,1,0
R09418,2024-05-13,Bronze,24,Cairo,4.3,0,0
R09419,2024-01-09,Silver,34,Lagos,4.4,0,1
R09420,2024-11-13,Bronze,45,Nairobi,4.5,0,0
R09421,2024-05-25,Silver,36,Lagos,3.8,0,1
R09422,2023-05-28,Gold,35,Nairobi,4.0,0,1
R09423,2024-06-24,Bronze,34,Cairo,3.9,0,0
R09424,2024-10-17,Bronze,43,Lagos,4.2,0,0
R09425,2025-04-15,Platinum,52,Cairo,4.1,0,1
R09426,2023-11-09,Bronze,38,Lagos,4.4,0,0
R09427,2024-05-21,Platinum,36,Nairobi,4.4,1,1
R09428,2025-01-27,Bronze,19,Lagos,4.9,0,0
R09429,2024-06-18,Silver,22,Lagos,4.8,0,1
R09430,2023-06-01,Bronze,37,Nairobi,3.6,0,1
R09431,2024-07-24,Bronze,47,Nairobi,4.2,0,0
R09432,2023-09-03,Silver,40,Cairo,5.0,0,0
R09433,2024-12-23,Silver,45,Nairobi,4.3,0,1
R09434,2025-01-07,Silver,25,Lagos,4.3,0,1
R09435,2024-02-20,Gold,40,Lagos,4.6,0,0
R09436,2024-02-25,Bronze,19,Nairobi,4.1,0,1
R09437,2024-01-02,Bronze,31,Lagos,4.4,0,0
R09438,2024-05-29,Gold,32,Cairo,4.7,0,0
R09439,2024-07-07,Silver,31,Nairobi,3.9,0,1
R09440,2025-01-13,Silver,25,Lagos,4.9,0,0
R09441,2024-05-17,Gold,21,Nairobi,4.5,0,1
R09442,2024-06-20,Silver,25,Nairobi,3.9,0,0
R09443,2023-09-15,Silver,38,Nairobi,3.9,0,0
R09444,2023-05-19,Silver,30,Lagos,4.1,1,0
R09445,2024-08-17,Silver,19,Cairo,4.2,0,1
R09446,2024-07-19,Bronze,33,Cairo,4.9,0,0
R09447,2024-06-13,Bronze,36,Lagos,5.0,0,1
R09448,2024-02-08,Bronze,23,Nairobi,4.6,0,0
R09449,2023-06-10,Platinum,22,Nairobi,4.3,0,0
R09450,2024-04-17,Bronze,51,Cairo,5.0,0,1
R09451,2024-05-12,Bronze,34,Nairobi,4.7,0,0
R09452,2024-06-18,Platinum,31,Nairobi,3.6,0,0
R09453,2024-08-30,Gold,37,Lagos,4.7,0,1
R09454,2023-12-11,Bronze,26,Cairo,5.0,0,0
R09455,2024-07-02,Bronze,29,Nairobi,4.2,0,1
R09456,2024-07-13,Bronze,43,Nairobi,4.6,0,0
R09457,2024-04-20,Bronze,35,Nairobi,4.5,0,1
R09458,2024-09-22,Bronze,29,Lagos,5.0,0,0
R09459,2024-11-04,Bronze,49,Nairobi,4.2,0,0
R09460,2023-09-18,Silver,37,Lagos,5.0,0,0
R09461,2024-11-18,Bronze,41,Cairo,5.0,1,0
R09462,2024-08-28,Bronze,34,Lagos,3.6,0,1
R09463,2023-08-11,Bronze,22,Lagos,4.7,0,0
R09464,2024-12-28,Bronze,42,Nairobi,5.0,0,0
R09465,2023-05-06,Gold,43,Lagos,4.9,0,0
R09466,2024-05-05,Silver,52,Nairobi,4.2,0,0
R09467,2023-05-24,Silver,24,Lagos,5.0,0,0
R09468,2024-09-18,Bronze,33,Lagos,4.6,0,0
R09469,2024-03-01,Gold,27,Lagos,4.3,0,0
R09470,2025-02-22,Gold,22,Nairobi,4.4,0,0
R09471,2024-10-10,Bronze,49,Cairo,4.0,0,0
R09472,2023-08-10,Bronze,33,Lagos,4.8,0,0
R09473,2024-09-19,Gold,30,Lagos,3.6,1,0
R09474,2024-07-13,Silver,36,Lagos,4.9,0,1
R09475,2024-06-01,Bronze,45,Lagos,4.7,0,0
R09476,2024-04-01,Bronze,34,Cairo,4.8,0,1
R09477,2024-05-02,Bronze,30,Lagos,4.4,0,0
R09478,2025-03-18,Bronze,30,Nairobi,4.6,0,1
R09479,2024-11-04,Bronze,18,Lagos,4.2,0,0
R09480,2024-10-19,Silver,39,Nairobi,4.7,0,0
R09481,2024-02-19,Bronze,52,Lagos,4.6,0,0
R09482,2023-05-01,Silver,36,Cairo,4.2,0,0
R09483,2024-09-08,Bronze,42,Lagos,3.6,0,0
R09484,2023-12-02,Silver,51,Nairobi,4.5,0,0
R09485,2025-01-08,Bronze,22,Lagos,4.4,0,1
R09486,2024-09-23,Bronze,29,Cairo,4.8,0,0
R09487,2023-08-15,Silver,35,Nairobi,4.8,0,1
R09488,2023-10-05,Platinum,33,Cairo,4.0,0,1
R09489,2024-09-06,Silver,24,Lagos,4.1,0,0
R09490,2025-03-10,Bronze,36,Nairobi,5.0,0,1
R09491,2024-11-02,Bronze,45,Cairo,4.8,0,1
R09492,2024-12-09,Bronze,34,Cairo,4.1,0,0
R09493,2025-03-14,Gold,38,Cairo,4.1,0,1
R09494,2023-06-30,Bronze,48,Nairobi,4.2,0,1
R09495,2024-10-21,Bronze,22,Lagos,5.0,0,0
R09496,2025-02-19,Bronze,38,Lagos,4.4,0,0
R09497,2025-03-28,Bronze,28,Nairobi,5.0,1,0
R09498,2025-03-10,Bronze,52,Cairo,3.9,0,0
R09499,2024-05-07,Bronze,45,Nairobi,3.6,0,1
R09500,2024-09-25,Bronze,50,Cairo,4.7,0,1
R09501,2023-11-15,Bronze,18,Cairo,4.5,1,0
R09502,2025-03-30,Gold,23,Lagos,4.1,0,0
R09503,2024-10-08,Bronze,33,Nairobi,4.6,0,0
R09504,2025-03-03,Bronze,18,Cairo,5.0,0,0
R09505,2023-09-24,Silver,44,Lagos,4.0,1,0
R09506,2024-05-30,Silver,23,Cairo,4.3,0,1
R09507,2025-01-13,Bronze,46,Cairo,4.6,0,1
R09508,2024-09-04,Bronze,21,Lagos,3.1,0,0
R09509,2023-07-04,Bronze,31,Nairobi,4.3,0,0
R09510,2024-10-02,Bronze,45,Nairobi,4.1,0,1
R09511,2023-07-07,Silver,44,Cairo,4.2,1,0
R09512,2024-01-17,Silver,39,Nairobi,3.8,1,0
R09513,2024-05-15,Bronze,43,Lagos,3.6,0,0
R09514,2024-12-07,Bronze,27,Cairo,4.9,0,1
R09515,2023-09-09,Bronze,41,Cairo,4.7,0,0
R09516,2024-04-20,Bronze,28,Nairobi,5.0,0,1
R09517,2025-01-21,Platinum,42,Cairo,4.3,0,0
R09518,2024-08-08,Bronze,48,Lagos,5.0,0,1
R09519,2024-03-19,Silver,33,Cairo,4.3,1,0
R09520,2023-09-22,Silver,34,Nairobi,4.3,0,1
R09521,2023-10-12,Bronze,60,Nairobi,4.5,1,0
R09522,2024-10-14,Gold,32,Lagos,4.5,0,0
R09523,2024-05-30,Silver,26,Cairo,4.9,0,0
R09524,2024-10-21,Bronze,36,Lagos,4.6,0,0
R09525,2025-02-04,Silver,31,Lagos,3.5,0,0
R09526,2025-03-15,Platinum,30,Lagos,4.6,1,0
R09527,2024-03-03,Bronze,35,Cairo,4.3,0,1
R09528,2024-01-11,Bronze,28,Cairo,5.0,0,0
R09529,2024-04-12,Bronze,58,Cairo,4.8,0,0
R09530,2024-09-18,Silver,42,Lagos,4.4,0,1
R09531,2024-01-09,Silver,33,Lagos,4.1,0,1
R09532,2024-06-30,Bronze,49,Nairobi,4.4,0,1
R09533,2024-12-02,Gold,43,Lagos,4.8,0,1
R09534,2025-01-10,Silver,26,Lagos,4.2,0,0
R09535,2024-05-31,Bronze,57,Lagos,4.0,0,0
R09536,2023-08-02,Bronze,32,Lagos,4.8,0,0
R09537,2024-08-02,Bronze,50,Lagos,4.4,0,0
R09538,2024-07-13,Bronze,48,Nairobi,5.0,1,0
R09539,2024-03-18,Bronze,21,Nairobi,4.5,1,0
R09540,2023-08-28,Bronze,21,Nairobi,4.6,0,0
R09541,2024-02-12,Silver,54,Cairo,4.2,0,0
R09542,2025-01-31,Bronze,31,Nairobi,4.0,0,0
R09543,2024-05-05,Silver,40,Lagos,5.0,0,0
R09544,2024-05-07,Bronze,30,Cairo,4.5,0,1
R09545,2024-06-02,Gold,36,Nairobi,4.5,0,1
R09546,2024-12-18,Bronze,22,Cairo,4.2,0,0
R09547,2024-05-06,Bronze,41,Nairobi,5.0,0,0
R09548,2024-09-16,Bronze,38,Cairo,5.0,0,1
R09549,2024-07-20,Bronze,33,Nairobi,4.8,0,0
R09550,2024-11-13,Bronze,51,Cairo,4.4,0,0
R09551,2023-06-30,Bronze,28,Cairo,5.0,0,0
R09552,2024-07-24,Silver,28,Nairobi,5.0,0,0
R09553,2023-08-13,Bronze,48,Nairobi,4.0,0,0
R09554,2024-05-26,Bronze,38,Nairobi,4.1,0,0
R09555,2023-07-20,Silver,31,Nairobi,4.7,0,0
R09556,2024-12-26,Gold,24,Lagos,5.0,0,0
R09557,2025-04-07,Bronze,34,Cairo,5.0,0,0
R09558,2024-10-20,Bronze,34,Nairobi,4.6,0,0
R09559,2024-03-07,Bronze,21,Lagos,4.2,0,0
R09560,2023-10-01,Bronze,29,Nairobi,4.2,0,1
R09561,2023-12-17,Bronze,48,Nairobi,3.9,0,1
R09562,2023-10-15,Bronze,35,Cairo,4.4,0,0
R09563,2023-06-21,Silver,18,Lagos,4.9,0,0
R09564,2024-10-19,Bronze,45,Nairobi,5.0,0,1
R09565,2023-09-28,Bronze,45,Nairobi,4.2,0,0
R09566,2024-11-20,Bronze,40,Lagos,4.7,0,0
R09567,2023-11-16,Platinum,53,Lagos,4.6,0,0
R09568,2023-10-06,Silver,31,Nairobi,4.2,0,0
R09569,2025-01-15,Gold,31,Lagos,4.1,0,0
R09570,2023-06-16,Bronze,29,Nairobi,4.0,0,1
R09571,2025-03-18,Silver,51,Cairo,5.0,0,0
R09572,2024-11-11,Bronze,25,Cairo,5.0,0,0
R09573,2024-04-15,Bronze,23,Cairo,4.3,0,1
R09574,2025-02-01,Bronze,38,Lagos,3.4,0,0
R09575,2024-03-13,Silver,35,Nairobi,4.3,0,0
R09576,2025-02-12,Gold,47,Lagos,4.4,0,0
R09577,2024-07-07,Bronze,31,Nairobi,4.8,0,1
R09578,2023-06-24,Gold,35,Nairobi,4.7,1,1
R09579,2024-12-27,Bronze,37,Cairo,3.9,0,0
R09580,2023-06-30,Bronze,57,Cairo,5.0,0,0
R09581,2024-02-23,Bronze,47,Cairo,3.7,0,1
R09582,2024-01-17,Bronze,29,Nairobi,4.5,0,0
R09583,2024-03-04,Bronze,40,Lagos,4.3,0,0
R09584,2023-10-05,Gold,38,Lagos,4.3,0,0
R09585,2024-04-13,Bronze,26,Lagos,4.7,0,0
R09586,2023-10-26,Bronze,35,Lagos,4.1,0,0
R09587,2024-11-16,Bronze,18,Nairobi,4.2,0,0
R09588,2023-09-21,Gold,38,Cairo,4.7,0,0
R09589,2023-11-11,Bronze,36,Lagos,4.3,0,1
R09590,2023-12-23,Bronze,42,Lagos,4.6,1,0
R09591,2024-03-14,Bronze,40,Nairobi,4.9,0,1
R09592,2024-05-11,Silver,46,Lagos,3.8,0,1
R09593,2024-12-20,Bronze,29,Nairobi,4.7,0,0
R09594,2024-11-22,Silver,43,Lagos,4.5,0,0
R09595,2024-08-18,Bronze,35,Lagos,4.9,0,0
R09596,2024-05-29,Bronze,51,Lagos,3.7,0,0
R09597,2025-02-17,Silver,43,Lagos,5.0,0,0
R09598,2024-07-09,Bronze,50,Lagos,4.7,0,1
R09599,2024-05-26,Bronze,18,Cairo,4.7,0,0
R09600,2024-05-26,Bronze,32,Nairobi,4.4,0,0
R09601,2023-08-07,Bronze,26,Lagos,4.2,0,1
R09602,2024-02-18,Silver,30,Cairo,4.2,0,0
R09603,2023-05-12,Bronze,49,Cairo,5.0,0,1
R09604,2023-12-02,Bronze,26,Cairo,4.6,0,0
R09605,2023-11-04,Bronze,54,Lagos,3.9,0,0
R09606,2024-03-26,Bronze,31,Lagos,5.0,0,0
R09607,2025-03-03,Gold,26,Nairobi,5.0,0,0
R09608,2024-07-29,Bronze,27,Lagos,3.8,0,0
R09609,2024-04-30,Bronze,41,Nairobi,4.0,0,0
R09610,2023-12-10,Bronze,44,Lagos,4.7,0,1
R09611,2025-01-07,Bronze,36,Lagos,4.4,0,1
R09612,2025-02-21,Bronze,42,Cairo,4.5,0,1
R09613,2024-07-09,Bronze,26,Cairo,3.9,0,0
R09614,2024-12-03,Bronze,37,Lagos,5.0,0,0
R09615,2023-06-17,Bronze,18,Nairobi,3.9,0,1
R09616,2024-10-05,Bronze,35,Nairobi,5.0,0,0
R09617,2023-08-19,Bronze,31,Nairobi,4.6,1,0
R09618,2024-09-12,Bronze,26,Lagos,4.4,0,1
R09619,2024-07-26,Bronze,39,Cairo,4.7,0,0
R09620,2024-10-31,Bronze,27,Cairo,4.8,0,0
R09621,2024-06-29,Silver,33,Cairo,4.7,0,0
R09622,2023-06-19,Bronze,29,Cairo,4.6,0,0
R09623,2024-01-18,Bronze,18,Cairo,4.4,0,0
R09624,2025-03-05,Bronze,18,Nairobi,5.0,1,0
R09625,2024-06-25,Silver,37,Lagos,4.8,0,0
R09626,2025-02-25,Bronze,38,Nairobi,4.3,0,0
R09627,2023-07-12,Silver,43,Lagos,5.0,0,0
R09628,2024-08-15,Bronze,32,Cairo,4.6,0,0
R09629,2023-07-09,Bronze,33,Nairobi,4.2,0,0
R09630,2024-10-27,Bronze,23,Nairobi,5.0,0,1
R09631,2025-01-14,Silver,34,Cairo,4.0,0,1
R09632,2024-10-24,Silver,34,Lagos,5.0,0,0
R09633,2023-11-21,Gold,26,Cairo,4.6,0,1
R09634,2023-06-21,Silver,23,Cairo,4.7,0,0
R09635,2024-02-16,Bronze,52,Cairo,4.7,0,0
R09636,2023-07-12,Bronze,37,Cairo,4.2,0,1
R09637,2023-06-03,Platinum,30,Cairo,4.3,0,0
R09638,2024-03-16,Gold,43,Lagos,4.9,0,0
R09639,2025-03-03,Gold,35,Nairobi,4.3,0,0
R09640,2024-09-14,Silver,28,Cairo,4.8,0,0
R09641,2024-09-19,Bronze,37,Lagos,4.4,0,0
R09642,2025-02-12,Bronze,32,Lagos,4.2,0,0
R09643,2024-07-20,Bronze,20,Nairobi,4.6,0,0
R09644,2024-08-22,Bronze,26,Lagos,4.5,0,0
R09645,2024-12-15,Gold,44,Cairo,4.1,0,1
R09646,2023-07-10,Bronze,37,Nairobi,3.3,0,0
R09647,2024-02-28,Silver,36,Lagos,4.4,0,1
R09648,2023-05-01,Silver,31,Nairobi,4.1,0,1
R09649,2024-11-13,Gold,23,Lagos,4.6,1,0
R09650,2023-09-09,Bronze,35,Lagos,3.8,0,1
R09651,2024-05-09,Bronze,50,Lagos,4.7,0,0
R09652,2025-02-26,Bronze,29,Nairobi,4.1,0,0
R09653,2023-06-04,Bronze,39,Cairo,4.3,1,0
R09654,2024-09-22,Platinum,37,Lagos,5.0,0,0
R09655,2024-03-20,Silver,28,Lagos,4.7,0,0
R09656,2024-03-28,Bronze,30,Lagos,4.6,0,0
R09657,2025-03-17,Bronze,34,Cairo,4.4,0,0
R09658,2024-03-09,Bronze,18,Lagos,3.9,0,0
R09659,2024-08-30,Bronze,23,Cairo,5.0,0,0
R09660,2025-02-09,Bronze,35,Cairo,5.0,0,0
R09661,2024-02-20,Bronze,25,Cairo,4.1,0,0
R09662,2025-03-30,Bronze,18,Nairobi,4.8,0,0
R09663,2025-03-16,Silver,35,Cairo,4.0,0,0
R09664,2025-02-17,Bronze,28,Cairo,4.4,0,0
R09665,2025-03-16,Bronze,34,Cairo,4.0,0,1
R09666,2023-10-11,Bronze,18,Nairobi,4.8,0,0
R09667,2023-08-07,Bronze,38,Lagos,4.8,0,1
R09668,2025-01-27,Bronze,38,Nairobi,4.3,0,1
R09669,2024-01-16,Bronze,20,Lagos,4.5,0,0
R09670,2023-12-18,Silver,39,Cairo,5.0,0,0
R09671,2023-07-20,Bronze,26,Nairobi,4.2,0,0
R09672,2023-05-14,Silver,50,Lagos,4.3,0,1
R09673,2024-12-29,Silver,32,Lagos,3.9,0,1
R09674,2025-01-15,Bronze,29,Cairo,4.6,0,0
R09675,2024-03-22,Bronze,20,Lagos,4.5,0,0
R09676,2024-08-02,Gold,40,Lagos,4.2,0,0
R09677,2023-09-12,Gold,35,Nairobi,4.4,1,1
R09678,2024-02-07,Gold,47,Cairo,5.0,0,0
R09679,2024-10-16,Gold,27,Lagos,4.6,0,0
R09680,2023-09-09,Bronze,47,Lagos,4.5,1,0
R09681,2023-08-19,Bronze,35,Lagos,4.3,0,1
R09682,2025-01-03,Bronze,39,Cairo,4.8,0,1
R09683,2023-06-28,Silver,34,Lagos,4.2,0,0
R09684,2024-06-21,Bronze,39,Cairo,4.4,0,1
R09685,2024-07-14,Bronze,31,Nairobi,3.8,0,1
R09686,2025-03-29,Gold,32,Lagos,3.6,0,1
R09687,2023-11-07,Silver,21,Lagos,4.4,0,1
R09688,2024-11-11,Silver,27,Lagos,3.5,0,0
R09689,2024-02-13,Silver,22,Cairo,4.4,0,0
R09690,2023-08-17,Bronze,44,Nairobi,3.7,0,0
R09691,2024-09-10,Bronze,28,Lagos,3.9,0,1
R09692,2023-09-14,Silver,26,Lagos,4.5,1,0
R09693,2023-08-17,Bronze,56,Cairo,4.7,0,0
R09694,2023-08-03,Bronze,26,Nairobi,4.2,0,0
R09695,2024-08-24,Gold,18,Nairobi,3.9,1,0
R09696,2024-08-24,Bronze,43,Lagos,3.4,0,1
R09697,2023-12-09,Bronze,32,Nairobi,4.5,0,0
R09698,2024-08-12,Silver,38,Cairo,4.3,0,1
R09699,2024-01-26,Bronze,37,Lagos,4.5,0,1
R09700,2025-01-11,Bronze,26,Nairobi,5.0,0,1
R09701,2023-10-02,Bronze,39,Cairo,5.0,0,0
R09702,2024-07-01,Bronze,27,Cairo,4.5,0,0
R09703,2024-08-16,Silver,32,Nairobi,4.1,1,1
R09704,2025-04-05,Silver,48,Cairo,3.3,0,0
R09705,2025-02-21,Bronze,32,Cairo,5.0,0,0
R09706,2025-02-07,Silver,38,Nairobi,4.4,0,0
R09707,2024-12-16,Bronze,43,Cairo,3.8,0,0
R09708,2024-04-01,Bronze,42,Cairo,4.3,0,1
R09709,2024-10-13,Bronze,44,Cairo,5.0,0,0
R09710,2023-04-29,Silver,38,Lagos,4.7,0,0
R09711,2025-03-23,Silver,41,Cairo,5.0,0,0
R09712,2023-08-20,Bronze,37,Cairo,5.0,0,1
R09713,2024-12-13,Bronze,45,Nairobi,4.8,0,0
R09714,2024-07-15,Bronze,35,Nairobi,5.0,0,1
R09715,2025-03-30,Gold,28,Cairo,3.6,0,0
R09716,2024-07-28,Bronze,44,Cairo,3.7,0,0
R09717,2024-07-28,Platinum,29,Cairo,4.4,0,1
R09718,2025-01-21,Silver,43,Nairobi,4.7,0,0
R09719,2024-02-14,Gold,48,Lagos,5.0,1,1
R09720,2024-11-29,Silver,18,Nairobi,4.1,0,1
R09721,2025-03-18,Bronze,43,Nairobi,4.8,0,0
R09722,2023-07-17,Platinum,40,Nairobi,4.2,0,0
R09723,2024-01-13,Gold,50,Nairobi,4.6,0,0
R09724,2024-09-02,Bronze,37,Lagos,4.7,0,0
R09725,2023-09-04,Silver,30,Lagos,4.7,0,1
R09726,2024-02-12,Silver,38,Cairo,4.7,0,0
R09727,2025-01-18,Silver,33,Nairobi,4.9,0,1
R09728,2024-07-09,Silver,45,Nairobi,3.6,0,0
R09729,2023-09-19,Platinum,54,Nairobi,3.7,0,1
R09730,2024-08-14,Silver,32,Lagos,4.7,0,0
R09731,2023-06-27,Bronze,40,Nairobi,4.4,0,1
R09732,2024-11-03,Bronze,51,Lagos,3.9,0,0
R09733,2024-05-11,Bronze,23,Cairo,3.9,0,0
R09734,2024-11-16,Bronze,50,Nairobi,4.5,0,0
R09735,2024-02-20,Bronze,38,Nairobi,3.9,0,1
R09736,2025-02-13,Bronze,29,Lagos,3.9,0,0
R09737,2023-08-15,Bronze,33,Lagos,5.0,1,0
R09738,2023-06-12,Bronze,32,Cairo,4.2,1,1
R09739,2024-04-18,Bronze,50,Nairobi,4.8,0,0
R09740,2025-01-22,Bronze,38,Cairo,4.6,0,0
R09741,2024-12-16,Silver,38,Cairo,5.0,0,0
R09742,2025-03-15,Bronze,40,Cairo,4.3,0,0
R09743,2025-02-23,Silver,40,Nairobi,4.1,0,0
R09744,2024-05-26,Bronze,41,Cairo,4.7,0,0
R09745,2023-07-19,Bronze,24,Lagos,5.0,0,0
R09746,2023-11-09,Bronze,25,Nairobi,4.5,0,1
R09747,2025-03-14,Gold,35,Lagos,3.8,0,0
R09748,2023-04-30,Silver,18,Cairo,5.0,0,1
R09749,2024-07-03,Silver,26,Nairobi,3.4,0,1
R09750,2024-06-19,Silver,36,Nairobi,4.1,0,0
R09751,2024-07-11,Silver,24,Nairobi,4.4,0,0
R09752,2023-12-23,Silver,34,Lagos,4.1,0,0
R09753,2025-03-25,Bronze,26,Cairo,5.0,0,0
R09754,2023-06-24,Bronze,19,Cairo,4.4,0,0
R09755,2024-12-01,Bronze,25,Cairo,4.4,0,0
R09756,2023-05-05,Bronze,41,Nairobi,4.0,0,0
R09757,2024-04-26,Bronze,49,Lagos,4.7,0,1
R09758,2023-09-28,Bronze,47,Nairobi,3.9,0,0
R09759,2023-08-21,Gold,18,Cairo,4.2,0,1
R09760,2023-12-08,Gold,34,Nairobi,4.5,0,0
R09761,2024-03-03,Bronze,57,Cairo,4.5,0,1
R09762,2024-08-16,Bronze,32,Lagos,4.4,0,1
R09763,2024-03-29,Platinum,30,Lagos,3.6,1,0
R09764,2025-01-05,Silver,51,Lagos,4.1,0,0
R09765,2023-10-02,Bronze,59,Nairobi,4.9,1,1
R09766,2023-09-20,Platinum,33,Nairobi,4.4,0,0
R09767,2023-09-03,Bronze,34,Nairobi,5.0,0,0
R09768,2023-12-11,Bronze,39,Lagos,5.0,0,1
R09769,2024-08-03,Silver,41,Lagos,3.7,0,0
R09770,2024-09-21,Bronze,21,Lagos,4.3,0,0
R09771,2023-05-04,Bronze,34,Cairo,5.0,0,1
R09772,2023-10-12,Silver,28,Cairo,4.8,0,0
R09773,2024-12-04,Bronze,27,Cairo,4.3,0,0
R09774,2024-01-18,Bronze,27,Cairo,4.0,0,0
R09775,2023-06-02,Silver,32,Lagos,4.1,0,1
R09776,2025-01-04,Bronze,30,Cairo,4.7,0,1
R09777,2024-12-02,Silver,53,Nairobi,4.3,0,0
R09778,2025-03-28,Bronze,33,Cairo,4.2,0,0
R09779,2023-10-31,Silver,54,Nairobi,4.1,0,1
R09780,2024-05-28,Bronze,28,Nairobi,4.9,0,0
R09781,2024-07-06,Bronze,39,Lagos,3.7,0,0
R09782,2024-03-22,Bronze,26,Lagos,3.8,0,0
R09783,2024-01-26,Silver,25,Cairo,3.5,0,0
R09784,2023-05-22,Bronze,31,Cairo,4.3,0,0
R09785,2023-06-05,Gold,44,Cairo,4.0,1,0
R09786,2024-01-25,Gold,18,Cairo,5.0,1,0
R09787,2024-08-04,Gold,42,Cairo,3.6,0,1
R09788,2023-07-11,Gold,39,Lagos,4.7,0,0
R09789,2023-09-06,Bronze,55,Cairo,3.7,0,0
R09790,2023-08-26,Bronze,27,Lagos,5.0,0,0
R09791,2023-10-31,Bronze,28,Cairo,5.0,0,0
R09792,2024-04-24,Silver,22,Nairobi,4.3,0,1
R09793,2023-12-30,Silver,31,Nairobi,3.9,0,0
R09794,2023-09-02,Bronze,47,Nairobi,4.3,0,0
R09795,2023-05-19,Bronze,41,Nairobi,4.5,1,0
R09796,2024-07-05,Silver,42,Lagos,3.9,0,1
R09797,2024-12-23,Silver,30,Cairo,4.4,0,0
R09798,2023-10-02,Gold,41,Nairobi,5.0,0,0
R09799,2024-04-11,Bronze,33,Cairo,4.5,0,0
R09800,2023-06-22,Bronze,22,Lagos,3.9,0,0
R09801,2024-08-06,Bronze,47,Cairo,4.7,0,0
R09802,2025-03-10,Bronze,51,Lagos,4.8,0,1
R09803,2024-12-18,Bronze,20,Cairo,4.0,0,0
R09804,2023-07-24,Silver,22,Nairobi,4.6,0,0
R09805,2024-02-07,Bronze,26,Nairobi,3.9,0,0
R09806,2024-12-30,Platinum,33,Nairobi,4.3,0,1
R09807,2023-09-29,Bronze,32,Nairobi,4.9,0,0
R09808,2024-05-14,Gold,24,Lagos,5.0,0,0
R09809,2023-11-22,Silver,22,Lagos,4.4,0,0
R09810,2023-04-30,Bronze,28,Lagos,4.1,0,0
R09811,2024-08-15,Bronze,48,Nairobi,4.4,0,0
R09812,2024-11-11,Bronze,40,Nairobi,5.0,1,0
R09813,2023-07-04,Silver,52,Nairobi,4.1,0,1
R09814,2024-06-20,Bronze,54,Lagos,5.0,0,0
R09815,2024-01-16,Silver,30,Cairo,4.1,0,1
R09816,2025-01-12,Bronze,37,Nairobi,4.5,0,0
R09817,2024-05-28,Bronze,38,Lagos,5.0,0,0
R09818,2025-03-01,Bronze,28,Cairo,3.8,0,0
R09819,2024-05-28,Silver,26,Cairo,5.0,0,1
R09820,2024-06-17,Bronze,30,Lagos,4.5,0,0
R09821,2023-11-09,Silver,48,Lagos,4.3,0,0
R09822,2024-08-18,Silver,29,Lagos,4.9,0,0
R09823,2023-08-31,Silver,42,Lagos,3.9,0,0
R09824,2023-06-10,Gold,40,Cairo,4.1,0,0
R09825,2024-04-17,Bronze,52,Nairobi,3.9,0,0
R09826,2025-04-03,Gold,37,Lagos,5.0,0,0
R09827,2024-11-29,Bronze,45,Lagos,4.7,0,1
R09828,2025-03-21,Bronze,18,Nairobi,4.7,0,0
R09829,2023-09-19,Gold,36,Cairo,4.2,0,0
R09830,2024-06-13,Bronze,37,Nairobi,3.6,0,0
R09831,2024-07-24,Silver,38,Lagos,4.0,0,0
R09832,2023-10-30,Gold,36,Lagos,4.7,0,0
R09833,2024-10-04,Silver,30,Lagos,4.1,0,0
R09834,2025-04-07,Bronze,43,Nairobi,5.0,0,0
R09835,2023-10-15,Bronze,48,Nairobi,5.0,1,0
R09836,2024-12-24,Bronze,33,Nairobi,4.9,1,0
R09837,2023-07-21,Bronze,40,Cairo,4.8,0,0
R09838,2024-07-31,Bronze,36,Nairobi,4.5,0,0
R09839,2023-10-07,Bronze,21,Nairobi,4.9,0,0
R09840,2023-06-02,Silver,30,Lagos,4.0,0,0
R09841,2025-01-13,Bronze,38,Lagos,4.4,0,0
R09842,2024-11-17,Platinum,24,Cairo,4.6,0,1
R09843,2024-02-13,Bronze,34,Lagos,4.4,0,1
R09844,2025-02-04,Silver,43,Nairobi,4.3,0,1
R09845,2024-11-24,Bronze,36,Nairobi,4.5,0,0
R09846,2023-12-04,Gold,44,Cairo,4.6,0,0
R09847,2024-02-20,Bronze,43,Lagos,4.3,0,0
R09848,2023-11-24,Silver,50,Lagos,4.3,1,0
R09849,2025-01-02,Bronze,45,Nairobi,4.5,0,0
R09850,2024-04-25,Silver,29,Nairobi,3.7,0,0
R09851,2023-05-10,Silver,33,Lagos,5.0,0,0
R09852,2023-08-08,Bronze,43,Lagos,4.5,0,0
R09853,2024-03-24,Bronze,25,Lagos,4.6,0,1
R09854,2023-08-27,Bronze,30,Cairo,4.7,0,0
R09855,2024-03-21,Bronze,39,Lagos,4.3,0,0
R09856,2023-07-08,Gold,20,Lagos,4.3,0,0
R09857,2024-07-03,Silver,26,Cairo,3.6,1,0
R09858,2023-08-28,Bronze,40,Lagos,4.6,0,0
R09859,2025-03-26,Platinum,45,Cairo,4.3,0,0
R09860,2025-03-08,Silver,28,Cairo,5.0,0,0
R09861,2024-11-10,Gold,32,Lagos,4.6,0,0
R09862,2024-08-28,Bronze,54,Nairobi,3.6,0,0
R09863,2024-05-23,Bronze,33,Lagos,4.8,0,1
R09864,2025-03-25,Gold,24,Lagos,4.1,0,0
R09865,2023-09-30,Bronze,23,Cairo,4.6,0,0
R09866,2024-02-05,Bronze,24,Lagos,5.0,0,1
R09867,2023-12-17,Bronze,54,Nairobi,3.5,0,1
R09868,2024-10-04,Bronze,46,Lagos,5.0,0,0
R09869,2023-05-25,Gold,39,Lagos,4.4,0,0
R09870,2023-10-10,Bronze,38,Lagos,5.0,0,0
R09871,2024-09-02,Silver,32,Lagos,4.6,0,1
R09872,2023-12-21,Gold,25,Nairobi,4.4,0,0
R09873,2023-05-05,Silver,24,Nairobi,4.8,0,0
R09874,2024-01-03,Bronze,37,Cairo,4.3,0,0
R09875,2023-08-25,Gold,24,Lagos,4.1,0,0
R09876,2025-02-26,Silver,31,Cairo,3.8,0,1
R09877,2023-10-27,Gold,18,Cairo,4.5,0,0
R09878,2023-12-27,Bronze,56,Nairobi,4.9,0,0
R09879,2025-02-03,Silver,25,Nairobi,4.2,0,1
R09880,2025-01-25,Silver,46,Lagos,5.0,0,0
R09881,2025-03-24,Bronze,40,Lagos,4.7,0,0
R09882,2024-05-13,Silver,23,Cairo,4.5,0,1
R09883,2023-06-24,Bronze,37,Cairo,5.0,1,1
R09884,2023-11-27,Bronze,41,Lagos,4.6,1,0
R09885,2023-08-03,Bronze,28,Cairo,4.4,0,0
R09886,2024-05-12,Bronze,49,Cairo,3.2,0,0
R09887,2023-11-04,Bronze,25,Nairobi,4.6,0,1
R09888,2024-05-02,Bronze,34,Nairobi,4.6,0,0
R09889,2024-03-13,Silver,19,Nairobi,4.7,0,0
R09890,2024-03-10,Bronze,23,Lagos,4.6,0,0
R09891,2023-09-29,Bronze,54,Nairobi,5.0,0,1
R09892,2024-11-01,Silver,31,Cairo,4.4,0,0
R09893,2023-09-13,Silver,19,Lagos,4.7,0,1
R09894,2024-03-11,Bronze,39,Nairobi,5.0,0,0
R09895,2023-05-12,Bronze,18,Cairo,4.6,0,1
R09896,2023-06-27,Silver,42,Nairobi,3.4,0,1
R09897,2024-08-04,Bronze,22,Lagos,4.3,0,1
R09898,2024-08-13,Bronze,34,Lagos,4.4,0,0
R09899,2025-04-07,Gold,32,Lagos,4.1,0,0
R09900,2024-03-04,Bronze,34,Lagos,4.8,1,0
R09901,2024-09-24,Gold,40,Lagos,4.4,0,1
R09902,2023-08-19,Bronze,28,Lagos,4.8,0,0
R09903,2025-03-29,Bronze,40,Nairobi,3.9,0,0
R09904,2025-01-17,Silver,18,Cairo,4.2,0,0
R09905,2024-08-09,Gold,32,Nairobi,4.6,0,0
R09906,2023-09-10,Bronze,33,Lagos,4.7,0,0
R09907,2024-12-17,Platinum,18,Lagos,4.1,0,1
R09908,2024-01-07,Bronze,37,Lagos,4.0,1,1
R09909,2024-01-09,Gold,31,Nairobi,3.9,0,0
R09910,2024-05-22,Platinum,59,Lagos,4.5,0,1
R09911,2024-08-30,Silver,19,Lagos,3.7,0,0
R09912,2024-09-16,Gold,34,Nairobi,5.0,0,0
R09913,2024-07-26,Gold,29,Cairo,4.6,0,1
R09914,2025-03-30,Bronze,42,Cairo,3.8,0,0
R09915,2023-10-27,Bronze,27,Nairobi,4.0,0,1
R09916,2023-11-23,Silver,30,Cairo,4.6,1,0
R09917,2024-08-08,Bronze,28,Lagos,4.9,1,0
R09918,2023-05-04,Bronze,29,Cairo,4.8,0,0
R09919,2024-01-09,Silver,36,Lagos,4.6,0,1
R09920,2025-04-21,Gold,35,Cairo,5.0,0,0
R09921,2023-06-16,Platinum,42,Cairo,4.7,0,0
R09922,2024-02-16,Bronze,33,Nairobi,5.0,0,0
R09923,2023-12-05,Bronze,45,Nairobi,4.4,0,0
R09924,2024-12-17,Bronze,45,Lagos,3.8,0,0
R09925,2023-05-18,Silver,39,Cairo,4.4,0,0
R09926,2024-10-17,Bronze,46,Cairo,4.1,0,0
R09927,2023-06-01,Gold,35,Cairo,4.1,0,0
R09928,2024-08-19,Gold,25,Lagos,3.8,0,0
R09929,2024-11-02,Bronze,36,Nairobi,5.0,0,0
R09930,2024-02-16,Bronze,32,Nairobi,4.0,1,1
R09931,2024-04-18,Silver,32,Lagos,4.5,0,1
R09932,2023-06-04,Bronze,50,Nairobi,4.8,1,1
R09933,2023-08-10,Silver,30,Nairobi,3.6,0,0
R09934,2025-01-13,Silver,29,Lagos,5.0,0,0
R09935,2023-08-01,Bronze,26,Lagos,4.8,0,0
R09936,2024-12-01,Bronze,21,Nairobi,4.6,0,1
R09937,2025-03-23,Silver,18,Cairo,4.7,0,0
R09938,2024-06-08,Gold,34,Cairo,3.9,0,1
R09939,2024-01-15,Bronze,38,Cairo,5.0,0,0
R09940,2023-12-12,Bronze,35,Lagos,3.6,0,0
R09941,2024-01-03,Bronze,36,Nairobi,5.0,0,0
R09942,2025-01-15,Bronze,27,Nairobi,4.4,0,1
R09943,2025-03-03,Bronze,56,Nairobi,4.3,0,0
R09944,2023-07-26,Bronze,46,Cairo,5.0,0,1
R09945,2024-01-07,Bronze,47,Nairobi,4.9,0,0
R09946,2023-07-22,Silver,32,Nairobi,5.0,0,1
R09947,2023-09-20,Bronze,48,Cairo,3.8,0,0
R09948,2024-01-06,Silver,18,Lagos,4.9,0,0
R09949,2024-05-13,Bronze,29,Cairo,4.6,0,0
R09950,2025-04-20,Bronze,18,Nairobi,4.8,0,0
R09951,2025-01-25,Silver,40,Cairo,4.4,0,1
R09952,2024-02-06,Bronze,34,Cairo,4.1,1,0
R09953,2023-08-20,Bronze,34,Lagos,4.1,0,0
R09954,2023-07-29,Silver,49,Nairobi,5.0,0,0
R09955,2024-12-11,Bronze,34,Cairo,4.6,0,0
R09956,2024-01-02,Bronze,42,Nairobi,4.4,0,1
R09957,2024-06-08,Silver,33,Nairobi,4.8,0,0
R09958,2025-04-03,Bronze,41,Lagos,4.6,0,0
R09959,2023-07-21,Gold,25,Nairobi,4.8,0,0
R09960,2024-08-11,Bronze,33,Lagos,5.0,1,0
R09961,2023-08-04,Bronze,38,Cairo,5.0,0,0
R09962,2025-01-28,Silver,42,Cairo,4.1,0,0
R09963,2024-07-02,Bronze,35,Cairo,4.2,0,0
R09964,2024-07-31,Bronze,21,Cairo,5.0,0,1
R09965,2024-04-23,Silver,39,Cairo,5.0,1,0
R09966,2024-12-18,Bronze,37,Cairo,4.9,0,0
R09967,2023-05-02,Gold,52,Lagos,4.3,0,1
R09968,2025-01-13,Gold,26,Nairobi,4.7,0,0
R09969,2024-11-16,Bronze,55,Nairobi,4.4,0,1
R09970,2023-12-06,Bronze,29,Lagos,5.0,0,0
R09971,2025-04-15,Bronze,64,Cairo,3.8,0,0
R09972,2023-11-04,Bronze,22,Lagos,4.8,0,1
R09973,2023-06-21,Silver,44,Lagos,4.1,0,0
R09974,2024-06-13,Silver,43,Lagos,4.7,0,0
R09975,2025-01-15,Bronze,45,Cairo,4.2,0,0
R09976,2024-04-22,Bronze,32,Cairo,4.5,0,0
R09977,2024-04-20,Bronze,36,Lagos,4.6,0,0
R09978,2024-12-14,Bronze,23,Nairobi,4.1,1,0
R09979,2023-09-04,Bronze,18,Cairo,4.7,0,0
R09980,2023-09-03,Bronze,33,Nairobi,4.9,0,0
R09981,2023-08-03,Platinum,47,Cairo,5.0,0,1
R09982,2024-11-15,Bronze,30,Nairobi,3.9,0,0
R09983,2025-04-06,Silver,27,Cairo,4.7,0,1
R09984,2024-08-17,Silver,36,Nairobi,5.0,0,0
R09985,2025-02-24,Bronze,27,Nairobi,3.5,0,0
R09986,2024-01-11,Bronze,32,Lagos,5.0,0,0
R09987,2023-11-08,Bronze,51,Nairobi,4.7,1,1
R09988,2023-10-14,Silver,18,Nairobi,4.2,0,1
R09989,2023-08-17,Bronze,31,Lagos,4.8,0,1
R09990,2023-08-03,Platinum,32,Nairobi,4.9,0,1
R09991,2024-05-03,Silver,26,Cairo,3.9,0,0
R09992,2023-10-21,Bronze,53,Cairo,4.7,0,0
R09993,2024-01-29,Silver,34,Nairobi,4.7,0,0
R09994,2024-05-31,Bronze,36,Lagos,5.0,0,0
R09995,2025-04-26,Silver,21,Lagos,4.4,0,0
R09996,2023-07-26,Silver,18,Cairo,4.1,0,0
R09997,2025-04-18,Bronze,34,Lagos,4.7,0,1
R09998,2024-01-10,Bronze,52,Cairo,3.8,0,1
R09999,2025-03-29,Gold,36,Nairobi,3.9,0,0
